source_row_id,record_id,source_ordinal,document_id,pdf_sha256,pdf_relative_path,page_number,data_row_on_page,bbox_x0,bbox_top,bbox_x1,bbox_bottom
pdf_54:p2:r11,rec_d3545a542d80b34c49475189aa5c74b0c4092b2801cec906cd3356d88107bf1a,1,pdf_54,884b1d2d94fff12fa64928c8a22df877265f50fbc00dfcb61f5a4636dd1c14c8,data/raw/pdfs/54_เพชรบูรณ์.pdf,2,11,25.84252,172.34256,1088.8346404878048,185.64255999999995
pdf_67:p3:r5,rec_f55bc2bc8177232bbf7da38a0426e87751fe52a43a9471237eeecb6ed2a75587,2,pdf_67,b66fc9f9229750b7a04c0e5c07c072d77eb0800ed604da819fb28b6c4a75a636,data/raw/pdfs/67_สุราษฎร์ธานี.pdf,3,5,25.84252,92.54255999999998,1088.8346404878048,105.84256
pdf_59:p3:r1,rec_d26bceb35b0492be513491d9eed82b27e4d89641da9c0a606facceaf550974f5,3,pdf_59,0c5827ab1fffa2ec0689a95405ee8640473ea428f18b199f44d2f71d4f366ad8,data/raw/pdfs/59_สมุทรสาคร.pdf,3,1,25.84252,39.34259999999995,1088.8346109999998,52.642600000000016
pdf_04:p5:r5,rec_3f65b51c01c32e856d4da909f4ff12475b5048b669da994d095ad124bfa4889a,4,pdf_04,83861a2a02db33dda27703227bb90cd50ba1b9144123e42912f926c1d1043c39,data/raw/pdfs/04_ปทุมธานี.pdf,5,5,25.84252,92.5426,1088.8346388571426,105.84259999999998
pdf_58:p2:r36,rec_cde3d96a8838b732325d5b7a716228df7fd66a2b80700fa8a858c9f5ba7e0216,5,pdf_58,8ff0dc3c9fe92f1cc2721c37fe35cfcc653ad17ca531672dc94686e7776d35a5,data/raw/pdfs/58_นครปฐม.pdf,2,36,25.84252,504.84255999999993,1088.8346404878048,518.14256
pdf_23:p1:r16,rec_85b652e3fd3598778b5ea87a2bdbaccfceeca72cd0d11949ac274e27d2602917,6,pdf_23,771338278a591f8b5dfd252a64922234ef0d7071b6e6cd32beb2341668023e47,data/raw/pdfs/23_อุบลราชธานี.pdf,1,16,25.84252,283.84649,1088.8346429729727,297.14649
pdf_03:p1:r6,rec_c94221b9a5815b62eaeb2939e878be8d8d3321c888a01da3f418dc95f81ebf02,7,pdf_03,7dd9e7f51732791c63183067d85d18d20f856edf0c2dff89dbda84d866df2d62,data/raw/pdfs/03_นนทบุรี.pdf,1,6,25.84252,142.34649000000002,1088.8346429729727,155.64648999999997
pdf_67:p6:r7,rec_bc17ce1fd3f6cdcbaaaf7e54dd42970a141a6663cb9ccb7dcfc8e01301c9228f,8,pdf_67,b66fc9f9229750b7a04c0e5c07c072d77eb0800ed604da819fb28b6c4a75a636,data/raw/pdfs/67_สุราษฎร์ธานี.pdf,6,7,25.84252,119.14255999999996,1088.8346404878048,132.44255999999996
pdf_04:p3:r20,rec_81e96ebba43dbde3acb25e6e0ba9e89d54c1a8cf8eedd9e3e5ddc8846840d297,9,pdf_04,83861a2a02db33dda27703227bb90cd50ba1b9144123e42912f926c1d1043c39,data/raw/pdfs/04_ปทุมธานี.pdf,3,20,25.84252,292.04256,1088.8346404878048,305.34256
pdf_64:p2:r17,rec_25b01c0107729955a3c702cf8f827fcd47dfe27982e8a49355cd4f8f35d036e6,10,pdf_64,a4e4abc03757d1e14ce1bfb2e426567faeea8fce3152123821e712496872240e,data/raw/pdfs/64_กระบี่.pdf,2,17,25.84252,252.14255999999995,1088.8346404878048,265.44255999999996
pdf_35:p2:r4,rec_67affcd18d6b7f754e312d29c5c1811705b5d6c181ab295df287dec203212a7a,11,pdf_35,34e8cb69b8d0f03a2caba0ffc0eb6d4b5233159b13350c073968de56ab12b69f,data/raw/pdfs/35_สกลนคร.pdf,2,4,25.84252,79.24259999999998,1088.8346109999998,92.5426
pdf_02:p2:r37,rec_95f25b25d7c96896ffc989d0848c4dffe6bd720a9b96d2d90ca8550d16ad66dd,12,pdf_02,368a15805d33fb210ed50297795f7f50bf822054e05b59bf71bfa25bee0f3a3c,data/raw/pdfs/02_สมุทรปราการ.pdf,2,37,25.84252,518.14256,1088.8346404878048,531.44256
pdf_02:p1:r24,rec_c1025c98f08d5d3f1cd0007ee4c9ed7212a4ae6296f0a4f86a4d0a04d2a0fe67,13,pdf_02,368a15805d33fb210ed50297795f7f50bf822054e05b59bf71bfa25bee0f3a3c,data/raw/pdfs/02_สมุทรปราการ.pdf,1,24,25.84252,381.74649,1088.8346429729727,395.04649
pdf_15:p2:r35,rec_83d6b6bb3e691d9f27db7cfc0068fa176a30735a754fae0a5c8c0cf5028b9e6d,14,pdf_15,bf99cdf12418fcdc90b3c1c739fd4e7e09ca40818852ca43bcd1c3284b3cf084,data/raw/pdfs/15_ฉะเชิงเทรา.pdf,2,35,25.84252,491.54256,1088.8346404878048,504.84255999999993
pdf_63:p2:r3,rec_6e998956ecc875244b71ff594cf2d4c66f8da7138213f43682007f54cf716008,15,pdf_63,b04433cfbe561d1199180db3f5210359427f668e1f7b072f31972e2749ce63ae,data/raw/pdfs/63_นครศรีธรรมราช.pdf,2,3,25.84252,65.94259999999997,1088.834594285714,79.24259999999998
pdf_64:p1:r28,rec_393fe589321bd0dbaee0f7434d6bcba30660fbbf7108dfe0a003b86388791497,16,pdf_64,a4e4abc03757d1e14ce1bfb2e426567faeea8fce3152123821e712496872240e,data/raw/pdfs/64_กระบี่.pdf,1,28,25.84252,434.94649,1088.8346429729727,448.24649
pdf_64:p1:r15,rec_8dea79b66dea2bf0da5862abaac85b4569944d6c27c62bcb6273d22cc45c127f,17,pdf_64,a4e4abc03757d1e14ce1bfb2e426567faeea8fce3152123821e712496872240e,data/raw/pdfs/64_กระบี่.pdf,1,15,25.84252,262.04648999999995,1088.8346429729727,275.34649
pdf_23:p2:r27,rec_1328d35089cf8bdae1315707673e97f02bfa083c5c81c8165a79b7dc52966497,18,pdf_23,771338278a591f8b5dfd252a64922234ef0d7071b6e6cd32beb2341668023e47,data/raw/pdfs/23_อุบลราชธานี.pdf,2,27,25.84252,385.14256,1088.8346404878048,398.44255999999996
pdf_73:p2:r29,rec_1d4d0db53e790454a8c8e658d2ce411cfbccef97bd7c6126f2fa97573cc878ba,19,pdf_73,8a9a8b1fb9d81eb7f2d76afa1f886621ea38587fc4c60902bc317398649ff90e,data/raw/pdfs/73_พัทลุง.pdf,2,29,25.84252,411.74256,1088.8346404878048,425.04256
pdf_06:p1:r35,rec_e38b9c90bd45856e7b87a4a6aaa26205c3580d038a1a2d36ee497349ab98fa00,20,pdf_06,03acf167c8c7dcc3b7e6ccbd9afcaa05e3b5157df416e00c1b7e146d91880d3c,data/raw/pdfs/06_อ่างทอง.pdf,1,35,25.84252,528.04649,1088.8346429729727,541.3464899999999
pdf_40:p1:r8,rec_42491c71f7c6ed3e257a9a4cb4e283e846d3bfebcf5c3a3a03763a3a0faca1e0,21,pdf_40,89bea4e9a200e8f073d048a2ed2a881a1e01108b8c12f1e050317b845aac6b1d,data/raw/pdfs/40_ลำปาง.pdf,1,8,25.84252,168.94649000000004,1088.8346429729727,182.24649
pdf_63:p1:r26,rec_cd0139d93899b0b4c3cadc1f1772a3f5b16e7121fa9c4cd3448bbf9a80c44dff,22,pdf_63,b04433cfbe561d1199180db3f5210359427f668e1f7b072f31972e2749ce63ae,data/raw/pdfs/63_นครศรีธรรมราช.pdf,1,26,25.84252,408.34649,1088.8346429729727,421.64649
pdf_10:p2:r1,rec_63ea325fc00774131ec3eb1e9443519acd9e3af9c1ed53f62274013342f05e8b,23,pdf_10,5e0a433bc2cc307479a32d344bf5b0b4f006af0a3d0ccc1493fb587c885896c1,data/raw/pdfs/10_สระบุรี.pdf,2,1,25.84252,39.34256000000005,1088.8346404878048,52.64256
pdf_19:p4:r10,rec_e570a19cee4f221c71c820a44c7812593d8d947b430e9f16e9ed74fd21b4bad3,24,pdf_19,2fbc685c790d957bd597a9ae4cbc69a07dacbb20cab611015cf1ce2eecd5982c,data/raw/pdfs/19_นครราชสีมา.pdf,4,10,25.84252,159.04255999999998,1088.8346404878048,172.34256
pdf_58:p2:r19,rec_ee7a0e8c36dfc2a5feae4edde1e00b902b215a6cd6e9a3cbb393c4620b0800cc,25,pdf_58,8ff0dc3c9fe92f1cc2721c37fe35cfcc653ad17ca531672dc94686e7776d35a5,data/raw/pdfs/58_นครปฐม.pdf,2,19,25.84252,278.74255999999997,1088.8346404878048,292.04256
pdf_04:p2:r5,rec_e0dd77e24c2f2d62fa55c45cafdfeb5def681d6b737eb59f6bde5e712e2fa060,26,pdf_04,83861a2a02db33dda27703227bb90cd50ba1b9144123e42912f926c1d1043c39,data/raw/pdfs/04_ปทุมธานี.pdf,2,5,25.84252,92.54255999999998,1088.8346404878048,105.84256
pdf_02:p1:r2,rec_5f9cf8c4cad53d2099e4e450d02d29e557ae900d6a1633b8a28b18a69316c43e,27,pdf_02,368a15805d33fb210ed50297795f7f50bf822054e05b59bf71bfa25bee0f3a3c,data/raw/pdfs/02_สมุทรปราการ.pdf,1,2,25.84252,89.14648999999997,1088.8346429729727,102.44649000000004
pdf_07:p1:r4,rec_4d4b1c29f7eb7b1baa671d298244acee02d512321c01d30202eb4857b4801b7d,28,pdf_07,f00681093e03a60a87dbc3834edae199fd055d6366406e456741ffd059ff3b05,data/raw/pdfs/07_ลพบุรี.pdf,1,4,25.84252,115.74649,1088.8346429729727,129.04648999999995
pdf_19:p4:r5,rec_945f248cd9f40933d7fe6612ec8f37b69ac3f24bd5a3198a9e30068ad5930431,29,pdf_19,2fbc685c790d957bd597a9ae4cbc69a07dacbb20cab611015cf1ce2eecd5982c,data/raw/pdfs/19_นครราชสีมา.pdf,4,5,25.84252,92.54255999999998,1088.8346404878048,105.84256
pdf_10:p1:r21,rec_54495ba47f607d85434bf6e7f9c2ba2547756ea711a8f28ea881534c56e2820a,30,pdf_10,5e0a433bc2cc307479a32d344bf5b0b4f006af0a3d0ccc1493fb587c885896c1,data/raw/pdfs/10_สระบุรี.pdf,1,21,25.84252,341.84649,1088.8346429729727,355.14649
pdf_19:p2:r36,rec_d103ef0cc992a284f6adcba9ce6fcbe7e26be24380f0abfbd6771a5f3c073a4a,31,pdf_19,2fbc685c790d957bd597a9ae4cbc69a07dacbb20cab611015cf1ce2eecd5982c,data/raw/pdfs/19_นครราชสีมา.pdf,2,36,25.84252,504.84255999999993,1088.8346404878048,518.14256
pdf_17:p1:r6,rec_da4f841742f39b45053b114c23d34ad71d3b1bc30cd454c2585a491e14e2023e,32,pdf_17,69ee6e20b50a8b481e887173d13a132193b234c6f6442cad70c9aa3f04917b71,data/raw/pdfs/17_นครนายก.pdf,1,6,25.84252,142.3465,1088.8346355555555,155.6465
pdf_03:p1:r22,rec_54ec1f519bec985dcb043739fbd36ac415e873b92a927ee32d2e4596168c5b10,33,pdf_03,7dd9e7f51732791c63183067d85d18d20f856edf0c2dff89dbda84d866df2d62,data/raw/pdfs/03_นนทบุรี.pdf,1,22,25.84252,355.14649,1088.8346429729727,368.44649
pdf_59:p1:r17,rec_db79508ce26bd24cada25f83753402d3aeda17f2b81b8b5bfd8aa43a8a7e413b,34,pdf_59,0c5827ab1fffa2ec0689a95405ee8640473ea428f18b199f44d2f71d4f366ad8,data/raw/pdfs/59_สมุทรสาคร.pdf,1,17,25.84252,288.64649,1088.8346429729727,301.94649
pdf_55:p2:r1,rec_0396fb68fbeb15bec79f88786b6ed6470b5fe0fc1f320ac3f898c7dad0b84c7d,35,pdf_55,fe2373eb0d81516b45b09f5bb593a35bc32f505875cafd93f214ca6bc310c4d4,data/raw/pdfs/55_ราชบุรี.pdf,2,1,25.84252,39.34259999999995,1088.834622142857,52.642600000000016
pdf_39:p1:r9,rec_8155b3554c3f985a1cf8230b38e81d2e56e56234343073387cba4b2795cd4ba3,36,pdf_39,f8439630693dcb0a91ca91bc39687ac32878a128fb24ec09b75d075fce0bca64,data/raw/pdfs/39_ลำพูน.pdf,1,9,25.84252,182.24649999999997,1088.8346369999997,195.54649999999998
pdf_70:p2:r6,rec_f2d530f78cc10930fa6de64bdb5a43482b4c8230013d164082b9a0ceb2ec8738,37,pdf_70,dd0c8cec48b7f0994639864765a097630785c0e22135d674cb3057f22c0f80ab,data/raw/pdfs/70_สงขลา.pdf,2,6,25.84252,105.84259999999999,1088.8346391666664,119.14259999999999
pdf_19:p4:r28,rec_ea8217970c15ab55e205cad7286d7367464f2b8b23c0c29924330743a697bf94,38,pdf_19,2fbc685c790d957bd597a9ae4cbc69a07dacbb20cab611015cf1ce2eecd5982c,data/raw/pdfs/19_นครราชสีมา.pdf,4,28,25.84252,398.44255999999996,1088.8346404878048,411.74256
pdf_29:p2:r2,rec_4094eb4be77eea88115b37735d641dbec7066a712a392998d0f99f2eb3335cc2,39,pdf_29,a1a30635ac132e2e87cc5b8c3c2c6e737453ecabe176861ce1a21609a26f3a1a,data/raw/pdfs/29_อุดรธานี.pdf,2,2,25.84252,52.642600000000016,1088.8346365517239,65.94259999999997
pdf_19:p4:r29,rec_a2212cb8f7a93d9d0fdb9842b5503721dd4b874d7b0cb0ab5a2d0b6c9122a727,40,pdf_19,2fbc685c790d957bd597a9ae4cbc69a07dacbb20cab611015cf1ce2eecd5982c,data/raw/pdfs/19_นครราชสีมา.pdf,4,29,25.84252,411.74256,1088.8346404878048,425.04256
pdf_54:p1:r18,rec_f15c4042c6f8be2379d7184ddc07390ee9095c5c5aac62e9aefaa0fbe378fb11,41,pdf_54,884b1d2d94fff12fa64928c8a22df877265f50fbc00dfcb61f5a4636dd1c14c8,data/raw/pdfs/54_เพชรบูรณ์.pdf,1,18,25.84252,310.44649,1088.8346429729727,323.74649
pdf_53:p2:r22,rec_fd19f9f2babe1182f2e1b951307bb5100495b309696a7894f6ac03e185eda0c6,42,pdf_53,41aaaf3a91961ab9b2dee694f50d9a086d1ad80beffe1b54e81370016a11cb14,data/raw/pdfs/53_พิจิตร.pdf,2,22,25.84252,318.64259999999996,1088.834638181818,331.94259999999997
pdf_72:p2:r7,rec_abd31f414bf1da1eb7f6834fcb56654501aa4b3bc37ddca238cf108a2150fcc9,43,pdf_72,04f947c56ddf01a73b376cdbb3099e393f9141fff3fec2504b9e031114606073,data/raw/pdfs/72_ตรัง.pdf,2,7,25.84252,119.14256,1088.8346402499997,132.44255999999996
pdf_12:p1:r20,rec_d667c19abe529682314629edcddb6c608e87b175736b1709119d1b4e58cac4e3,44,pdf_12,a807bf56c3fc6df739b3c4e072038fd3824bd793ca3bbc711cf4169e5e81ff9c,data/raw/pdfs/12_ระยอง.pdf,1,20,25.84252,328.54649,1088.8346429729727,341.84649
pdf_67:p2:r14,rec_24eaab5078e635f2bd1a8dca4700e33fc9fd25c6390fb9c4e8dd2f655f3a847e,45,pdf_67,b66fc9f9229750b7a04c0e5c07c072d77eb0800ed604da819fb28b6c4a75a636,data/raw/pdfs/67_สุราษฎร์ธานี.pdf,2,14,25.84252,212.24255999999997,1088.8346404878048,225.54255999999995
pdf_11:p3:r3,rec_f0244ec0113a1fecde8a22fd97d515fa95e384325d0802e041b4c2feb2f9abfb,46,pdf_11,3638acfefe295becff8609b6ee16edeea0914e518d215754813661f1c0a3f79b,data/raw/pdfs/11_ชลบุรี.pdf,3,3,25.842519999999997,65.94259999999997,1088.8346175,79.24259999999998
pdf_74:p3:r13,rec_1372dd9aa499368da8541d143b5c687dae7af92d31b2ea76c93ae17220ecff2b,47,pdf_74,a740362f586a24f46fcc09fc1a1bc6391556e4c9bc432141903734f7833f39db,data/raw/pdfs/74_ปัตตานี.pdf,3,13,25.84252,198.9426,1088.834628333333,212.24259999999998
pdf_67:p6:r9,rec_483a892058b116771f88fd1416dabf1046a72428768c8448795c50c01c0e7292,48,pdf_67,b66fc9f9229750b7a04c0e5c07c072d77eb0800ed604da819fb28b6c4a75a636,data/raw/pdfs/67_สุราษฎร์ธานี.pdf,6,9,25.84252,145.74255999999997,1088.8346404878048,159.04255999999998
pdf_44:p1:r15,rec_c41238835b3c07aec8b5e421b88aa38791223b655ba41aaee02207435b4f90e4,49,pdf_44,0b6a87addaacef010594603f0dfdfb6eeb947a760e12360b52409636f432ab36,data/raw/pdfs/44_พะเยา.pdf,1,15,25.84252,262.0465,1088.8346369999997,275.3465
pdf_57:p3:r3,rec_6cdcc3b814b7ad1071952e26c78b98207fb21309804959c819dd66caa1f546da,50,pdf_57,9b6f57faac860a1339f68519b1b756d3ef34cc2ccd4962f5e15b78600e7c9112,data/raw/pdfs/57_สุพรรณบุรี.pdf,3,3,25.84252,65.94255999999996,1088.8346404878048,79.24255999999997
pdf_75:p1:r29,rec_f3f03238f48066db730d86a9011d07af69ad53b6a402794128eee5b46e7fe948,51,pdf_75,ffef7f4f9a7953e62785b17dc6cfa1d3fa15bda9cb7369abaaa41e24f24f5ae4,data/raw/pdfs/75_ยะลา.pdf,1,29,25.84252,448.24649,1088.834642352941,461.5464899999999
pdf_66:p3:r2,rec_2946e7c0383f6eacf0e55355239ecc4aa28cfa08c06e23224518ce0aa808390e,52,pdf_66,012255400d37e8c732ded7ebc3c018108c8f4aa391112b3f6d6515d21e797ab6,data/raw/pdfs/66_ภูเก็ต.pdf,3,2,25.84252,52.64256,1088.8346397368418,65.94255999999996
pdf_10:p2:r10,rec_ce3761fe0f489dd05edbcdbb8746ab1c9ab9df4cecd087e75fb96f058eb881d5,53,pdf_10,5e0a433bc2cc307479a32d344bf5b0b4f006af0a3d0ccc1493fb587c885896c1,data/raw/pdfs/10_สระบุรี.pdf,2,10,25.84252,159.04255999999998,1088.8346404878048,172.34256
pdf_56:p1:r1,rec_9b3ccbd6d205ccec08db7279f9c45c19081c12822589a99ef9bb67cc3424ba23,54,pdf_56,f0ce416ab9d3f527c2052960422068d0564c2b8833f2a75d05cab7aa8280b0d5,data/raw/pdfs/56_กาญจนบุรี.pdf,1,1,25.84252,75.84649000000002,1088.8346429729727,89.14648999999997
pdf_10:p1:r10,rec_1240ee182b70483bb190a5f05303a51a5bb840e78a734ecfe42594ed96802081,55,pdf_10,5e0a433bc2cc307479a32d344bf5b0b4f006af0a3d0ccc1493fb587c885896c1,data/raw/pdfs/10_สระบุรี.pdf,1,10,25.84252,195.54648999999995,1088.8346429729727,208.84649
pdf_63:p1:r12,rec_c9276ea4b12a2f841e4f4713f9713d5facbcdf821411c47661124a154e5027ee,56,pdf_63,b04433cfbe561d1199180db3f5210359427f668e1f7b072f31972e2749ce63ae,data/raw/pdfs/63_นครศรีธรรมราช.pdf,1,12,25.84252,222.14649,1088.8346429729727,235.44649000000004
pdf_64:p2:r31,rec_6fd8e6d13cde7fa5312412be966932b3437b72d452800e8f733c1878a82a5e9e,57,pdf_64,a4e4abc03757d1e14ce1bfb2e426567faeea8fce3152123821e712496872240e,data/raw/pdfs/64_กระบี่.pdf,2,31,25.84252,438.34255999999993,1088.8346404878048,451.64256000000006
pdf_28:p2:r7,rec_9fc5c9d980d6217b4f636dc09b233a9213183066939df67736d8ff17d7ff0817,58,pdf_28,38e1a8d128ab928dd0bef117c9dbaa8191aea027adc2dae9137f68937f31d040,data/raw/pdfs/28_ขอนแก่น.pdf,2,7,25.84252,119.14260000000002,1088.8346199999999,132.4426
pdf_49:p1:r22,rec_8290a146f8c9abda73072430a7bbb80c4a9715533444478a20791bea76f8f762,59,pdf_49,6ada8eb27a34993420ed8c6db69aa4ae13ff4283abdb43b9d76a05d6794f6a27,data/raw/pdfs/49_กำแพงเพชร.pdf,1,22,25.84252,355.14649,1088.8346429729727,368.44649
pdf_64:p2:r10,rec_e9d2fd316daf8cebea7c7bad4d608eb4aefd1318c6ad6e596ec48bd900895cba,60,pdf_64,a4e4abc03757d1e14ce1bfb2e426567faeea8fce3152123821e712496872240e,data/raw/pdfs/64_กระบี่.pdf,2,10,25.84252,159.04255999999998,1088.8346404878048,172.34256
pdf_15:p2:r19,rec_2325bd424ccab511ed4e98b7ea6a30b8bdc5fb95c3ed38a4e3dd8a598edac979,61,pdf_15,bf99cdf12418fcdc90b3c1c739fd4e7e09ca40818852ca43bcd1c3284b3cf084,data/raw/pdfs/15_ฉะเชิงเทรา.pdf,2,19,25.84252,278.74255999999997,1088.8346404878048,292.04256
pdf_19:p3:r31,rec_8219b710192dbcbcadd6a6c0126424c888e77f589ce8c20bd11992fd01dad644,62,pdf_19,2fbc685c790d957bd597a9ae4cbc69a07dacbb20cab611015cf1ce2eecd5982c,data/raw/pdfs/19_นครราชสีมา.pdf,3,31,25.84252,438.34255999999993,1088.8346404878048,451.64256000000006
pdf_64:p2:r32,rec_7907aecb1aeedcd77206f7f94092a559e12792b3fc2029c1f9cecaaf256c163d,63,pdf_64,a4e4abc03757d1e14ce1bfb2e426567faeea8fce3152123821e712496872240e,data/raw/pdfs/64_กระบี่.pdf,2,32,25.84252,451.64256000000006,1088.8346404878048,464.94255999999996
pdf_05:p3:r23,rec_5ace57a78bb21cf0940d25da2e269ce9217b9e2d5d5d252332a0e87bb9f61bdc,64,pdf_05,ae1ba5ac5ef768c29045f4282a9047c71474a8d654003bfa51574874b3f415fc,data/raw/pdfs/05_พระนครศรีอยุธยา.pdf,3,23,25.84252,331.94259999999997,1088.8346388571426,345.2426
pdf_04:p3:r21,rec_7712936506ba3841199b1e4c701b2c07c6735b4363dc16b07d66b7cbf8e7995c,65,pdf_04,83861a2a02db33dda27703227bb90cd50ba1b9144123e42912f926c1d1043c39,data/raw/pdfs/04_ปทุมธานี.pdf,3,21,25.84252,305.34256,1088.8346404878048,318.64256
pdf_70:p2:r16,rec_36dda9c6b5b5e04a287403dc0a73f9471ee2c528d4dc4fbc72e876bdf54e4513,66,pdf_70,dd0c8cec48b7f0994639864765a097630785c0e22135d674cb3057f22c0f80ab,data/raw/pdfs/70_สงขลา.pdf,2,16,25.84252,238.84259999999995,1088.8346391666664,252.14260000000004
pdf_07:p1:r27,rec_4df104f00795013a53dd5d7cb4ca3c5e3183e6cf536ec1dfe9e2f1e90d8fc5a2,67,pdf_07,f00681093e03a60a87dbc3834edae199fd055d6366406e456741ffd059ff3b05,data/raw/pdfs/07_ลพบุรี.pdf,1,27,25.84252,421.64649,1088.8346429729727,434.94649
pdf_02:p2:r26,rec_f12b248ff28ed1db90289bf934e4b3ad398d2928e844189294a621816f58217e,68,pdf_02,368a15805d33fb210ed50297795f7f50bf822054e05b59bf71bfa25bee0f3a3c,data/raw/pdfs/02_สมุทรปราการ.pdf,2,26,25.84252,371.84256,1088.8346404878048,385.14256
pdf_11:p2:r21,rec_c24360332f2d8e323c220612e09e2efd9cf0cc009a6ddfeb83adf164f7710103,69,pdf_11,3638acfefe295becff8609b6ee16edeea0914e518d215754813661f1c0a3f79b,data/raw/pdfs/11_ชลบุรี.pdf,2,21,25.84252,305.34256,1088.8346404878048,318.64256
pdf_11:p2:r36,rec_054a620fb0934bf0fdfd55833238697cc8672dd88ba6b07085a3452504d9b5f9,70,pdf_11,3638acfefe295becff8609b6ee16edeea0914e518d215754813661f1c0a3f79b,data/raw/pdfs/11_ชลบุรี.pdf,2,36,25.84252,504.84255999999993,1088.8346404878048,518.14256
pdf_03:p1:r7,rec_22cd6a140bf1b960124499702216cd11d86d5ca934378a9c7452de411f73b93e,71,pdf_03,7dd9e7f51732791c63183067d85d18d20f856edf0c2dff89dbda84d866df2d62,data/raw/pdfs/03_นนทบุรี.pdf,1,7,25.84252,155.64648999999997,1088.8346429729727,168.94649000000004
pdf_40:p1:r23,rec_fa318631d6c1210cff107520cb1465150b4604c8b3b1e690787ba576ca483bc4,72,pdf_40,89bea4e9a200e8f073d048a2ed2a881a1e01108b8c12f1e050317b845aac6b1d,data/raw/pdfs/40_ลำปาง.pdf,1,23,25.84252,368.44649,1088.8346429729727,381.74649
pdf_19:p1:r11,rec_1513578f8436445a9be8146391e00f33817b0f989ee7be6b92a68cdbce689ec1,73,pdf_19,2fbc685c790d957bd597a9ae4cbc69a07dacbb20cab611015cf1ce2eecd5982c,data/raw/pdfs/19_นครราชสีมา.pdf,1,11,25.84252,217.34649,1088.8346429729727,230.64649
pdf_57:p2:r12,rec_cd3dcadb36d1657fcbc54300738b1ab2f717d2cdd04d3cbcbcd9eed0715e46b3,74,pdf_57,9b6f57faac860a1339f68519b1b756d3ef34cc2ccd4962f5e15b78600e7c9112,data/raw/pdfs/57_สุพรรณบุรี.pdf,2,12,25.84252,185.64255999999995,1088.8346404878048,198.94255999999996
pdf_68:p2:r11,rec_40bcad3b0a20faf07c1fe855e5c23bc7096b9197b5e0f96e03277d64296987de,75,pdf_68,3a242476c7c0c82cd6f78455b9ca30a8d8e875f3ae38090ae0fd5fb12805c593,data/raw/pdfs/68_ระนอง.pdf,2,11,25.84252,172.34256,1088.8346404878048,185.64255999999995
pdf_15:p1:r27,rec_ab6f27941bb678c9293a61a6f0962e3e392ce9f2d2f3a229435a4e6db733ed08,76,pdf_15,bf99cdf12418fcdc90b3c1c739fd4e7e09ca40818852ca43bcd1c3284b3cf084,data/raw/pdfs/15_ฉะเชิงเทรา.pdf,1,27,25.84252,421.64649,1088.8346429729727,434.94649
pdf_27:p1:r26,rec_4f0e28ae5c8c6b6cc139cd5552a876328bfee181b368caf4b9c06055eaf90cd6,77,pdf_27,bf545cbe9d19aa5a22880cf18f4484776d7d3e1348605d1451dfe7147ed85334,data/raw/pdfs/27_หนองบัวลำภู.pdf,1,26,25.84252,408.34649,1088.8346429729727,421.64649
pdf_19:p5:r2,rec_4a7d6e943bdb9fdd73f76397d39f246957c5ca90ad2fbb611f4e144d95d7734d,78,pdf_19,2fbc685c790d957bd597a9ae4cbc69a07dacbb20cab611015cf1ce2eecd5982c,data/raw/pdfs/19_นครราชสีมา.pdf,5,2,25.84252,52.642600000000016,1088.8346012499999,65.94259999999997
pdf_25:p1:r11,rec_41e5f1075c4f89bc6f8363040dce58bbd0e8b2a5e1587a384e2eda03714cf5e6,79,pdf_25,0155bd151db06d789a16df2bc6422d9237698f7f38d57991cc1ab60bcb86601c,data/raw/pdfs/25_ชัยภูมิ.pdf,1,11,25.84252,208.84649,1088.8346429729727,222.14649
pdf_52:p1:r30,rec_7025a42688110ebbaf1d6b3861d37bb197ca95cdade4d8a935e3ac4a6e0d9907,80,pdf_52,9cb0d6cf6dff8fc890e8435c67310ba7051a6c49c0a0cbb9b817f49c8ece0551,data/raw/pdfs/52_พิษณุโลก.pdf,1,30,25.84252,461.54649,1088.8346429729727,474.84649
pdf_67:p1:r20,rec_8eb7875f0a097324207df510860ecf7b7467571d2ca94ed08db9aef6f6b07692,81,pdf_67,b66fc9f9229750b7a04c0e5c07c072d77eb0800ed604da819fb28b6c4a75a636,data/raw/pdfs/67_สุราษฎร์ธานี.pdf,1,20,25.84252,328.54649,1088.8346429729727,341.84649
pdf_54:p1:r2,rec_b716d046016da06a376752921174a4fa016420ecabb3b900e5b09736ddeebed2,82,pdf_54,884b1d2d94fff12fa64928c8a22df877265f50fbc00dfcb61f5a4636dd1c14c8,data/raw/pdfs/54_เพชรบูรณ์.pdf,1,2,25.84252,97.64648999999997,1088.8346429729727,110.94649000000004
pdf_38:p2:r7,rec_e29205bf8164f2f70b2138e5a03d5219418c9982e672f45ec41424fb958d5efc,83,pdf_38,462a1c486a501887e4446ef7e812041c7d158ab4442235b85572d4a89fd7f492,data/raw/pdfs/38_เชียงใหม่.pdf,2,7,25.84252,119.14259999999994,1088.8346109999998,132.44259999999997
pdf_41:p1:r6,rec_8db1805eb8dfe5ee12fd88bcea1a54476ed7d5718f8ec8d7643455b106f4b2b2,84,pdf_41,30547a39de949400c4d126175dcaea5210ed959ebf29c2b6135b85e45a4643e4,data/raw/pdfs/41_อุตรดิตถ์.pdf,1,6,25.84252,142.3465,1088.834636315789,155.6465
pdf_36:p1:r3,rec_afd808f6dc1fdd5ea7d7ae90bd492f03bf323feefd08d3f22b59d77d2f155f59,85,pdf_36,e5624d419ac85611ac4b3fe0a27d6bfa73a7b474d5b0ee2a6b1a7b64f4783d70,data/raw/pdfs/36_นครพนม.pdf,1,3,25.84252,102.44649000000004,1088.8346429729727,115.74649
pdf_35:p1:r17,rec_8f738ded16ff76cfd9ca6c194d9dd81b267da498c7cca887b5a554414190cff5,86,pdf_35,34e8cb69b8d0f03a2caba0ffc0eb6d4b5233159b13350c073968de56ab12b69f,data/raw/pdfs/35_สกลนคร.pdf,1,17,25.84252,288.64649,1088.8346429729727,301.94649
pdf_67:p3:r1,rec_7b563542c9ca3c182a9678692d87adaea2c1c5d7410e721d1118bbca2f91cb52,87,pdf_67,b66fc9f9229750b7a04c0e5c07c072d77eb0800ed604da819fb28b6c4a75a636,data/raw/pdfs/67_สุราษฎร์ธานี.pdf,3,1,25.84252,39.34256000000005,1088.8346404878048,52.64256
pdf_69:p1:r22,rec_c772a1ad38aefb1464d6b4dc5a722023db8c784005a5a33755a806c8b1ea4804,88,pdf_69,769b283c00d83344280df884874571c2a99d89f78de64644b43bf9c6a108efa4,data/raw/pdfs/69_ชุมพร.pdf,1,22,25.84252,355.14649,1088.8346429729727,368.44649
pdf_03:p3:r2,rec_0b616d655fc337da10675fad8ad2a0304e6b271057fc7056eda815b07b59e0d9,89,pdf_03,7dd9e7f51732791c63183067d85d18d20f856edf0c2dff89dbda84d866df2d62,data/raw/pdfs/03_นนทบุรี.pdf,3,2,25.84252,52.64256,1088.8346404878048,65.94255999999996
pdf_59:p1:r34,rec_051b05c794bd0825e0245bb838b2eb95148cb42fbb8f2048e4a19eebd4d56c61,90,pdf_59,0c5827ab1fffa2ec0689a95405ee8640473ea428f18b199f44d2f71d4f366ad8,data/raw/pdfs/59_สมุทรสาคร.pdf,1,34,25.84252,514.74649,1088.8346429729727,528.04649
pdf_02:p1:r35,rec_546878307d15d24be7387287a7a9fd604d81bf3fe8f0c69841c26f7f4c65f811,91,pdf_02,368a15805d33fb210ed50297795f7f50bf822054e05b59bf71bfa25bee0f3a3c,data/raw/pdfs/02_สมุทรปราการ.pdf,1,35,25.84252,528.04649,1088.8346429729727,541.3464899999999
pdf_26:p1:r1,rec_7739775522afcc6565fe80309daaa3111d3d3830f3108a041e52808f2fa42e57,92,pdf_26,608054fcb545877f0b72292a81f585036ae60a0a5c03c450d70bb8db53ec4788,data/raw/pdfs/26_อำนาจเจริญ.pdf,1,1,25.84252,75.84649999999999,1088.834598,89.14649999999995
pdf_22:p1:r18,rec_2f0c65d85cffab405297cdfa0b50c7ae2ab469cbd48a5f06dc89f09b44eec6f6,93,pdf_22,2695490faf896b9d7501aa7f09b83fc02b29dc6d768bbbf3a99d9138839b7d3e,data/raw/pdfs/22_ศรีสะเกษ.pdf,1,18,25.84252,310.4465,1088.8346395999997,323.74649999999997
pdf_56:p1:r24,rec_5efb2e8b5b10a9b8c43d78c3ce6bbc2191b7c250274e63c05fb176d63d9e7bf1,94,pdf_56,f0ce416ab9d3f527c2052960422068d0564c2b8833f2a75d05cab7aa8280b0d5,data/raw/pdfs/56_กาญจนบุรี.pdf,1,24,25.84252,381.74649,1088.8346429729727,395.04649
pdf_03:p1:r23,rec_ce8cb4071f76079417da8facdf95c8209b83afe365302d47c5ca5750dad47e55,95,pdf_03,7dd9e7f51732791c63183067d85d18d20f856edf0c2dff89dbda84d866df2d62,data/raw/pdfs/03_นนทบุรี.pdf,1,23,25.84252,368.44649,1088.8346429729727,381.74649
pdf_45:p1:r4,rec_d5a9941abedcad3e918ee30c82c6753d54dd1d694818849a1520b85fa83ad414,96,pdf_45,29b1222a0b0979d29984a9dd61c0130edaa8b2dbaf6e6c7cd7a1c4c198e06186,data/raw/pdfs/45_เชียงราย.pdf,1,4,25.84252,115.74650000000001,1088.8346314285714,129.04650000000004
pdf_12:p1:r16,rec_00229cc010ea3dd2fd680a2e0cb123be689f1e1822a1d28004b4cc64c96abe32,97,pdf_12,a807bf56c3fc6df739b3c4e072038fd3824bd793ca3bbc711cf4169e5e81ff9c,data/raw/pdfs/12_ระยอง.pdf,1,16,25.84252,275.34649,1088.8346429729727,288.64649
pdf_03:p3:r3,rec_ae041e281da9c65b3423bcf1e8ba03a9a30d6c2952bf537d86b73b0482def6e4,98,pdf_03,7dd9e7f51732791c63183067d85d18d20f856edf0c2dff89dbda84d866df2d62,data/raw/pdfs/03_นนทบุรี.pdf,3,3,25.84252,65.94255999999996,1088.8346404878048,79.24255999999997
pdf_56:p2:r7,rec_c30aab8586b849eb6e56ded4c78cac977809cfd3c27b6c5703929938eaa33c68,99,pdf_56,f0ce416ab9d3f527c2052960422068d0564c2b8833f2a75d05cab7aa8280b0d5,data/raw/pdfs/56_กาญจนบุรี.pdf,2,7,25.84252,119.14256,1088.8346394594591,132.44256
pdf_41:p1:r4,rec_69e40a343f35781e6569e09857c2c34d545d5e72582b962b7fc4b3c0b599d209,100,pdf_41,30547a39de949400c4d126175dcaea5210ed959ebf29c2b6135b85e45a4643e4,data/raw/pdfs/41_อุตรดิตถ์.pdf,1,4,25.84252,115.74650000000001,1088.834636315789,129.04650000000004
pdf_19:p3:r13,rec_d56031d3066f9dd95bb84fbf99b8a8ba9baed7bdd3207e7b755cbef6af127fad,101,pdf_19,2fbc685c790d957bd597a9ae4cbc69a07dacbb20cab611015cf1ce2eecd5982c,data/raw/pdfs/19_นครราชสีมา.pdf,3,13,25.84252,198.94255999999996,1088.8346404878048,212.24255999999997
pdf_57:p2:r36,rec_caa3598695155674e6ea90ff5a97335e0e31dd169436e28ef374b1962c38df7b,102,pdf_57,9b6f57faac860a1339f68519b1b756d3ef34cc2ccd4962f5e15b78600e7c9112,data/raw/pdfs/57_สุพรรณบุรี.pdf,2,36,25.84252,504.84255999999993,1088.8346404878048,518.14256
pdf_04:p4:r5,rec_2950396591131786a86e6a7861e0145bd321f97904c79ec0b1c93a69faa2720e,103,pdf_04,83861a2a02db33dda27703227bb90cd50ba1b9144123e42912f926c1d1043c39,data/raw/pdfs/04_ปทุมธานี.pdf,4,5,25.84252,92.54255999999998,1088.8346404878048,105.84256
pdf_58:p2:r6,rec_e141def0aa63fd82caa41c29a351c6dd45f66876072693a0148ac76394e6bda7,104,pdf_58,8ff0dc3c9fe92f1cc2721c37fe35cfcc653ad17ca531672dc94686e7776d35a5,data/raw/pdfs/58_นครปฐม.pdf,2,6,25.84252,105.84256,1088.8346404878048,119.14255999999996
pdf_60:p1:r6,rec_4cb129dee1a4fc447b542eb0402df0203840df4c0febd3a93faea907a30c644f,105,pdf_60,83005eabe1d9070b5592477278ea610755bdcb54fea6e719fee81b3b098eaa28,data/raw/pdfs/60_สมุทรสงคราม.pdf,1,6,25.842520000000004,142.3465,1088.8346403703702,155.6465
pdf_68:p2:r17,rec_3a326f8fcacc6a8f3b5744f8abffa7b02ad96dd15140c90d537b810d6dec258d,106,pdf_68,3a242476c7c0c82cd6f78455b9ca30a8d8e875f3ae38090ae0fd5fb12805c593,data/raw/pdfs/68_ระนอง.pdf,2,17,25.84252,252.14255999999995,1088.8346404878048,265.44255999999996
pdf_03:p3:r4,rec_cf30073a681376c7899d4876a11a264dad2a11916165a46054603ef1f4b3b5a7,107,pdf_03,7dd9e7f51732791c63183067d85d18d20f856edf0c2dff89dbda84d866df2d62,data/raw/pdfs/03_นนทบุรี.pdf,3,4,25.84252,79.24255999999997,1088.8346404878048,92.54255999999998
pdf_19:p4:r17,rec_1e4ebe858ab58404a13d37e756ef2e50d853c4e377cb2f50cb97da3395c326fd,108,pdf_19,2fbc685c790d957bd597a9ae4cbc69a07dacbb20cab611015cf1ce2eecd5982c,data/raw/pdfs/19_นครราชสีมา.pdf,4,17,25.84252,252.14255999999995,1088.8346404878048,265.44255999999996
pdf_19:p1:r8,rec_ea93d4b162e61980648f3374af46ad2d5d59d0b1f95e18d7402420600ed4d93a,109,pdf_19,2fbc685c790d957bd597a9ae4cbc69a07dacbb20cab611015cf1ce2eecd5982c,data/raw/pdfs/19_นครราชสีมา.pdf,1,8,25.84252,177.44649000000004,1088.8346429729727,190.74649
pdf_32:p1:r16,rec_539a9f37c3956aea7941f40ab7a4b776236fcf288d4025325bf862bea038c05e,110,pdf_32,b00581f42f40b25ff4c6be7ad8e530fc1306844ad3bb673079384b891a4190e5,data/raw/pdfs/32_มหาสารคาม.pdf,1,16,25.84252,275.3465,1088.8346399999998,288.64649999999995
pdf_67:p5:r19,rec_06b028bb7ada971aa2858671f6bfaf50d8067ca00cec201b763eef9d7b3a685f,111,pdf_67,b66fc9f9229750b7a04c0e5c07c072d77eb0800ed604da819fb28b6c4a75a636,data/raw/pdfs/67_สุราษฎร์ธานี.pdf,5,19,25.84252,278.74255999999997,1088.8346404878048,292.04256
pdf_03:p2:r8,rec_7cf436c05f3251e44c72cc6fca6ec0fdd76af10cb6c39e8f2d652a8c759bbf99,112,pdf_03,7dd9e7f51732791c63183067d85d18d20f856edf0c2dff89dbda84d866df2d62,data/raw/pdfs/03_นนทบุรี.pdf,2,8,25.84252,132.44255999999996,1088.8346404878048,145.74255999999997
pdf_10:p1:r33,rec_e8db4f224af06329c30bee32947563148c6df3e44e80872da56059272337481e,113,pdf_10,5e0a433bc2cc307479a32d344bf5b0b4f006af0a3d0ccc1493fb587c885896c1,data/raw/pdfs/10_สระบุรี.pdf,1,33,25.84252,501.44649,1088.8346429729727,514.74649
pdf_21:p1:r1,rec_8ca7f7f5ec38a217d79c1b0f332bd8f50b8f8917192a6fd09273156878ab4491,114,pdf_21,30de42d8df83af320948c083353a9109256e5f6ce057c8d941902c86bbb645dd,data/raw/pdfs/21_สุรินทร์.pdf,1,1,25.84252,75.84649999999999,1088.8346369999997,89.14649999999995
pdf_22:p1:r22,rec_d062e8b64da2acc71730f200d36d1f592655dce13e42f2ff93ab220ec476efe5,115,pdf_22,2695490faf896b9d7501aa7f09b83fc02b29dc6d768bbbf3a99d9138839b7d3e,data/raw/pdfs/22_ศรีสะเกษ.pdf,1,22,25.84252,363.6465,1088.8346395999997,376.9465
pdf_15:p1:r30,rec_fa0d6296e288fd5af3c6468f3d40f7ff18a690917c85c3e53b0f3323ab2ef354,116,pdf_15,bf99cdf12418fcdc90b3c1c739fd4e7e09ca40818852ca43bcd1c3284b3cf084,data/raw/pdfs/15_ฉะเชิงเทรา.pdf,1,30,25.84252,461.54649,1088.8346429729727,474.84649
pdf_70:p2:r26,rec_1a49a88864c4142fd01bb9e439ecb9739f257a09eb410e37e85f645ccfc84fa3,117,pdf_70,dd0c8cec48b7f0994639864765a097630785c0e22135d674cb3057f22c0f80ab,data/raw/pdfs/70_สงขลา.pdf,2,26,25.84252,371.84259999999995,1088.8346391666664,385.14259999999996
pdf_19:p4:r9,rec_c023ebf70e956fd06e8b63cba699ec1c9bd6c3963d4cf9e8b25411c83a21def6,118,pdf_19,2fbc685c790d957bd597a9ae4cbc69a07dacbb20cab611015cf1ce2eecd5982c,data/raw/pdfs/19_นครราชสีมา.pdf,4,9,25.84252,145.74255999999997,1088.8346404878048,159.04255999999998
pdf_09:p1:r22,rec_ca88954c89d4d970303fc03e8768e253f8289fda819a1a9707064ba6d091d061,119,pdf_09,1912b318a38a3716d462ae8461062b50db721b56bb5dcac725c184bafd97be54,data/raw/pdfs/09_ชัยนาท.pdf,1,22,25.84252,355.1465,1088.8346395999997,368.4465
pdf_36:p1:r8,rec_ef0f7c39c6fc0a380bf2683ea085cc8a4b7fc3ed24004c3afa1fd710f105203e,120,pdf_36,e5624d419ac85611ac4b3fe0a27d6bfa73a7b474d5b0ee2a6b1a7b64f4783d70,data/raw/pdfs/36_นครพนม.pdf,1,8,25.84252,168.94649000000004,1088.8346429729727,182.24649
pdf_09:p1:r1,rec_db338091e0c0b2889cf3ff8116118e27370699d4289635728b555f658de509fe,121,pdf_09,1912b318a38a3716d462ae8461062b50db721b56bb5dcac725c184bafd97be54,data/raw/pdfs/09_ชัยนาท.pdf,1,1,25.84252,75.84649999999999,1088.8346395999997,89.14649999999999
pdf_40:p1:r9,rec_30c3528a1d3396f74c6ec3cc9a627e6dba632e3b8a1ecb80af666f969c00fec1,122,pdf_40,89bea4e9a200e8f073d048a2ed2a881a1e01108b8c12f1e050317b845aac6b1d,data/raw/pdfs/40_ลำปาง.pdf,1,9,25.84252,182.24649,1088.8346429729727,195.54648999999995
pdf_61:p1:r5,rec_a09d59963e600c05cb4e9497b67c690c71d1497db1030fd7ff82a09e6939db64,123,pdf_61,6dda18b7ffb9a73296045d0dd81965bec27f7cbccc7ef862c8bf458d206599e2,data/raw/pdfs/61_เพชรบุรี.pdf,1,5,25.84252,129.0465,1088.834638181818,142.3465
pdf_06:p1:r19,rec_5866215b1c2ca1de1e5655d450f78c80fbfce59d7b9901efe25e6a533dd52513,124,pdf_06,03acf167c8c7dcc3b7e6ccbd9afcaa05e3b5157df416e00c1b7e146d91880d3c,data/raw/pdfs/06_อ่างทอง.pdf,1,19,25.84252,315.24649,1088.8346429729727,328.54649
pdf_25:p1:r12,rec_9a5ea0de547ab11d3d3707b43bf28b3f5bbcf659ffc710da8bf9fa368738cff0,125,pdf_25,0155bd151db06d789a16df2bc6422d9237698f7f38d57991cc1ab60bcb86601c,data/raw/pdfs/25_ชัยภูมิ.pdf,1,12,25.84252,222.14649,1088.8346429729727,235.44649000000004
pdf_03:p1:r2,rec_9218e0b574eea8957f3dda95ead9868f915635158357deeb9435bf6c9ccae3a0,126,pdf_03,7dd9e7f51732791c63183067d85d18d20f856edf0c2dff89dbda84d866df2d62,data/raw/pdfs/03_นนทบุรี.pdf,1,2,25.84252,89.14648999999997,1088.8346429729727,102.44649000000004
pdf_57:p1:r5,rec_b36006b87f212a84396ef5f63bd5461427e89c6c4b22e3e14494be516d76cb9a,127,pdf_57,9b6f57faac860a1339f68519b1b756d3ef34cc2ccd4962f5e15b78600e7c9112,data/raw/pdfs/57_สุพรรณบุรี.pdf,1,5,25.84252,129.04648999999995,1088.8346429729727,142.34649000000002
pdf_66:p1:r31,rec_e4c77fba4fdfab78e435b93dd45ee810e9fa809480951ad07847bd374954c04e,128,pdf_66,012255400d37e8c732ded7ebc3c018108c8f4aa391112b3f6d6515d21e797ab6,data/raw/pdfs/66_ภูเก็ต.pdf,1,31,25.84252,474.84649,1088.8346429729727,488.14649
pdf_19:p2:r37,rec_1f6a729db0a772dc1f9323b573ca7e6fe30ee1c6269cf881f111294b3179e934,129,pdf_19,2fbc685c790d957bd597a9ae4cbc69a07dacbb20cab611015cf1ce2eecd5982c,data/raw/pdfs/19_นครราชสีมา.pdf,2,37,25.84252,518.14256,1088.8346404878048,531.44256
pdf_27:p1:r8,rec_e745e7baa014ebc9bd4cf6969dd01cf7309a971a7f33e01c736fd9653a91c213,130,pdf_27,bf545cbe9d19aa5a22880cf18f4484776d7d3e1348605d1451dfe7147ed85334,data/raw/pdfs/27_หนองบัวลำภู.pdf,1,8,25.84252,168.94649000000004,1088.8346429729727,182.24649
pdf_66:p1:r32,rec_58abba9c1d300555a8373f124c008178acfec600d3a9d538ba7372eeb8693f31,131,pdf_66,012255400d37e8c732ded7ebc3c018108c8f4aa391112b3f6d6515d21e797ab6,data/raw/pdfs/66_ภูเก็ต.pdf,1,32,25.84252,488.14649,1088.8346429729727,501.44649
pdf_18:p1:r8,rec_96dfd52b23230f8e6c39f51c601b6c004c1e7ad4c429a709d9d7ca4004d3fd6c,132,pdf_18,be2f47080dc7e95c466a639def50661998348f89a3d3495b6324e03e6ac06a59,data/raw/pdfs/18_สระแก้ว.pdf,1,8,25.84252,168.94648999999998,1088.834642121212,182.24649
pdf_67:p3:r6,rec_cc2f79c12d95cac59248928ae7a108f657877494af88ffa7c3115dd6c67de1f4,133,pdf_67,b66fc9f9229750b7a04c0e5c07c072d77eb0800ed604da819fb28b6c4a75a636,data/raw/pdfs/67_สุราษฎร์ธานี.pdf,3,6,25.84252,105.84256,1088.8346404878048,119.14255999999996
pdf_56:p2:r8,rec_baebd390bbbe5277c8716297fb2933c4c6f4072aea6c7278af087254abebb5d5,134,pdf_56,f0ce416ab9d3f527c2052960422068d0564c2b8833f2a75d05cab7aa8280b0d5,data/raw/pdfs/56_กาญจนบุรี.pdf,2,8,25.84252,132.44256,1088.8346394594591,145.74255999999997
pdf_12:p1:r26,rec_b753b7714204f0d7afdd42295561cae3236951101f561e0278fa379292f2d270,135,pdf_12,a807bf56c3fc6df739b3c4e072038fd3824bd793ca3bbc711cf4169e5e81ff9c,data/raw/pdfs/12_ระยอง.pdf,1,26,25.84252,408.34649,1088.8346429729727,421.64649
pdf_64:p3:r3,rec_e03a0fd20663aa6f28e7c7352f0a8baf93e7f8d78f57a08a3a681bb629f4ee0a,136,pdf_64,a4e4abc03757d1e14ce1bfb2e426567faeea8fce3152123821e712496872240e,data/raw/pdfs/64_กระบี่.pdf,3,3,25.84252,65.94255999999996,1088.8346404878048,79.24255999999997
pdf_07:p2:r38,rec_7f5d408eb2a26c213a51347410733b95167045c9a9f4bda660f8eb7bd8499df5,137,pdf_07,f00681093e03a60a87dbc3834edae199fd055d6366406e456741ffd059ff3b05,data/raw/pdfs/07_ลพบุรี.pdf,2,38,25.84252,531.44256,1088.8346404878048,544.74256
pdf_67:p4:r27,rec_1c98efc3df1920263bcc4c51c1e8ace2891c6c22bf813ba802fa0bdf6da8bb97,138,pdf_67,b66fc9f9229750b7a04c0e5c07c072d77eb0800ed604da819fb28b6c4a75a636,data/raw/pdfs/67_สุราษฎร์ธานี.pdf,4,27,25.84252,385.14256,1088.8346404878048,398.44255999999996
pdf_63:p1:r19,rec_0f043397ded0d5528f28a07f087d1d529c3d06463cfc8759d65f6dd658961282,139,pdf_63,b04433cfbe561d1199180db3f5210359427f668e1f7b072f31972e2749ce63ae,data/raw/pdfs/63_นครศรีธรรมราช.pdf,1,19,25.84252,315.24649,1088.8346429729727,328.54649
pdf_04:p5:r22,rec_9057a0dcd14e885ccf87c14b9e0426d5a6ef1908f06e23b7a5913c135ba357a6,140,pdf_04,83861a2a02db33dda27703227bb90cd50ba1b9144123e42912f926c1d1043c39,data/raw/pdfs/04_ปทุมธานี.pdf,5,22,25.84252,318.6426,1088.8346388571426,331.94259999999997
pdf_18:p1:r6,rec_56be29d4e1c3352e65a4a77dbd29cb767138ff39282ff0ccc662d1a5d09c6e27,141,pdf_18,be2f47080dc7e95c466a639def50661998348f89a3d3495b6324e03e6ac06a59,data/raw/pdfs/18_สระแก้ว.pdf,1,6,25.84252,142.34648999999996,1088.834642121212,155.64648999999997
pdf_19:p3:r10,rec_7f3794e5daa785475dfb671ce2091aab4e64cb38fdb55f89aec43496dd50f168,142,pdf_19,2fbc685c790d957bd597a9ae4cbc69a07dacbb20cab611015cf1ce2eecd5982c,data/raw/pdfs/19_นครราชสีมา.pdf,3,10,25.84252,159.04255999999998,1088.8346404878048,172.34256
pdf_39:p1:r7,rec_3376a46fec49e47f6654c211985cfa65804813b36fbb537a6f76bc69e099813c,143,pdf_39,f8439630693dcb0a91ca91bc39687ac32878a128fb24ec09b75d075fce0bca64,data/raw/pdfs/39_ลำพูน.pdf,1,7,25.84252,155.64649999999995,1088.8346369999997,168.94649999999996
pdf_76:p1:r30,rec_56aebd7205653ac9d44bb9a16b0df562d460921bffc30e910ce9656330a44abf,144,pdf_76,474bb90a38c020bbc86d90180af2b062867ed6a1db6999d709acff810fd5d84d,data/raw/pdfs/76_นราธิวาส.pdf,1,30,25.84252,461.54649,1088.8346429729727,474.84649
pdf_06:p1:r3,rec_28b80ac85850983d7d70e4dcc4fb82adcca336569175bd5850f5ff8a57d30992,145,pdf_06,03acf167c8c7dcc3b7e6ccbd9afcaa05e3b5157df416e00c1b7e146d91880d3c,data/raw/pdfs/06_อ่างทอง.pdf,1,3,25.84252,102.44649000000004,1088.8346429729727,115.74649
pdf_19:p2:r15,rec_34b118307239b74fedd08d2d7c6ead3c1acca6106a4a1575e9c77be6be0b26c8,146,pdf_19,2fbc685c790d957bd597a9ae4cbc69a07dacbb20cab611015cf1ce2eecd5982c,data/raw/pdfs/19_นครราชสีมา.pdf,2,15,25.84252,225.54255999999995,1088.8346404878048,238.84256
pdf_72:p1:r9,rec_01445e6ac41a4b77d5ba5ffb230601e3a8cb6892a35c6d663ef813fed59d36ed,147,pdf_72,04f947c56ddf01a73b376cdbb3099e393f9141fff3fec2504b9e031114606073,data/raw/pdfs/72_ตรัง.pdf,1,9,25.84252,182.24649,1088.8346429729727,195.54648999999995
pdf_74:p2:r29,rec_6148aa68fc7fbaf5e15f6a25c8aae45ca8c4ea7072a96332bed1748e168d3469,148,pdf_74,a740362f586a24f46fcc09fc1a1bc6391556e4c9bc432141903734f7833f39db,data/raw/pdfs/74_ปัตตานี.pdf,2,29,25.84252,411.74256,1088.8346404878048,425.04256
pdf_28:p1:r10,rec_a2b29e393e368ff33dfc3dadc2a1177f48d3e3fb0ac9ddc4312841ec0f6d8d02,149,pdf_28,38e1a8d128ab928dd0bef117c9dbaa8191aea027adc2dae9137f68937f31d040,data/raw/pdfs/28_ขอนแก่น.pdf,1,10,25.84252,195.54648999999995,1088.8346429729727,208.84649
pdf_68:p1:r4,rec_89314247e71b00b39c396c840f686c3e160980c4432d5b790313f89b6c374e11,150,pdf_68,3a242476c7c0c82cd6f78455b9ca30a8d8e875f3ae38090ae0fd5fb12805c593,data/raw/pdfs/68_ระนอง.pdf,1,4,25.84252,115.74649,1088.8346429729727,129.04648999999995
pdf_25:p1:r28,rec_94987878924d2608e745dbb5f44ff836b8e622618e77ffe4367d089b3dcb059d,151,pdf_25,0155bd151db06d789a16df2bc6422d9237698f7f38d57991cc1ab60bcb86601c,data/raw/pdfs/25_ชัยภูมิ.pdf,1,28,25.84252,434.94649,1088.8346429729727,448.24649
pdf_73:p2:r30,rec_009db9ea422a8c78649fe746caccff45f251a5b427bfb7e026b898f64c885752,152,pdf_73,8a9a8b1fb9d81eb7f2d76afa1f886621ea38587fc4c60902bc317398649ff90e,data/raw/pdfs/73_พัทลุง.pdf,2,30,25.84252,425.04256,1088.8346404878048,438.34255999999993
pdf_72:p2:r5,rec_047510350975746ca33351d8560d0f05d41c511becd331ccc67fcbc321350068,153,pdf_72,04f947c56ddf01a73b376cdbb3099e393f9141fff3fec2504b9e031114606073,data/raw/pdfs/72_ตรัง.pdf,2,5,25.84252,92.54255999999998,1088.8346402499997,105.84255999999998
pdf_53:p1:r10,rec_3f3e363797043fe144b3d70d28903dfbb761041d77ca290195f79ec8b992148f,154,pdf_53,41aaaf3a91961ab9b2dee694f50d9a086d1ad80beffe1b54e81370016a11cb14,data/raw/pdfs/53_พิจิตร.pdf,1,10,25.84252,204.04648999999995,1088.8346429729727,217.34649
pdf_55:p2:r11,rec_ade8cc8f7051fb4946c6980cfbb3a06d13cb199be5978d5550d187e1431a32d4,155,pdf_55,fe2373eb0d81516b45b09f5bb593a35bc32f505875cafd93f214ca6bc310c4d4,data/raw/pdfs/55_ราชบุรี.pdf,2,11,25.84252,172.3426,1088.834622142857,185.64260000000002
pdf_49:p1:r35,rec_d55c2e0a7fff0ec59bf499be87cf657cbff9d2ef4e105160fe4220d6cf3f66fc,156,pdf_49,6ada8eb27a34993420ed8c6db69aa4ae13ff4283abdb43b9d76a05d6794f6a27,data/raw/pdfs/49_กำแพงเพชร.pdf,1,35,25.84252,528.04649,1088.8346429729727,541.3464899999999
pdf_19:p3:r29,rec_c3a8275fba4be076c4b7a91575740743226441d1904f64aad81fdd63acbecd06,157,pdf_19,2fbc685c790d957bd597a9ae4cbc69a07dacbb20cab611015cf1ce2eecd5982c,data/raw/pdfs/19_นครราชสีมา.pdf,3,29,25.84252,411.74256,1088.8346404878048,425.04256
pdf_05:p1:r21,rec_7f53e3ce47a2b2095645633788f18f46ba4d956eb31eafc6683915a9221e0bb5,158,pdf_05,ae1ba5ac5ef768c29045f4282a9047c71474a8d654003bfa51574874b3f415fc,data/raw/pdfs/05_พระนครศรีอยุธยา.pdf,1,21,25.84252,341.84649,1088.8346429729727,355.14649
pdf_06:p1:r5,rec_486df8cff9b369a55bf45389bd7613d2032267701e98aea0e9230328aff4ca42,159,pdf_06,03acf167c8c7dcc3b7e6ccbd9afcaa05e3b5157df416e00c1b7e146d91880d3c,data/raw/pdfs/06_อ่างทอง.pdf,1,5,25.84252,129.04648999999995,1088.8346429729727,142.34649000000002
pdf_58:p2:r5,rec_dc95f3d041fdbded2af985f948c6b00e670060cb1f164642a65c2a233094861e,160,pdf_58,8ff0dc3c9fe92f1cc2721c37fe35cfcc653ad17ca531672dc94686e7776d35a5,data/raw/pdfs/58_นครปฐม.pdf,2,5,25.84252,92.54255999999998,1088.8346404878048,105.84256
pdf_67:p5:r20,rec_6ce5d98db09719276f1e7d77596c1bb729b079a8c49b2664c7d22eb6923e027c,161,pdf_67,b66fc9f9229750b7a04c0e5c07c072d77eb0800ed604da819fb28b6c4a75a636,data/raw/pdfs/67_สุราษฎร์ธานี.pdf,5,20,25.84252,292.04256,1088.8346404878048,305.34256
pdf_19:p3:r32,rec_39cd8bbdaa1ff77dc6850cba460baed7a9e5f34c5c20ac6fffffd1808f18635e,162,pdf_19,2fbc685c790d957bd597a9ae4cbc69a07dacbb20cab611015cf1ce2eecd5982c,data/raw/pdfs/19_นครราชสีมา.pdf,3,32,25.84252,451.64256000000006,1088.8346404878048,464.94255999999996
pdf_59:p1:r13,rec_dbdb165c54b68c381551eb7f9da0044bceb7ee0f357b0526afea7eb5a9a994c7,163,pdf_59,0c5827ab1fffa2ec0689a95405ee8640473ea428f18b199f44d2f71d4f366ad8,data/raw/pdfs/59_สมุทรสาคร.pdf,1,13,25.84252,235.44649000000004,1088.8346429729727,248.74649
pdf_52:p1:r26,rec_a12e033adb7703314ea929bb197f115f9ff113d814f88758c2d36e454089a2aa,164,pdf_52,9cb0d6cf6dff8fc890e8435c67310ba7051a6c49c0a0cbb9b817f49c8ece0551,data/raw/pdfs/52_พิษณุโลก.pdf,1,26,25.84252,408.34649,1088.8346429729727,421.64649
pdf_66:p3:r9,rec_aa696cb3ed25eedc8a3004251b3e62942a6fc8f392704a9befac0b0df623e0fa,165,pdf_66,012255400d37e8c732ded7ebc3c018108c8f4aa391112b3f6d6515d21e797ab6,data/raw/pdfs/66_ภูเก็ต.pdf,3,9,25.84252,145.74256,1088.8346397368418,159.04255999999998
pdf_23:p1:r17,rec_a3ded0569aecb3948f687b79cca703b425c3717c540affab2eab9091f1ef310d,166,pdf_23,771338278a591f8b5dfd252a64922234ef0d7071b6e6cd32beb2341668023e47,data/raw/pdfs/23_อุบลราชธานี.pdf,1,17,25.84252,297.14649,1088.8346429729727,310.44649
pdf_50:p1:r34,rec_e5315a4c2a1ea755939c0a7cc87dff8ad035e4f6379eb8f2d1158cc656afe584,167,pdf_50,8b7fe8a59c2c1fa488d7462868687d8f934217d7df929384117ef1e19dae37ab,data/raw/pdfs/50_ตาก.pdf,1,34,25.84252,514.74649,1088.8346429729727,528.04649
pdf_73:p2:r31,rec_0ebf09af6d6d64d196d5d302b48837faec7064a2b957f4f4970323d3c405cdc5,168,pdf_73,8a9a8b1fb9d81eb7f2d76afa1f886621ea38587fc4c60902bc317398649ff90e,data/raw/pdfs/73_พัทลุง.pdf,2,31,25.84252,438.34255999999993,1088.8346404878048,451.64256000000006
pdf_61:p1:r6,rec_ec57238201e557faec13bc68c1ca7d9b1e4bf12f1602f528862ae01bff3c9787,169,pdf_61,6dda18b7ffb9a73296045d0dd81965bec27f7cbccc7ef862c8bf458d206599e2,data/raw/pdfs/61_เพชรบุรี.pdf,1,6,25.84252,142.3465,1088.834638181818,155.6465
pdf_56:p1:r28,rec_e96db35ec30314da209bbb68bff3bbe565d5cad8ee983c7c646a9c1981f5a61c,170,pdf_56,f0ce416ab9d3f527c2052960422068d0564c2b8833f2a75d05cab7aa8280b0d5,data/raw/pdfs/56_กาญจนบุรี.pdf,1,28,25.84252,434.94649,1088.8346429729727,448.24649
pdf_68:p2:r28,rec_4c8dc6986fa728aa62c4f32eca46d8c299a93ecc81dfd5e3ed0d89308a7a3a6d,171,pdf_68,3a242476c7c0c82cd6f78455b9ca30a8d8e875f3ae38090ae0fd5fb12805c593,data/raw/pdfs/68_ระนอง.pdf,2,28,25.84252,398.44255999999996,1088.8346404878048,411.74256
pdf_15:p1:r24,rec_6573648dc5607e083282885110b07eb7638ffe5f42bb248a903f62d301f85f6e,172,pdf_15,bf99cdf12418fcdc90b3c1c739fd4e7e09ca40818852ca43bcd1c3284b3cf084,data/raw/pdfs/15_ฉะเชิงเทรา.pdf,1,24,25.84252,381.74649,1088.8346429729727,395.04649
pdf_14:p1:r6,rec_3fb061199ade9651519d962b2720499aab0c4284176c337d3b80a133faa056c8,173,pdf_14,393e31a1b8153f8cc465f3ec91d9f8ca361728a4cd33c0dfaa79d4d01d13c1e9,data/raw/pdfs/14_ตราด.pdf,1,6,25.84252,142.3465,1088.8346174999997,155.6465
pdf_70:p2:r3,rec_41cb213229e6b565ac616783e81e65d007740b9055193775e85b1ecd9df7b7d9,174,pdf_70,dd0c8cec48b7f0994639864765a097630785c0e22135d674cb3057f22c0f80ab,data/raw/pdfs/70_สงขลา.pdf,2,3,25.84252,65.94259999999997,1088.8346391666664,79.24259999999998
pdf_06:p1:r15,rec_367b6159fe817dda171a64ab5af4ce85b03ff0906d9de1d1d09d0bc431bd8fbd,175,pdf_06,03acf167c8c7dcc3b7e6ccbd9afcaa05e3b5157df416e00c1b7e146d91880d3c,data/raw/pdfs/06_อ่างทอง.pdf,1,15,25.84252,262.04648999999995,1088.8346429729727,275.34649
pdf_58:p2:r20,rec_0575a9d9962b373232e469aa2dd5f77281e634c46df398b1de5960a05a160d3e,176,pdf_58,8ff0dc3c9fe92f1cc2721c37fe35cfcc653ad17ca531672dc94686e7776d35a5,data/raw/pdfs/58_นครปฐม.pdf,2,20,25.84252,292.04256,1088.8346404878048,305.34256
pdf_72:p2:r10,rec_a8e1c5ba63b23a69ee260a21abd87e560b47e15376f588bcb350a3ec5a2db7be,177,pdf_72,04f947c56ddf01a73b376cdbb3099e393f9141fff3fec2504b9e031114606073,data/raw/pdfs/72_ตรัง.pdf,2,10,25.84252,159.04255999999998,1088.8346402499997,172.34256
pdf_19:p2:r2,rec_aebfe42e51173b3d12e5a18f2aeba6778b16bf1c39cb452e03d096b3a0d20072,178,pdf_19,2fbc685c790d957bd597a9ae4cbc69a07dacbb20cab611015cf1ce2eecd5982c,data/raw/pdfs/19_นครราชสีมา.pdf,2,2,25.84252,52.64256,1088.8346404878048,65.94255999999996
pdf_72:p2:r21,rec_806a4061dc1a3063c22a3cc684bf5b125431e7a606fadcc2ef198a3e2061c2c7,179,pdf_72,04f947c56ddf01a73b376cdbb3099e393f9141fff3fec2504b9e031114606073,data/raw/pdfs/72_ตรัง.pdf,2,21,25.84252,305.34256,1088.8346402499997,318.64256
pdf_19:p2:r21,rec_36e700aea5a7390df105e8913ca618461d387cd95c1c749a8fadafbaa9f3b54c,180,pdf_19,2fbc685c790d957bd597a9ae4cbc69a07dacbb20cab611015cf1ce2eecd5982c,data/raw/pdfs/19_นครราชสีมา.pdf,2,21,25.84252,305.34256,1088.8346404878048,318.64256
pdf_64:p2:r33,rec_e6d3ac00344a9edd1f4e370d06295a8c8be21418828ff128cab60dd7bd502ac0,181,pdf_64,a4e4abc03757d1e14ce1bfb2e426567faeea8fce3152123821e712496872240e,data/raw/pdfs/64_กระบี่.pdf,2,33,25.84252,464.94255999999996,1088.8346404878048,478.24256
pdf_73:p3:r11,rec_ab5a35a9b5512c06a6ae7397a0a9d5e238b41652a37e13ec9d4fb2e46eb86a0c,182,pdf_73,8a9a8b1fb9d81eb7f2d76afa1f886621ea38587fc4c60902bc317398649ff90e,data/raw/pdfs/73_พัทลุง.pdf,3,11,25.842519999999997,172.34259999999995,1088.8346314285711,185.6426
pdf_56:p1:r23,rec_4129685642023973eeeb764c2e6ffa60b9c0fe87bacfe48d6bfe21313ef33960,183,pdf_56,f0ce416ab9d3f527c2052960422068d0564c2b8833f2a75d05cab7aa8280b0d5,data/raw/pdfs/56_กาญจนบุรี.pdf,1,23,25.84252,368.44649,1088.8346429729727,381.74649
pdf_04:p2:r31,rec_e620f678e51a03813be5da99ac863c82abf208495c5e8f6f98044889067ae38f,184,pdf_04,83861a2a02db33dda27703227bb90cd50ba1b9144123e42912f926c1d1043c39,data/raw/pdfs/04_ปทุมธานี.pdf,2,31,25.84252,438.34255999999993,1088.8346404878048,451.64256000000006
pdf_04:p4:r10,rec_5167e53aa37bcce9cc2613790a62fb6ddf6d7f1bf0e728dbcfce9d0369b718ab,185,pdf_04,83861a2a02db33dda27703227bb90cd50ba1b9144123e42912f926c1d1043c39,data/raw/pdfs/04_ปทุมธานี.pdf,4,10,25.84252,159.04255999999998,1088.8346404878048,172.34256
pdf_24:p1:r6,rec_5f1e2068a4671ab6a1224fae423f3068da0d1786ddb8afd0d3bd7a49746b6487,186,pdf_24,11414a0eb9f2dd0d2b908d5f1a25e50bf241a96ac3fdabf71ba570e190f65dc5,data/raw/pdfs/24_ยโสธร.pdf,1,6,25.842519999999997,142.3465,1088.834628333333,155.6465
pdf_63:p1:r3,rec_e3218186de3e3f9e43e42679e05cc9b20b0bd9e94857a4e7acb4ee64c959719e,187,pdf_63,b04433cfbe561d1199180db3f5210359427f668e1f7b072f31972e2749ce63ae,data/raw/pdfs/63_นครศรีธรรมราช.pdf,1,3,25.84252,102.44649000000004,1088.8346429729727,115.74649
pdf_69:p1:r23,rec_bbbdbb94d8abe44a13bb375ce6b30bc6c4bfbb4578b91dff7c8464f744a82105,188,pdf_69,769b283c00d83344280df884874571c2a99d89f78de64644b43bf9c6a108efa4,data/raw/pdfs/69_ชุมพร.pdf,1,23,25.84252,368.44649,1088.8346429729727,381.74649
pdf_23:p2:r26,rec_00f438985f757d679266ddd8c05eac104c3141a028a9b8f2396965e606ef3974,189,pdf_23,771338278a591f8b5dfd252a64922234ef0d7071b6e6cd32beb2341668023e47,data/raw/pdfs/23_อุบลราชธานี.pdf,2,26,25.84252,371.84256,1088.8346404878048,385.14256
pdf_63:p1:r16,rec_a085bfc854807fa3758e90b62a866004817ce98670e5447a19c69b753e01d239,190,pdf_63,b04433cfbe561d1199180db3f5210359427f668e1f7b072f31972e2749ce63ae,data/raw/pdfs/63_นครศรีธรรมราช.pdf,1,16,25.84252,275.34649,1088.8346429729727,288.64649
pdf_16:p1:r21,rec_bca828ca1fd151c4c2a3bd48961cf45f7c6c20b96ab504b4d74c49d6a0c28bc7,191,pdf_16,7b893a3f02630b40240d0242410f662e3fe91d8d5ea2449991bba89e89a89ea4,data/raw/pdfs/16_ปราจีนบุรี.pdf,1,21,25.84252,341.84649,1088.8346429729727,355.14649
pdf_28:p1:r2,rec_2f230e8998f5bb3b6fb6ca7251711932fe624ca29a19a967c0a3f488fbd46c1d,192,pdf_28,38e1a8d128ab928dd0bef117c9dbaa8191aea027adc2dae9137f68937f31d040,data/raw/pdfs/28_ขอนแก่น.pdf,1,2,25.84252,89.14648999999997,1088.8346429729727,102.44649000000004
pdf_68:p3:r17,rec_a2eb8e65994d6f0a9de77330c3b6f2276be9b0377e384fa196256cbac19d4b6b,193,pdf_68,3a242476c7c0c82cd6f78455b9ca30a8d8e875f3ae38090ae0fd5fb12805c593,data/raw/pdfs/68_ระนอง.pdf,3,17,25.842519999999997,252.14260000000004,1088.8346337499997,265.4426
pdf_07:p2:r14,rec_c960a7b1cc89f74ef98cce51293a2969d67c457987e3c30a2c86f75832811377,194,pdf_07,f00681093e03a60a87dbc3834edae199fd055d6366406e456741ffd059ff3b05,data/raw/pdfs/07_ลพบุรี.pdf,2,14,25.84252,212.24255999999997,1088.8346404878048,225.54255999999995
pdf_67:p1:r21,rec_12dfc0981bae39094dbabde88ed4d57575e070ff81fde9f5953f914f0e3c0785,195,pdf_67,b66fc9f9229750b7a04c0e5c07c072d77eb0800ed604da819fb28b6c4a75a636,data/raw/pdfs/67_สุราษฎร์ธานี.pdf,1,21,25.84252,341.84649,1088.8346429729727,355.14649
pdf_15:p2:r26,rec_ba513a9bc3ce96f2a93e7f96f967baf474441be153ebd11dae1d48ca54ac46dc,196,pdf_15,bf99cdf12418fcdc90b3c1c739fd4e7e09ca40818852ca43bcd1c3284b3cf084,data/raw/pdfs/15_ฉะเชิงเทรา.pdf,2,26,25.84252,371.84256,1088.8346404878048,385.14256
pdf_29:p1:r29,rec_8ed1f2212b6445649a24264bdffbca2639f85c68a01fba373e39cc2e543b61c0,197,pdf_29,a1a30635ac132e2e87cc5b8c3c2c6e737453ecabe176861ce1a21609a26f3a1a,data/raw/pdfs/29_อุดรธานี.pdf,1,29,25.84252,448.24649,1088.8346429729727,461.54649
pdf_69:p1:r12,rec_dee32955bb82af00b592e519dc633485ad0fe892e9286a6e266c72380d49c6ae,198,pdf_69,769b283c00d83344280df884874571c2a99d89f78de64644b43bf9c6a108efa4,data/raw/pdfs/69_ชุมพร.pdf,1,12,25.84252,222.14649,1088.8346429729727,235.44649000000004
pdf_67:p2:r23,rec_aea7a1f06efa9761e03f95914ccd84d919a250ad63c564380f079104d7b0d104,199,pdf_67,b66fc9f9229750b7a04c0e5c07c072d77eb0800ed604da819fb28b6c4a75a636,data/raw/pdfs/67_สุราษฎร์ธานี.pdf,2,23,25.84252,331.94255999999996,1088.8346404878048,345.24256
pdf_11:p2:r7,rec_a74b379fd8ab6e7d7dbd39953fb4e34b262bbc0a0068da0c04b0a5defc99c303,200,pdf_11,3638acfefe295becff8609b6ee16edeea0914e518d215754813661f1c0a3f79b,data/raw/pdfs/11_ชลบุรี.pdf,2,7,25.84252,119.14255999999996,1088.8346404878048,132.44255999999996
pdf_50:p1:r30,rec_8272b59c48c8077370c28a08b20bda71690cdf57ac65d3e8c85a17a8e02ac625,201,pdf_50,8b7fe8a59c2c1fa488d7462868687d8f934217d7df929384117ef1e19dae37ab,data/raw/pdfs/50_ตาก.pdf,1,30,25.84252,461.54649,1088.8346429729727,474.84649
pdf_25:p1:r7,rec_31e17bccc051b16376e51bef3f6d7b20e7823e8826b7705a70eb5e1491e7dcc6,202,pdf_25,0155bd151db06d789a16df2bc6422d9237698f7f38d57991cc1ab60bcb86601c,data/raw/pdfs/25_ชัยภูมิ.pdf,1,7,25.84252,155.64648999999997,1088.8346429729727,168.94649000000004
pdf_16:p2:r14,rec_a6eda09b38532e951b36f46c09fee0021a16a563f7a1c241aac2b06ed12352f8,203,pdf_16,7b893a3f02630b40240d0242410f662e3fe91d8d5ea2449991bba89e89a89ea4,data/raw/pdfs/16_ปราจีนบุรี.pdf,2,14,25.84252,212.24259999999998,1088.8346365517239,225.5426
pdf_15:p2:r14,rec_48e84856e869f9a55cbe277016897d1bd6d1ce328dca3787980734ece8308b43,204,pdf_15,bf99cdf12418fcdc90b3c1c739fd4e7e09ca40818852ca43bcd1c3284b3cf084,data/raw/pdfs/15_ฉะเชิงเทรา.pdf,2,14,25.84252,212.24255999999997,1088.8346404878048,225.54255999999995
pdf_05:p1:r31,rec_6c375f8690fee8ff7f42f9f8d8794a0a75c075b17129d1f8bd71accd0416382b,205,pdf_05,ae1ba5ac5ef768c29045f4282a9047c71474a8d654003bfa51574874b3f415fc,data/raw/pdfs/05_พระนครศรีอยุธยา.pdf,1,31,25.84252,474.84649,1088.8346429729727,488.14649
pdf_06:p1:r28,rec_c0cb91d0d76d0064c6e278a2aac846cd0985a0b04e597aa48923693dca324eac,206,pdf_06,03acf167c8c7dcc3b7e6ccbd9afcaa05e3b5157df416e00c1b7e146d91880d3c,data/raw/pdfs/06_อ่างทอง.pdf,1,28,25.84252,434.94649,1088.8346429729727,448.24649
pdf_19:p3:r21,rec_69c2c36feabf4dc536aec7ee9fb11e38cbef81671e44459a17ba703dc2797d82,207,pdf_19,2fbc685c790d957bd597a9ae4cbc69a07dacbb20cab611015cf1ce2eecd5982c,data/raw/pdfs/19_นครราชสีมา.pdf,3,21,25.84252,305.34256,1088.8346404878048,318.64256
pdf_03:p3:r5,rec_875b224c1f45e8091884f236da18f9682a8d3558f7c551f7b3023c31284d0dbb,208,pdf_03,7dd9e7f51732791c63183067d85d18d20f856edf0c2dff89dbda84d866df2d62,data/raw/pdfs/03_นนทบุรี.pdf,3,5,25.84252,92.54255999999998,1088.8346404878048,105.84256
pdf_05:p2:r27,rec_3307b4e8429c7fe8b4ab51ba0c41371e46d26035031044763a95d1745ca26b77,209,pdf_05,ae1ba5ac5ef768c29045f4282a9047c71474a8d654003bfa51574874b3f415fc,data/raw/pdfs/05_พระนครศรีอยุธยา.pdf,2,27,25.84252,385.14256,1088.8346404878048,398.44255999999996
pdf_15:p1:r3,rec_5b431446810cbee6404ad77798ac755050cfaa8f8bf25fe209abdc799bc619f5,210,pdf_15,bf99cdf12418fcdc90b3c1c739fd4e7e09ca40818852ca43bcd1c3284b3cf084,data/raw/pdfs/15_ฉะเชิงเทรา.pdf,1,3,25.84252,102.44649000000004,1088.8346429729727,115.74649
pdf_23:p3:r29,rec_d7edafee9a058d749d16f3a7aaaf14e06a0151ff9a35fff312c9dc7cd7d85005,211,pdf_23,771338278a591f8b5dfd252a64922234ef0d7071b6e6cd32beb2341668023e47,data/raw/pdfs/23_อุบลราชธานี.pdf,3,29,25.84252,411.7425999999999,1088.8346388571426,425.04259999999994
pdf_56:p1:r5,rec_7acf97c07fae73a4ec18e2ec0379cff8da651e200e832634ca3997fd2e871a04,212,pdf_56,f0ce416ab9d3f527c2052960422068d0564c2b8833f2a75d05cab7aa8280b0d5,data/raw/pdfs/56_กาญจนบุรี.pdf,1,5,25.84252,129.04648999999995,1088.8346429729727,142.34649000000002
pdf_05:p2:r31,rec_962832df457cc145811cb191426aef4e8d23ce5269fdd8133304c5debd161aa3,213,pdf_05,ae1ba5ac5ef768c29045f4282a9047c71474a8d654003bfa51574874b3f415fc,data/raw/pdfs/05_พระนครศรีอยุธยา.pdf,2,31,25.84252,438.34255999999993,1088.8346404878048,451.64256000000006
pdf_35:p1:r1,rec_a17b1437506ba8739e446e4bd26f5182ee25b0b7ee2511ef61d9dbe5210f008b,214,pdf_35,34e8cb69b8d0f03a2caba0ffc0eb6d4b5233159b13350c073968de56ab12b69f,data/raw/pdfs/35_สกลนคร.pdf,1,1,25.84252,75.84649000000002,1088.8346429729727,89.14648999999997
pdf_31:p1:r21,rec_9fd8a5c0b2e8eb6c24b76d759fe2341ab2502e755d36afcc1e6dd06ce3a060b4,215,pdf_31,f1a10c3940792a9b882ab08acb2b2394c5009faa4f9334ce940cf44438cf5d54,data/raw/pdfs/31_หนองคาย.pdf,1,21,25.84252,341.84649,1088.834642352941,355.14649
pdf_11:p2:r30,rec_de566ee1d9c103ff53b10934a578b79ac399e5a31411199e756525e3b727dd88,216,pdf_11,3638acfefe295becff8609b6ee16edeea0914e518d215754813661f1c0a3f79b,data/raw/pdfs/11_ชลบุรี.pdf,2,30,25.84252,425.04256,1088.8346404878048,438.34255999999993
pdf_06:p1:r29,rec_571ed1a387e2ff3d40b823511313691482230e9bb6455ddaa55eb5a74635a0f6,217,pdf_06,03acf167c8c7dcc3b7e6ccbd9afcaa05e3b5157df416e00c1b7e146d91880d3c,data/raw/pdfs/06_อ่างทอง.pdf,1,29,25.84252,448.24649,1088.8346429729727,461.54649
pdf_16:p1:r22,rec_7d3058689c9eefd92a6517382a64106469e14fcf48efdc607ba34621d48012ca,218,pdf_16,7b893a3f02630b40240d0242410f662e3fe91d8d5ea2449991bba89e89a89ea4,data/raw/pdfs/16_ปราจีนบุรี.pdf,1,22,25.84252,355.14649,1088.8346429729727,368.44649
pdf_31:p1:r12,rec_3c297bcbefa615d539ad1a541afafabff9d4551c7d1903f548feb558c8963e27,219,pdf_31,f1a10c3940792a9b882ab08acb2b2394c5009faa4f9334ce940cf44438cf5d54,data/raw/pdfs/31_หนองคาย.pdf,1,12,25.84252,222.14649,1088.834642352941,235.44648999999998
pdf_57:p2:r31,rec_c41e819837bae4081ba7354f311b089cf03c044e57d42e6588f8da506d60eb59,220,pdf_57,9b6f57faac860a1339f68519b1b756d3ef34cc2ccd4962f5e15b78600e7c9112,data/raw/pdfs/57_สุพรรณบุรี.pdf,2,31,25.84252,438.34255999999993,1088.8346404878048,451.64256000000006
pdf_04:p2:r14,rec_74ccd249b5ade7d3811294f566b8f27c1524e931b19073cf28a7cca6ba1520fb,221,pdf_04,83861a2a02db33dda27703227bb90cd50ba1b9144123e42912f926c1d1043c39,data/raw/pdfs/04_ปทุมธานี.pdf,2,14,25.84252,212.24255999999997,1088.8346404878048,225.54255999999995
pdf_05:p2:r1,rec_37b13c8384950d38cb7c3a75fd4bdc00bea7fb969c423b86fa56a2271b9ba24b,222,pdf_05,ae1ba5ac5ef768c29045f4282a9047c71474a8d654003bfa51574874b3f415fc,data/raw/pdfs/05_พระนครศรีอยุธยา.pdf,2,1,25.84252,39.34256000000005,1088.8346404878048,52.64256
pdf_72:p1:r16,rec_092532c65f21bb5d592f6ff39a1b900ed153d377580b5b24814557888a873916,223,pdf_72,04f947c56ddf01a73b376cdbb3099e393f9141fff3fec2504b9e031114606073,data/raw/pdfs/72_ตรัง.pdf,1,16,25.84252,275.34649,1088.8346429729727,288.64649
pdf_15:p1:r29,rec_caee0d6b7d3dd485cbcb0e21ef7190317d2415d6300633839198f4e8ac39af3f,224,pdf_15,bf99cdf12418fcdc90b3c1c739fd4e7e09ca40818852ca43bcd1c3284b3cf084,data/raw/pdfs/15_ฉะเชิงเทรา.pdf,1,29,25.84252,448.24649,1088.8346429729727,461.54649
pdf_76:p1:r1,rec_55a5e231b740dc72838bb4cf781a8834f8ba1ebb1ab4816e175f36d14c2b294b,225,pdf_76,474bb90a38c020bbc86d90180af2b062867ed6a1db6999d709acff810fd5d84d,data/raw/pdfs/76_นราธิวาส.pdf,1,1,25.84252,75.84649000000002,1088.8346429729727,89.14648999999997
pdf_72:p2:r25,rec_bcff295cca1808d2fe74485ec044510837309d3bde6b3e8c6b037ed563c5975c,226,pdf_72,04f947c56ddf01a73b376cdbb3099e393f9141fff3fec2504b9e031114606073,data/raw/pdfs/72_ตรัง.pdf,2,25,25.84252,358.54256,1088.8346402499997,371.84256
pdf_04:p3:r22,rec_f3e1a3d6143656a6027150f710c14df8ca2a28929fca4dda162427852012dc5b,227,pdf_04,83861a2a02db33dda27703227bb90cd50ba1b9144123e42912f926c1d1043c39,data/raw/pdfs/04_ปทุมธานี.pdf,3,22,25.84252,318.64256,1088.8346404878048,331.94255999999996
pdf_57:p2:r20,rec_fc2c7396f7f81960514f9d7f2cceaf113e5398a91efa3b5b2cbfb556c03e7cb6,228,pdf_57,9b6f57faac860a1339f68519b1b756d3ef34cc2ccd4962f5e15b78600e7c9112,data/raw/pdfs/57_สุพรรณบุรี.pdf,2,20,25.84252,292.04256,1088.8346404878048,305.34256
pdf_45:p1:r6,rec_8c1a6ee89bd8b82c6b664cc83ac0df23ffeb8651cb133230507bea1a22c5422e,229,pdf_45,29b1222a0b0979d29984a9dd61c0130edaa8b2dbaf6e6c7cd7a1c4c198e06186,data/raw/pdfs/45_เชียงราย.pdf,1,6,25.84252,142.3465,1088.8346314285714,155.6465
pdf_53:p2:r24,rec_edd8f4ef41efd075ef9ddf9b8c6f77a27944383864e11d77701501f064420b7f,230,pdf_53,41aaaf3a91961ab9b2dee694f50d9a086d1ad80beffe1b54e81370016a11cb14,data/raw/pdfs/53_พิจิตร.pdf,2,24,25.84252,345.2426,1088.834638181818,358.5426
pdf_33:p1:r10,rec_04b460d15d0dd97bf98b19ffae70ce123147d3f60900dfb8caaf9710a8295f1d,231,pdf_33,803bc44f1213b58c511b011e1bd47fdf863f6e6f583f7263065cda30ef3d413a,data/raw/pdfs/33_ร้อยเอ็ด.pdf,1,10,25.84252,195.54650000000004,1088.8346314285714,208.84650000000002
pdf_58:p1:r15,rec_3dcb207b1c3f172890e6a8bd9f1e45ddf464777901a0576238fecdff609f2728,232,pdf_58,8ff0dc3c9fe92f1cc2721c37fe35cfcc653ad17ca531672dc94686e7776d35a5,data/raw/pdfs/58_นครปฐม.pdf,1,15,25.84252,262.04648999999995,1088.8346429729727,275.34649
pdf_10:p1:r15,rec_f222fba732591761dba0c98a0148b2c1383924fcf8e8b537562db000ee30d9a6,233,pdf_10,5e0a433bc2cc307479a32d344bf5b0b4f006af0a3d0ccc1493fb587c885896c1,data/raw/pdfs/10_สระบุรี.pdf,1,15,25.84252,262.04648999999995,1088.8346429729727,275.34649
pdf_66:p3:r10,rec_db0801566421abb80478643f02d80a73c30f4c8de729263ef683c514e1cd4a2a,234,pdf_66,012255400d37e8c732ded7ebc3c018108c8f4aa391112b3f6d6515d21e797ab6,data/raw/pdfs/66_ภูเก็ต.pdf,3,10,25.84252,159.04255999999998,1088.8346397368418,172.34256
pdf_23:p3:r30,rec_291858efee8392fab0bfa490a4f164f82f5b007737ef05e02feb67e2747b1906,235,pdf_23,771338278a591f8b5dfd252a64922234ef0d7071b6e6cd32beb2341668023e47,data/raw/pdfs/23_อุบลราชธานี.pdf,3,30,25.84252,425.04259999999994,1088.8346388571426,438.34259999999995
pdf_73:p1:r3,rec_a17e474c3bd903a823862975e1755098751ad7a8507294d92b5cbf6d027cf78c,236,pdf_73,8a9a8b1fb9d81eb7f2d76afa1f886621ea38587fc4c60902bc317398649ff90e,data/raw/pdfs/73_พัทลุง.pdf,1,3,25.84252,110.94649000000004,1088.8346429729727,124.24649
pdf_03:p1:r24,rec_58f1086d7553feb5895223a1de85099c866e038f003c0ee961c5b6997a88226e,237,pdf_03,7dd9e7f51732791c63183067d85d18d20f856edf0c2dff89dbda84d866df2d62,data/raw/pdfs/03_นนทบุรี.pdf,1,24,25.84252,381.74649,1088.8346429729727,395.04649
pdf_12:p1:r9,rec_952eab01ba0da7b14e9a625ee566cb6634171c60783ed8b72acc0b1881f7c8aa,238,pdf_12,a807bf56c3fc6df739b3c4e072038fd3824bd793ca3bbc711cf4169e5e81ff9c,data/raw/pdfs/12_ระยอง.pdf,1,9,25.84252,182.24649,1088.8346429729727,195.54648999999995
pdf_16:p1:r28,rec_68096098bedac3055d5bd7c069ca31c286aa84f4a192a0f6db0905637e7a2ad4,239,pdf_16,7b893a3f02630b40240d0242410f662e3fe91d8d5ea2449991bba89e89a89ea4,data/raw/pdfs/16_ปราจีนบุรี.pdf,1,28,25.84252,434.94649,1088.8346429729727,448.24649
pdf_09:p1:r20,rec_bc05e933aac08175fe1f6113f1fc579ec0da4f97c338655df3fa3da433c5e5c5,240,pdf_09,1912b318a38a3716d462ae8461062b50db721b56bb5dcac725c184bafd97be54,data/raw/pdfs/09_ชัยนาท.pdf,1,20,25.84252,328.5465,1088.8346395999997,341.8465
pdf_58:p1:r34,rec_2a11d3350e1b46902c7d28f965c0ec204a129b3e82255dce2894954e3b664248,241,pdf_58,8ff0dc3c9fe92f1cc2721c37fe35cfcc653ad17ca531672dc94686e7776d35a5,data/raw/pdfs/58_นครปฐม.pdf,1,34,25.84252,514.74649,1088.8346429729727,528.04649
pdf_02:p2:r38,rec_a3e115fc55d922a70f7b550619e80d3c9061ea44679846bc29ee9b86ce8a40c0,242,pdf_02,368a15805d33fb210ed50297795f7f50bf822054e05b59bf71bfa25bee0f3a3c,data/raw/pdfs/02_สมุทรปราการ.pdf,2,38,25.84252,531.44256,1088.8346404878048,544.74256
pdf_63:p1:r20,rec_b914ae0b9f40bef604a45e44d4aa701b2c2adb4e0e83f7a2eb034b1690ae485e,243,pdf_63,b04433cfbe561d1199180db3f5210359427f668e1f7b072f31972e2749ce63ae,data/raw/pdfs/63_นครศรีธรรมราช.pdf,1,20,25.84252,328.54649,1088.8346429729727,341.84649
pdf_03:p3:r6,rec_f03fcb2d03ca509b84261f2c18326821b05a42d916c6f318b41fe3856bbe28c3,244,pdf_03,7dd9e7f51732791c63183067d85d18d20f856edf0c2dff89dbda84d866df2d62,data/raw/pdfs/03_นนทบุรี.pdf,3,6,25.84252,105.84256,1088.8346404878048,119.14255999999996
pdf_77:p1:r1,rec_49b8d8855e8458970b63b81e5bdb8bd0aaecfa9ea434fdca7978f4a38d2fc510,245,pdf_77,c6a9a5450194adece004b460d492fc69a9aaf576ac9b79fe291a676e7bd6b4b3,data/raw/pdfs/77_บึงกาฬ.pdf,1,1,25.84252,75.84649999999999,1088.8346299999998,89.1465
pdf_70:p2:r19,rec_645516a0281c8848e4a290449fae457728860e6f3bdbd53b0008b60941a646b2,246,pdf_70,dd0c8cec48b7f0994639864765a097630785c0e22135d674cb3057f22c0f80ab,data/raw/pdfs/70_สงขลา.pdf,2,19,25.84252,278.7426,1088.8346391666664,292.0426
pdf_72:p1:r30,rec_f525dec1a3f4d76d1dd5f866729ad1dbeb989088b0952f13cb3506da8a293011,247,pdf_72,04f947c56ddf01a73b376cdbb3099e393f9141fff3fec2504b9e031114606073,data/raw/pdfs/72_ตรัง.pdf,1,30,25.84252,461.54649,1088.8346429729727,474.84649
pdf_53:p2:r6,rec_86cbe0961e5770926b5222cd237417bb93e6bb7dd053a49c6a6c48b5444fc94d,248,pdf_53,41aaaf3a91961ab9b2dee694f50d9a086d1ad80beffe1b54e81370016a11cb14,data/raw/pdfs/53_พิจิตร.pdf,2,6,25.84252,105.84259999999995,1088.834638181818,119.14260000000002
pdf_43:p1:r9,rec_f31e694cef0ce520864b13dfe92cc3ade2ab0ed1a0c8aea3318bd654e4683789,249,pdf_43,edb270fe62c998ddd1ab10ecfe3b80a9ebcafcd12ad7a426b34c631deae32c4f,data/raw/pdfs/43_น่าน.pdf,1,9,25.842519999999997,190.74649999999997,1088.834628333333,204.04649999999998
pdf_71:p1:r17,rec_1c8fdae979b62c45830bc5dc0da6d6dc7e752fbfcfaf147342671ff0e2b73306,250,pdf_71,639082545e4a719e41bac9fcbfd55a943a269cfdf276e85b2e44844d06d2a73a,data/raw/pdfs/71_สตูล.pdf,1,17,25.84252,288.6465,1088.8346395999997,301.9465
pdf_39:p1:r12,rec_296d7e3653cefacd4e5e4287440b70dcacf490c5c83328707679ab31f45d420d,251,pdf_39,f8439630693dcb0a91ca91bc39687ac32878a128fb24ec09b75d075fce0bca64,data/raw/pdfs/39_ลำพูน.pdf,1,12,25.84252,222.14649999999992,1088.8346369999997,235.44649999999996
pdf_04:p1:r1,rec_d45c6b54c2614ea3bc286d4fb37a8d46438fd5acb97f9e197b0d70b1b1d4a9a2,252,pdf_04,83861a2a02db33dda27703227bb90cd50ba1b9144123e42912f926c1d1043c39,data/raw/pdfs/04_ปทุมธานี.pdf,1,1,25.84252,75.84649000000002,1088.8346429729727,89.14648999999997
pdf_70:p1:r1,rec_eae58329d528ed1ed1ea17b725e871a3fcc5dda44ba71a4587de45e2762f1b2e,253,pdf_70,dd0c8cec48b7f0994639864765a097630785c0e22135d674cb3057f22c0f80ab,data/raw/pdfs/70_สงขลา.pdf,1,1,25.84252,75.84649000000002,1088.8346429729727,89.14648999999997
pdf_04:p3:r28,rec_1a712cd8983bb41735dea2d7debbb3800f215a66d61df3732aa6539117ef739d,254,pdf_04,83861a2a02db33dda27703227bb90cd50ba1b9144123e42912f926c1d1043c39,data/raw/pdfs/04_ปทุมธานี.pdf,3,28,25.84252,398.44255999999996,1088.8346404878048,411.74256
pdf_67:p5:r31,rec_6b08c1527f52c0daa5da5d62a67b269b86b720af9fa4f7fbac99fe85a5ecbdfa,255,pdf_67,b66fc9f9229750b7a04c0e5c07c072d77eb0800ed604da819fb28b6c4a75a636,data/raw/pdfs/67_สุราษฎร์ธานี.pdf,5,31,25.84252,438.34255999999993,1088.8346404878048,451.64256000000006
pdf_67:p3:r16,rec_7604b710cc138091a2bbee22e6341330c0f9c5ebae16b9b95c4312f991e65473,256,pdf_67,b66fc9f9229750b7a04c0e5c07c072d77eb0800ed604da819fb28b6c4a75a636,data/raw/pdfs/67_สุราษฎร์ธานี.pdf,3,16,25.84252,238.84256,1088.8346404878048,252.14255999999995
pdf_21:p1:r2,rec_01ca43e0a9da3d75559271a9d8a1e8dec631b96541bd1e95aa2ec7abf769fc6e,257,pdf_21,30de42d8df83af320948c083353a9109256e5f6ce057c8d941902c86bbb645dd,data/raw/pdfs/21_สุรินทร์.pdf,1,2,25.84252,89.14649999999995,1088.8346369999997,102.44649999999997
pdf_02:p2:r1,rec_72cd20c17fbd8657a3addb102d4d9d019f509635179550a4df61d0943064ed66,258,pdf_02,368a15805d33fb210ed50297795f7f50bf822054e05b59bf71bfa25bee0f3a3c,data/raw/pdfs/02_สมุทรปราการ.pdf,2,1,25.84252,39.34256000000005,1088.8346404878048,52.64256
pdf_68:p2:r29,rec_f9a1e89f244b33bf11b0cc665213c9f76b96d52acfecd2cea6ca10357f5557d5,259,pdf_68,3a242476c7c0c82cd6f78455b9ca30a8d8e875f3ae38090ae0fd5fb12805c593,data/raw/pdfs/68_ระนอง.pdf,2,29,25.84252,411.74256,1088.8346404878048,425.04256
pdf_03:p3:r7,rec_65b5e9c4f78285b175e054abd350364c33779e5f81538b148224fd71c32d243a,260,pdf_03,7dd9e7f51732791c63183067d85d18d20f856edf0c2dff89dbda84d866df2d62,data/raw/pdfs/03_นนทบุรี.pdf,3,7,25.84252,119.14255999999996,1088.8346404878048,132.44255999999996
pdf_12:p1:r3,rec_c79bfde882e15d26c286c746043645c5c2568ecb698e91cbfe6ea82c0d3f7bba,261,pdf_12,a807bf56c3fc6df739b3c4e072038fd3824bd793ca3bbc711cf4169e5e81ff9c,data/raw/pdfs/12_ระยอง.pdf,1,3,25.84252,102.44649000000004,1088.8346429729727,115.74649
pdf_27:p1:r33,rec_119fe314a2a23172253d72cb734a21a9e84d43e0b04ccc0d36840e4fbf34a500,262,pdf_27,bf545cbe9d19aa5a22880cf18f4484776d7d3e1348605d1451dfe7147ed85334,data/raw/pdfs/27_หนองบัวลำภู.pdf,1,33,25.84252,501.44649,1088.8346429729727,514.74649
pdf_23:p3:r23,rec_869bfb88a9f8779764f515279ef094f895c74ae2aed09ae779771ccd2cf27c18,263,pdf_23,771338278a591f8b5dfd252a64922234ef0d7071b6e6cd32beb2341668023e47,data/raw/pdfs/23_อุบลราชธานี.pdf,3,23,25.84252,331.94259999999997,1088.8346388571426,345.2426
pdf_29:p2:r10,rec_405e93e04ccd0260452c79a9b37eecb0c3100592faabda973606ebe61541b832,264,pdf_29,a1a30635ac132e2e87cc5b8c3c2c6e737453ecabe176861ce1a21609a26f3a1a,data/raw/pdfs/29_อุดรธานี.pdf,2,10,25.84252,159.0426,1088.8346365517239,172.34259999999998
pdf_74:p2:r30,rec_347d55d3a9082c0d7e97f9f21156c18e897c6ec629f5dde086d8a6c84c61c4ef,265,pdf_74,a740362f586a24f46fcc09fc1a1bc6391556e4c9bc432141903734f7833f39db,data/raw/pdfs/74_ปัตตานี.pdf,2,30,25.84252,425.04256,1088.8346404878048,438.34255999999993
pdf_02:p3:r15,rec_d996aa0f0c563ffa33aa6d8be18d08d7fbdf8348f9f7df28dc24bcd47ab23d7a,266,pdf_02,368a15805d33fb210ed50297795f7f50bf822054e05b59bf71bfa25bee0f3a3c,data/raw/pdfs/02_สมุทรปราการ.pdf,3,15,25.84252,225.5426,1088.8346343999997,238.8426
pdf_54:p1:r4,rec_0fe3d5748f78afc88b3c45ef536f375bd801c3a307c513d9438b89ca2d41dc61,267,pdf_54,884b1d2d94fff12fa64928c8a22df877265f50fbc00dfcb61f5a4636dd1c14c8,data/raw/pdfs/54_เพชรบูรณ์.pdf,1,4,25.84252,124.24649,1088.8346429729727,137.54648999999995
pdf_77:p1:r3,rec_ab5f779254b22282daa6c4bae2ffa9fee74d88db4c5ef1d00d5ae532b58df23f,268,pdf_77,c6a9a5450194adece004b460d492fc69a9aaf576ac9b79fe291a676e7bd6b4b3,data/raw/pdfs/77_บึงกาฬ.pdf,1,3,25.84252,102.44650000000001,1088.8346299999998,115.74649999999997
pdf_69:p2:r18,rec_ae8272ff226869ea72d69454b165769270d2eff3db09a2fd37183615bbba6264,269,pdf_69,769b283c00d83344280df884874571c2a99d89f78de64644b43bf9c6a108efa4,data/raw/pdfs/69_ชุมพร.pdf,2,18,25.84252,265.44255999999996,1088.8346404878048,278.74255999999997
pdf_56:p2:r16,rec_24474acb0ba3ab7ea3fd53997263839841941a1c93f679c838f211324ab4e3ea,270,pdf_56,f0ce416ab9d3f527c2052960422068d0564c2b8833f2a75d05cab7aa8280b0d5,data/raw/pdfs/56_กาญจนบุรี.pdf,2,16,25.84252,238.84256,1088.8346394594591,252.14256
pdf_31:p1:r8,rec_d544749ff0894fb2be61dee34020742bd6d3e1978aefc4eaa4d017010d7aebc1,271,pdf_31,f1a10c3940792a9b882ab08acb2b2394c5009faa4f9334ce940cf44438cf5d54,data/raw/pdfs/31_หนองคาย.pdf,1,8,25.84252,168.94648999999998,1088.834642352941,182.24649
pdf_05:p1:r5,rec_d7d4025d4be4470c6cb4f11e29e1c5322b940f496b91a2eddda7101380d69b11,272,pdf_05,ae1ba5ac5ef768c29045f4282a9047c71474a8d654003bfa51574874b3f415fc,data/raw/pdfs/05_พระนครศรีอยุธยา.pdf,1,5,25.84252,129.04648999999995,1088.8346429729727,142.34649000000002
pdf_12:p2:r20,rec_f577881319b2d78e15e81d531fd01ce058086dde66962cc16c50184e36214d68,273,pdf_12,a807bf56c3fc6df739b3c4e072038fd3824bd793ca3bbc711cf4169e5e81ff9c,data/raw/pdfs/12_ระยอง.pdf,2,20,25.842520000000004,292.0426,1088.8346355555555,305.3426
pdf_38:p1:r18,rec_2beb5e1f263ac4a994bd4e91e928a42f9d1f7b73bd06e15cdee92598f8df163c,274,pdf_38,462a1c486a501887e4446ef7e812041c7d158ab4442235b85572d4a89fd7f492,data/raw/pdfs/38_เชียงใหม่.pdf,1,18,25.84252,301.94649,1088.8346429729727,315.24649
pdf_55:p1:r8,rec_8a0e2efd1766f8297f73c3056b6c450b948acaf30e1d6b7fe6c84cdba192cd31,275,pdf_55,fe2373eb0d81516b45b09f5bb593a35bc32f505875cafd93f214ca6bc310c4d4,data/raw/pdfs/55_ราชบุรี.pdf,1,8,25.84252,168.94649000000004,1088.8346429729727,182.24649
pdf_68:p1:r23,rec_392f92ccced756ece5b38b9b482fb67e0d836776bc9d4df77c8c520cdabb85e7,276,pdf_68,3a242476c7c0c82cd6f78455b9ca30a8d8e875f3ae38090ae0fd5fb12805c593,data/raw/pdfs/68_ระนอง.pdf,1,23,25.84252,368.44649,1088.8346429729727,381.74649
pdf_32:p1:r17,rec_cbd9dfb59caeba16232683e75891a648aa38fb11e6ac38601d91e0960017c0c9,277,pdf_32,b00581f42f40b25ff4c6be7ad8e530fc1306844ad3bb673079384b891a4190e5,data/raw/pdfs/32_มหาสารคาม.pdf,1,17,25.84252,288.64649999999995,1088.8346399999998,301.9465
pdf_66:p3:r11,rec_bd1c0661e062cfc1c0780a10a3ee43b20b7069cc5446b6aa2d29cad884d335a6,278,pdf_66,012255400d37e8c732ded7ebc3c018108c8f4aa391112b3f6d6515d21e797ab6,data/raw/pdfs/66_ภูเก็ต.pdf,3,11,25.84252,172.34256,1088.8346397368418,185.64256
pdf_36:p1:r29,rec_ef4c729dfce69a479c61c64d733c7363905738aca2c1994cebf8a21730d201fc,279,pdf_36,e5624d419ac85611ac4b3fe0a27d6bfa73a7b474d5b0ee2a6b1a7b64f4783d70,data/raw/pdfs/36_นครพนม.pdf,1,29,25.84252,448.24649,1088.8346429729727,461.54649
pdf_71:p1:r15,rec_b584ddd414c46ba6d5fe4ebe072409084d0285ccf6fc29dea3994d0076b198b8,280,pdf_71,639082545e4a719e41bac9fcbfd55a943a269cfdf276e85b2e44844d06d2a73a,data/raw/pdfs/71_สตูล.pdf,1,15,25.84252,262.0465,1088.8346395999997,275.3465
pdf_50:p1:r7,rec_b87b3c9606c9fd56af56de77e8217f1652c5639b33a9d433fec4180ba6e77db9,281,pdf_50,8b7fe8a59c2c1fa488d7462868687d8f934217d7df929384117ef1e19dae37ab,data/raw/pdfs/50_ตาก.pdf,1,7,25.84252,155.64648999999997,1088.8346429729727,168.94649000000004
pdf_41:p1:r1,rec_f969cba9fee2b74ffeb20da14b55bd9e5b021f714356c5142fa4d2f38b1d7ffe,282,pdf_41,30547a39de949400c4d126175dcaea5210ed959ebf29c2b6135b85e45a4643e4,data/raw/pdfs/41_อุตรดิตถ์.pdf,1,1,25.84252,75.84649999999999,1088.834636315789,89.14650000000003
pdf_05:p1:r6,rec_0eec56060a876c910c602defcc8263f20d378c0192705a2bdfb05502ae9cc0b2,283,pdf_05,ae1ba5ac5ef768c29045f4282a9047c71474a8d654003bfa51574874b3f415fc,data/raw/pdfs/05_พระนครศรีอยุธยา.pdf,1,6,25.84252,142.34649000000002,1088.8346429729727,155.64648999999997
pdf_76:p2:r16,rec_b77dae38af5b8d869717f3ed50a6db5f714ba0c83a8bec751a9414cfab61ad4c,284,pdf_76,474bb90a38c020bbc86d90180af2b062867ed6a1db6999d709acff810fd5d84d,data/raw/pdfs/76_นราธิวาส.pdf,2,16,25.84252,238.8426,1088.8346369999997,252.14260000000004
pdf_57:p1:r25,rec_30330bd3d34579e8272b4ea5182d962d9199007835a07eedc39b8084497af84e,285,pdf_57,9b6f57faac860a1339f68519b1b756d3ef34cc2ccd4962f5e15b78600e7c9112,data/raw/pdfs/57_สุพรรณบุรี.pdf,1,25,25.84252,395.04649,1088.8346429729727,408.34649
pdf_19:p3:r20,rec_2b05aaf8c2425fdd4ca6af2ddb444be1397ece257c4404d6b47fa3cdc1e45867,286,pdf_19,2fbc685c790d957bd597a9ae4cbc69a07dacbb20cab611015cf1ce2eecd5982c,data/raw/pdfs/19_นครราชสีมา.pdf,3,20,25.84252,292.04256,1088.8346404878048,305.34256
pdf_46:p1:r5,rec_345460e2b2b17b42b076a181c24477096adaeb35703405f336a73d048e62e0bc,287,pdf_46,06c4f6b2edd8aec0be7828038556b5b7aec2393f710ca692324db2369d00d382,data/raw/pdfs/46_แม่ฮ่องสอน.pdf,1,5,25.84252,129.0465,1088.834638181818,142.3465
pdf_69:p2:r11,rec_cef22e58ca6f60a634f109748240e816c80c8a7736734322f9cc3474d975ea3e,288,pdf_69,769b283c00d83344280df884874571c2a99d89f78de64644b43bf9c6a108efa4,data/raw/pdfs/69_ชุมพร.pdf,2,11,25.84252,172.34256,1088.8346404878048,185.64255999999995
pdf_73:p2:r7,rec_c104582c38b48fb5e61d9d1aec4cf3404e2dd0881a95bbfa9eff8e673de4ce87,289,pdf_73,8a9a8b1fb9d81eb7f2d76afa1f886621ea38587fc4c60902bc317398649ff90e,data/raw/pdfs/73_พัทลุง.pdf,2,7,25.84252,119.14255999999996,1088.8346404878048,132.44255999999996
pdf_11:p2:r11,rec_0d33e560e3b45a61f27d8188c03744e73d60f179d1d684c313d6ef6698c76a4f,290,pdf_11,3638acfefe295becff8609b6ee16edeea0914e518d215754813661f1c0a3f79b,data/raw/pdfs/11_ชลบุรี.pdf,2,11,25.84252,172.34256,1088.8346404878048,185.64255999999995
pdf_10:p2:r37,rec_fa7873b90c492cae535791cb51f727b0dc4b8253d35b0951129cb6c0381e6905,291,pdf_10,5e0a433bc2cc307479a32d344bf5b0b4f006af0a3d0ccc1493fb587c885896c1,data/raw/pdfs/10_สระบุรี.pdf,2,37,25.84252,518.14256,1088.8346404878048,531.44256
pdf_04:p2:r19,rec_3bfd486f6ee65b70316ce800787e6bc6c13ce33ae0076435f8934f0d6c5ed356,292,pdf_04,83861a2a02db33dda27703227bb90cd50ba1b9144123e42912f926c1d1043c39,data/raw/pdfs/04_ปทุมธานี.pdf,2,19,25.84252,278.74255999999997,1088.8346404878048,292.04256
pdf_02:p1:r20,rec_af1844d7ac53c4f910b24b05434f1fb4895e675ced4067188b09c1590ec8b779,293,pdf_02,368a15805d33fb210ed50297795f7f50bf822054e05b59bf71bfa25bee0f3a3c,data/raw/pdfs/02_สมุทรปราการ.pdf,1,20,25.84252,328.54649,1088.8346429729727,341.84649
pdf_57:p3:r31,rec_8172d7aa1d3e1b4ff9cbe087160d9cb7618596033085fee29a7c7fa4d07b12fe,294,pdf_57,9b6f57faac860a1339f68519b1b756d3ef34cc2ccd4962f5e15b78600e7c9112,data/raw/pdfs/57_สุพรรณบุรี.pdf,3,31,25.84252,438.34255999999993,1088.8346404878048,451.64256000000006
pdf_43:p1:r1,rec_32f8e5c372bde89801197a668a9b20ec9c41c954825b603280f1d778be62564f,295,pdf_43,edb270fe62c998ddd1ab10ecfe3b80a9ebcafcd12ad7a426b34c631deae32c4f,data/raw/pdfs/43_น่าน.pdf,1,1,25.842519999999997,84.34649999999999,1088.834628333333,97.6465
pdf_04:p4:r20,rec_198e33ff947fd39a8cd939a3f6dd6613f5b690827d3f69d0ea2117e9b560ed90,296,pdf_04,83861a2a02db33dda27703227bb90cd50ba1b9144123e42912f926c1d1043c39,data/raw/pdfs/04_ปทุมธานี.pdf,4,20,25.84252,292.04256,1088.8346404878048,305.34256
pdf_53:p2:r29,rec_d7dff074c9e8a53c71ef4d8d570f9132d35eb7384393bb7f2135a309d4b53959,297,pdf_53,41aaaf3a91961ab9b2dee694f50d9a086d1ad80beffe1b54e81370016a11cb14,data/raw/pdfs/53_พิจิตร.pdf,2,29,25.84252,411.7425999999999,1088.834638181818,425.04259999999994
pdf_02:p1:r10,rec_b9b1d1812d1eb2afa213e87fca4f9875972147c6152d678dde214cae56a0d47f,298,pdf_02,368a15805d33fb210ed50297795f7f50bf822054e05b59bf71bfa25bee0f3a3c,data/raw/pdfs/02_สมุทรปราการ.pdf,1,10,25.84252,195.54648999999995,1088.8346429729727,208.84649
pdf_56:p2:r27,rec_96f2acb018d57acc0d44982fc53c40aefe4626a81e91d6794b410ced79f87a4e,299,pdf_56,f0ce416ab9d3f527c2052960422068d0564c2b8833f2a75d05cab7aa8280b0d5,data/raw/pdfs/56_กาญจนบุรี.pdf,2,27,25.84252,385.14256,1088.8346394594591,398.44256
pdf_50:p1:r9,rec_881d35e7a19b026a8f28dc5981331e1de46460d68b2dded09d41bd76b33a02f7,300,pdf_50,8b7fe8a59c2c1fa488d7462868687d8f934217d7df929384117ef1e19dae37ab,data/raw/pdfs/50_ตาก.pdf,1,9,25.84252,182.24649,1088.8346429729727,195.54648999999995
pdf_57:p1:r19,rec_c57b6f434eb49d78e98e36246930647225cafcad02a4d614441b6c9bb8b1714f,301,pdf_57,9b6f57faac860a1339f68519b1b756d3ef34cc2ccd4962f5e15b78600e7c9112,data/raw/pdfs/57_สุพรรณบุรี.pdf,1,19,25.84252,315.24649,1088.8346429729727,328.54649
pdf_07:p1:r5,rec_47774ae38da18d6cf9fe5b167ad40af63d438acbe723f34be1fdf125b116f13b,302,pdf_07,f00681093e03a60a87dbc3834edae199fd055d6366406e456741ffd059ff3b05,data/raw/pdfs/07_ลพบุรี.pdf,1,5,25.84252,129.04648999999995,1088.8346429729727,142.34649000000002
pdf_47:p1:r13,rec_5efb4aca82e0e42778537636a76637d2a59466ba11b7efe71fbc907d12bc9e81,303,pdf_47,365b7fdb0bc54f527416d61502059d02cd2aaa1ed2d3600907d80b79987b64c8,data/raw/pdfs/47_นครสวรรค์.pdf,1,13,25.84252,235.44649999999996,1088.8346326666665,248.74649999999997
pdf_57:p2:r8,rec_2cf2a97f59fd01135fd0731261bc555f743eefa8cce4c759637f7169cf9b99b3,304,pdf_57,9b6f57faac860a1339f68519b1b756d3ef34cc2ccd4962f5e15b78600e7c9112,data/raw/pdfs/57_สุพรรณบุรี.pdf,2,8,25.84252,132.44255999999996,1088.8346404878048,145.74255999999997
pdf_74:p2:r24,rec_8858255388c88c9a537182c6468db3857e07bf789c1f2d4cdfe201681079674d,305,pdf_74,a740362f586a24f46fcc09fc1a1bc6391556e4c9bc432141903734f7833f39db,data/raw/pdfs/74_ปัตตานี.pdf,2,24,25.84252,345.24256,1088.8346404878048,358.54256
pdf_67:p7:r14,rec_b6accbe1edfc086537923c05de15898b66282be9edf31801a0773292c2013db8,306,pdf_67,b66fc9f9229750b7a04c0e5c07c072d77eb0800ed604da819fb28b6c4a75a636,data/raw/pdfs/67_สุราษฎร์ธานี.pdf,7,14,25.84252,212.24259999999998,1088.8346270588233,225.5426
pdf_29:p1:r33,rec_6517dbd11b2331d84678e74d72a3e6de81d5992de07bf4ef4e9fc2a8007c735c,307,pdf_29,a1a30635ac132e2e87cc5b8c3c2c6e737453ecabe176861ce1a21609a26f3a1a,data/raw/pdfs/29_อุดรธานี.pdf,1,33,25.84252,501.44649,1088.8346429729727,514.74649
pdf_04:p3:r27,rec_f6972204bd549a43cdc20eeb14775b951162855203cb9d8d58b12225d10261bc,308,pdf_04,83861a2a02db33dda27703227bb90cd50ba1b9144123e42912f926c1d1043c39,data/raw/pdfs/04_ปทุมธานี.pdf,3,27,25.84252,385.14256,1088.8346404878048,398.44255999999996
pdf_58:p1:r20,rec_078cbccfff45f37373f59521f30a8e4f6ed8286c3ee73da35c8651f296d72bc4,309,pdf_58,8ff0dc3c9fe92f1cc2721c37fe35cfcc653ad17ca531672dc94686e7776d35a5,data/raw/pdfs/58_นครปฐม.pdf,1,20,25.84252,328.54649,1088.8346429729727,341.84649
pdf_03:p2:r26,rec_bb2b9b8e0f7a92befb46a7cceae11a0ce54462c6186b4c977430d1c406a22274,310,pdf_03,7dd9e7f51732791c63183067d85d18d20f856edf0c2dff89dbda84d866df2d62,data/raw/pdfs/03_นนทบุรี.pdf,2,26,25.84252,371.84256,1088.8346404878048,385.14256
pdf_59:p1:r7,rec_7d2d37480f5706c7d2a60b7695a3e4e547707b1dcb8603eba87f019a6ca2cc7c,311,pdf_59,0c5827ab1fffa2ec0689a95405ee8640473ea428f18b199f44d2f71d4f366ad8,data/raw/pdfs/59_สมุทรสาคร.pdf,1,7,25.84252,155.64648999999997,1088.8346429729727,168.94649000000004
pdf_04:p2:r13,rec_cdde55ae01f084eba2710e47e3bd0c7eb559145f393641e40f3665520af2b640,312,pdf_04,83861a2a02db33dda27703227bb90cd50ba1b9144123e42912f926c1d1043c39,data/raw/pdfs/04_ปทุมธานี.pdf,2,13,25.84252,198.94255999999996,1088.8346404878048,212.24255999999997
pdf_67:p4:r35,rec_0a342ca951b098345a161b9f3403966628f58bf12e71ae32c2e8b091e6f1e92b,313,pdf_67,b66fc9f9229750b7a04c0e5c07c072d77eb0800ed604da819fb28b6c4a75a636,data/raw/pdfs/67_สุราษฎร์ธานี.pdf,4,35,25.84252,491.54256,1088.8346404878048,504.84255999999993
pdf_69:p2:r1,rec_2bf590d98db159ea424d89c8e1cc8329424818b699a7e0cd161a6cbe796604b1,314,pdf_69,769b283c00d83344280df884874571c2a99d89f78de64644b43bf9c6a108efa4,data/raw/pdfs/69_ชุมพร.pdf,2,1,25.84252,39.34256000000005,1088.8346404878048,52.64256
pdf_59:p2:r36,rec_50da05f124b09bea6a92263ca724ea1b40cd7ebab34e68223628a7ab0e9f0927,315,pdf_59,0c5827ab1fffa2ec0689a95405ee8640473ea428f18b199f44d2f71d4f366ad8,data/raw/pdfs/59_สมุทรสาคร.pdf,2,36,25.84252,504.84255999999993,1088.8346404878048,518.14256
pdf_32:p1:r22,rec_18704a157d1f255b1504a18c1a34a33720251c60dc61f3d7429af24ae9f85a98,316,pdf_32,b00581f42f40b25ff4c6be7ad8e530fc1306844ad3bb673079384b891a4190e5,data/raw/pdfs/32_มหาสารคาม.pdf,1,22,25.84252,355.14649999999995,1088.8346399999998,368.4465
pdf_67:p2:r3,rec_4268b3439076bd147fd377757ec819c29403e8644a0dd8cdc607bf8599eeaf4f,317,pdf_67,b66fc9f9229750b7a04c0e5c07c072d77eb0800ed604da819fb28b6c4a75a636,data/raw/pdfs/67_สุราษฎร์ธานี.pdf,2,3,25.84252,65.94255999999996,1088.8346404878048,79.24255999999997
pdf_23:p3:r8,rec_f5d1829bd1b16212583ce6e7a91535368c7eb561afddb72a1012060cb4be3c56,318,pdf_23,771338278a591f8b5dfd252a64922234ef0d7071b6e6cd32beb2341668023e47,data/raw/pdfs/23_อุบลราชธานี.pdf,3,8,25.84252,132.44259999999997,1088.8346388571426,145.74259999999998
pdf_50:p2:r14,rec_c109ccb44c0a294452135e89dafe7564e1625964f6ae5cfc01d8a411270efc26,319,pdf_50,8b7fe8a59c2c1fa488d7462868687d8f934217d7df929384117ef1e19dae37ab,data/raw/pdfs/50_ตาก.pdf,2,14,25.84252,212.24259999999998,1088.8346270588233,225.5426
pdf_58:p1:r11,rec_fc8bb258dc972f16137794567d7250452351f277ca88718668ffeb5c37cf875e,320,pdf_58,8ff0dc3c9fe92f1cc2721c37fe35cfcc653ad17ca531672dc94686e7776d35a5,data/raw/pdfs/58_นครปฐม.pdf,1,11,25.84252,208.84649,1088.8346429729727,222.14649
pdf_57:p3:r8,rec_2d1f04b511c0d6d3e32a65ee107f4f99b299f7b7f0a79191fa45b648cd8bb79a,321,pdf_57,9b6f57faac860a1339f68519b1b756d3ef34cc2ccd4962f5e15b78600e7c9112,data/raw/pdfs/57_สุพรรณบุรี.pdf,3,8,25.84252,132.44255999999996,1088.8346404878048,145.74255999999997
pdf_24:p1:r4,rec_e9a2965058a4a554234c296a0aed4951ba94cf4ffea6cea4d415e938b384e23d,322,pdf_24,11414a0eb9f2dd0d2b908d5f1a25e50bf241a96ac3fdabf71ba570e190f65dc5,data/raw/pdfs/24_ยโสธร.pdf,1,4,25.842519999999997,115.74649999999997,1088.834628333333,129.04649999999998
pdf_61:p1:r15,rec_4744e386b6f6c2a4ed9dbe9f853ec8fa6f1a91e14c51635202f17147f0ca4d57,323,pdf_61,6dda18b7ffb9a73296045d0dd81965bec27f7cbccc7ef862c8bf458d206599e2,data/raw/pdfs/61_เพชรบุรี.pdf,1,15,25.84252,262.0465,1088.834638181818,275.3465
pdf_73:p2:r1,rec_64719e65ed47cb42965876bda7d6155b606b5856c4f1efe3307933a71ec5ce02,324,pdf_73,8a9a8b1fb9d81eb7f2d76afa1f886621ea38587fc4c60902bc317398649ff90e,data/raw/pdfs/73_พัทลุง.pdf,2,1,25.84252,39.34256000000005,1088.8346404878048,52.64256
pdf_25:p1:r13,rec_ff903f369f5f8a86cd1b9111064fcccc943552f476ccfecdaaf03c3066dcbf07,325,pdf_25,0155bd151db06d789a16df2bc6422d9237698f7f38d57991cc1ab60bcb86601c,data/raw/pdfs/25_ชัยภูมิ.pdf,1,13,25.84252,235.44649000000004,1088.8346429729727,248.74649
pdf_29:p2:r1,rec_3aca4e0700aab0de58ebc10cb74f26cc2a076aa138a88cdb75e126f11af22fd8,326,pdf_29,a1a30635ac132e2e87cc5b8c3c2c6e737453ecabe176861ce1a21609a26f3a1a,data/raw/pdfs/29_อุดรธานี.pdf,2,1,25.84252,39.34259999999995,1088.8346365517239,52.642600000000016
pdf_23:p2:r14,rec_6908d1473eba33050c5c771c90eec934d1a08741883ae4175410f27712344c9b,327,pdf_23,771338278a591f8b5dfd252a64922234ef0d7071b6e6cd32beb2341668023e47,data/raw/pdfs/23_อุบลราชธานี.pdf,2,14,25.84252,212.24255999999997,1088.8346404878048,225.54255999999995
pdf_58:p2:r18,rec_3a1727b00a14648c337c593a443823dc67ca5e907bd92100c4fdf11124dbe63f,328,pdf_58,8ff0dc3c9fe92f1cc2721c37fe35cfcc653ad17ca531672dc94686e7776d35a5,data/raw/pdfs/58_นครปฐม.pdf,2,18,25.84252,265.44255999999996,1088.8346404878048,278.74255999999997
pdf_04:p1:r19,rec_92a3c5a42fdf397b722d65aa478aa9bdfb48c71d2c3380e28461c24ef42d8f29,329,pdf_04,83861a2a02db33dda27703227bb90cd50ba1b9144123e42912f926c1d1043c39,data/raw/pdfs/04_ปทุมธานี.pdf,1,19,25.84252,315.24649,1088.8346429729727,328.54649
pdf_27:p2:r13,rec_a7921f7383b2fbd3c80443795e33e0dc56673bf8c96ad0a0ffcd0a9355e9f9bd,330,pdf_27,bf545cbe9d19aa5a22880cf18f4484776d7d3e1348605d1451dfe7147ed85334,data/raw/pdfs/27_หนองบัวลำภู.pdf,2,13,25.84252,198.94259999999997,1088.8346304999998,212.24259999999998
pdf_31:p1:r14,rec_93ced28c6273c7ae16890f5e8fd651eb30d82b6623dee9e5179c7369ba6cac84,331,pdf_31,f1a10c3940792a9b882ab08acb2b2394c5009faa4f9334ce940cf44438cf5d54,data/raw/pdfs/31_หนองคาย.pdf,1,14,25.84252,248.74649,1088.834642352941,262.04649
pdf_62:p1:r9,rec_4c850256d108488d22dedd00b9da64d4d7d14879b59e6a2a039c17238d675ad6,332,pdf_62,16170e28f4926ce3d0cb9566cb26ec752a3cb84a42d0ceb55d00107b3d3f1443,data/raw/pdfs/62_ประจวบคีรีขันธ์.pdf,1,9,25.84252,182.24649999999997,1088.834638181818,195.5465
pdf_31:p1:r26,rec_691bcdfcd5c675fd3f1efa921a70b8947ec0af241996f20d0901c987fa719b80,333,pdf_31,f1a10c3940792a9b882ab08acb2b2394c5009faa4f9334ce940cf44438cf5d54,data/raw/pdfs/31_หนองคาย.pdf,1,26,25.84252,408.34649,1088.834642352941,421.64649
pdf_02:p1:r22,rec_583c9ea50e5e54234631438f8cc0b4b7f96fdb928b9df98dcefac47e624703d3,334,pdf_02,368a15805d33fb210ed50297795f7f50bf822054e05b59bf71bfa25bee0f3a3c,data/raw/pdfs/02_สมุทรปราการ.pdf,1,22,25.84252,355.14649,1088.8346429729727,368.44649
pdf_75:p1:r2,rec_6a7b6e7e00eff6c82edfae2373ea38ef1cb7fecfadbadb34583d24faa678f2b9,335,pdf_75,ffef7f4f9a7953e62785b17dc6cfa1d3fa15bda9cb7369abaaa41e24f24f5ae4,data/raw/pdfs/75_ยะลา.pdf,1,2,25.84252,89.14648999999997,1088.834642352941,102.44649
pdf_68:p1:r7,rec_9d5676326cae2001dd2fa295f6e90a7d3dfea489da2b6d189515d4b8a1f3654a,336,pdf_68,3a242476c7c0c82cd6f78455b9ca30a8d8e875f3ae38090ae0fd5fb12805c593,data/raw/pdfs/68_ระนอง.pdf,1,7,25.84252,155.64648999999997,1088.8346429729727,168.94649000000004
pdf_12:p2:r1,rec_0912ba0acf6963e98c1e55874eaabf5a37bc7b93297631f5d8e0a9b88081bc6f,337,pdf_12,a807bf56c3fc6df739b3c4e072038fd3824bd793ca3bbc711cf4169e5e81ff9c,data/raw/pdfs/12_ระยอง.pdf,2,1,25.842520000000004,39.34259999999995,1088.8346355555555,52.642600000000016
pdf_10:p3:r13,rec_524b24160abd6ebf5710c1bb4d93c74af9013343c1edeb7ead6bbb88a8f4f376,338,pdf_10,5e0a433bc2cc307479a32d344bf5b0b4f006af0a3d0ccc1493fb587c885896c1,data/raw/pdfs/10_สระบุรี.pdf,3,13,25.842519999999997,198.94259999999997,1088.8346314285711,212.24259999999998
pdf_63:p1:r15,rec_4d6f332a0ed069c3525bb0d8082a0df94c9004dfbe9aee4ac76c8b3aa2e54dd4,339,pdf_63,b04433cfbe561d1199180db3f5210359427f668e1f7b072f31972e2749ce63ae,data/raw/pdfs/63_นครศรีธรรมราช.pdf,1,15,25.84252,262.04648999999995,1088.8346429729727,275.34649
pdf_04:p5:r32,rec_1f698fe412515c49e70be2ad600d309a11085df6dd2cd31a803f5e10135ea5f5,340,pdf_04,83861a2a02db33dda27703227bb90cd50ba1b9144123e42912f926c1d1043c39,data/raw/pdfs/04_ปทุมธานี.pdf,5,32,25.84252,451.64259999999996,1088.8346388571426,464.9426
pdf_64:p1:r20,rec_3310adc28293f1729f6130172449d11c767c2e77a485f405f51ac9ee91ece21c,341,pdf_64,a4e4abc03757d1e14ce1bfb2e426567faeea8fce3152123821e712496872240e,data/raw/pdfs/64_กระบี่.pdf,1,20,25.84252,328.54649,1088.8346429729727,341.84649
pdf_19:p4:r38,rec_19d4ef4ca06cf6595b0f74173bf961e77716793895d1700f9dbdf949258a437f,342,pdf_19,2fbc685c790d957bd597a9ae4cbc69a07dacbb20cab611015cf1ce2eecd5982c,data/raw/pdfs/19_นครราชสีมา.pdf,4,38,25.84252,531.44256,1088.8346404878048,544.74256
pdf_11:p1:r25,rec_52be09422720e5a9c98766d5ca659a3c974a8798cb4b1880323ab5d62233bbc6,343,pdf_11,3638acfefe295becff8609b6ee16edeea0914e518d215754813661f1c0a3f79b,data/raw/pdfs/11_ชลบุรี.pdf,1,25,25.84252,395.04649,1088.8346429729727,408.34649
pdf_57:p2:r3,rec_2c8a2ea5b86c18f4e8a5d6a6e22c6cadb25cab38899b559338c4a119f9240239,344,pdf_57,9b6f57faac860a1339f68519b1b756d3ef34cc2ccd4962f5e15b78600e7c9112,data/raw/pdfs/57_สุพรรณบุรี.pdf,2,3,25.84252,65.94255999999996,1088.8346404878048,79.24255999999997
pdf_11:p2:r19,rec_be23b38dc2dd4531d76cc79dba595ab1f3aa260400a2e877fda9aa77bed0c36c,345,pdf_11,3638acfefe295becff8609b6ee16edeea0914e518d215754813661f1c0a3f79b,data/raw/pdfs/11_ชลบุรี.pdf,2,19,25.84252,278.74255999999997,1088.8346404878048,292.04256
pdf_18:p1:r18,rec_3d8466ef775b403c090cf0ea269345a83d187199caf77109df3fd146d5ff856f,346,pdf_18,be2f47080dc7e95c466a639def50661998348f89a3d3495b6324e03e6ac06a59,data/raw/pdfs/18_สระแก้ว.pdf,1,18,25.84252,301.94649,1088.834642121212,315.24649
pdf_67:p3:r37,rec_217663230e445d77337130d20eedf13cb845a5a881cea6f26676f18c4a041b33,347,pdf_67,b66fc9f9229750b7a04c0e5c07c072d77eb0800ed604da819fb28b6c4a75a636,data/raw/pdfs/67_สุราษฎร์ธานี.pdf,3,37,25.84252,518.14256,1088.8346404878048,531.44256
pdf_53:p2:r16,rec_faa7ae4b83525b6710ad4b1a13ff38bc89989ce40e12e63dd8d90ed9f7ef8bb6,348,pdf_53,41aaaf3a91961ab9b2dee694f50d9a086d1ad80beffe1b54e81370016a11cb14,data/raw/pdfs/53_พิจิตร.pdf,2,16,25.84252,238.84259999999995,1088.834638181818,252.14260000000004
pdf_25:p2:r1,rec_41fc79c7b65f51cf0a331796deca94e8a97a276e02142e85399f1be942f8dd5c,349,pdf_25,0155bd151db06d789a16df2bc6422d9237698f7f38d57991cc1ab60bcb86601c,data/raw/pdfs/25_ชัยภูมิ.pdf,2,1,25.842519999999997,39.34259999999995,1088.8345849999998,52.642600000000016
pdf_05:p1:r22,rec_63bad699cbe6e7d82db6b7492d30592c16408dba7932261a24547005190a1cfd,350,pdf_05,ae1ba5ac5ef768c29045f4282a9047c71474a8d654003bfa51574874b3f415fc,data/raw/pdfs/05_พระนครศรีอยุธยา.pdf,1,22,25.84252,355.14649,1088.8346429729727,368.44649
pdf_68:p2:r12,rec_2fc4c14b0c5d4cf6c3cbfb4eda4179bc55bc775daac5701de11eaea2cb3ad5f5,351,pdf_68,3a242476c7c0c82cd6f78455b9ca30a8d8e875f3ae38090ae0fd5fb12805c593,data/raw/pdfs/68_ระนอง.pdf,2,12,25.84252,185.64255999999995,1088.8346404878048,198.94255999999996
pdf_25:p1:r14,rec_580edb7dda499d6612fff40a53b4840687b044142b015f9668941a63d7eee6bd,352,pdf_25,0155bd151db06d789a16df2bc6422d9237698f7f38d57991cc1ab60bcb86601c,data/raw/pdfs/25_ชัยภูมิ.pdf,1,14,25.84252,248.74649,1088.8346429729727,262.04648999999995
pdf_06:p2:r6,rec_8dc9dd943fdf7a1d6adbdce4bee014c3a9b6e3495297a2942a0fce33727c21d5,353,pdf_06,03acf167c8c7dcc3b7e6ccbd9afcaa05e3b5157df416e00c1b7e146d91880d3c,data/raw/pdfs/06_อ่างทอง.pdf,2,6,25.84252,105.84259999999995,1088.8346109999998,119.14259999999994
pdf_67:p2:r4,rec_1eb8357c92a65da69e4148c61e6f1597361392070a22fed108b4735e7b309e14,354,pdf_67,b66fc9f9229750b7a04c0e5c07c072d77eb0800ed604da819fb28b6c4a75a636,data/raw/pdfs/67_สุราษฎร์ธานี.pdf,2,4,25.84252,79.24255999999997,1088.8346404878048,92.54255999999998
pdf_71:p1:r8,rec_e078724b9ac6aaa014e2e3d97d094929f4f373de5177fdc4601c4d05beacfb0b,355,pdf_71,639082545e4a719e41bac9fcbfd55a943a269cfdf276e85b2e44844d06d2a73a,data/raw/pdfs/71_สตูล.pdf,1,8,25.84252,168.94650000000001,1088.8346395999997,182.24649999999997
pdf_76:p1:r18,rec_847c1978bd77d663b1dcbad03959b246895d0a5e65af1089ea1b29047c3866c5,356,pdf_76,474bb90a38c020bbc86d90180af2b062867ed6a1db6999d709acff810fd5d84d,data/raw/pdfs/76_นราธิวาส.pdf,1,18,25.84252,301.94649,1088.8346429729727,315.24649
pdf_67:p1:r32,rec_38c5fe0239a7c41a86936db7039ad7f44b87d457f35061f264f2d5a29b169544,357,pdf_67,b66fc9f9229750b7a04c0e5c07c072d77eb0800ed604da819fb28b6c4a75a636,data/raw/pdfs/67_สุราษฎร์ธานี.pdf,1,32,25.84252,488.14649,1088.8346429729727,501.44649
pdf_04:p2:r3,rec_2d179903478b29168f7b910c2486e6a28fd2e64452515b0f14ef994303d71b87,358,pdf_04,83861a2a02db33dda27703227bb90cd50ba1b9144123e42912f926c1d1043c39,data/raw/pdfs/04_ปทุมธานี.pdf,2,3,25.84252,65.94255999999996,1088.8346404878048,79.24255999999997
pdf_67:p5:r35,rec_fe088d6a37a4d131007ec81726674a4d2bffc076ba416176a15a045013c81ba5,359,pdf_67,b66fc9f9229750b7a04c0e5c07c072d77eb0800ed604da819fb28b6c4a75a636,data/raw/pdfs/67_สุราษฎร์ธานี.pdf,5,35,25.84252,491.54256,1088.8346404878048,504.84255999999993
pdf_29:p2:r18,rec_ede967085c2ea79ac37d8cd7e9c7c89fe5eb7cbe16640c3258575b234fdcfa88,360,pdf_29,a1a30635ac132e2e87cc5b8c3c2c6e737453ecabe176861ce1a21609a26f3a1a,data/raw/pdfs/29_อุดรธานี.pdf,2,18,25.84252,265.44259999999997,1088.8346365517239,278.7426
pdf_11:p3:r4,rec_4a010b70252d21b26866afb07154b427dd93d32fba61bf74450f2340053942fe,361,pdf_11,3638acfefe295becff8609b6ee16edeea0914e518d215754813661f1c0a3f79b,data/raw/pdfs/11_ชลบุรี.pdf,3,4,25.842519999999997,79.24259999999998,1088.8346175,92.5426
pdf_45:p1:r1,rec_e422e555a4a76a8a7330b169fce86ee29416a5ce9beafb38142304c47e3b993a,362,pdf_45,29b1222a0b0979d29984a9dd61c0130edaa8b2dbaf6e6c7cd7a1c4c198e06186,data/raw/pdfs/45_เชียงราย.pdf,1,1,25.84252,75.84649999999999,1088.8346314285714,89.14650000000003
pdf_64:p1:r16,rec_d3f899c376336e420899a015b77b227be9b214da0cdfb03d1b31c243137690ba,363,pdf_64,a4e4abc03757d1e14ce1bfb2e426567faeea8fce3152123821e712496872240e,data/raw/pdfs/64_กระบี่.pdf,1,16,25.84252,275.34649,1088.8346429729727,288.64649
pdf_59:p2:r24,rec_76a3c6fcee0487099a06f3efa4d1d7cd99d14e64fbae69bc49f514b85871bd63,364,pdf_59,0c5827ab1fffa2ec0689a95405ee8640473ea428f18b199f44d2f71d4f366ad8,data/raw/pdfs/59_สมุทรสาคร.pdf,2,24,25.84252,345.24256,1088.8346404878048,358.54256
pdf_45:p1:r9,rec_b56409d8522581c61938d1e4b13f5aa1f441bc3bb2b2c479aa75fd1b8058e07c,365,pdf_45,29b1222a0b0979d29984a9dd61c0130edaa8b2dbaf6e6c7cd7a1c4c198e06186,data/raw/pdfs/45_เชียงราย.pdf,1,9,25.84252,182.24650000000003,1088.8346314285714,195.54650000000004
pdf_10:p2:r14,rec_446031787f63798bf27555bbf0e97b1a9bf4870f8fbe384d91f04a2d3fe9b692,366,pdf_10,5e0a433bc2cc307479a32d344bf5b0b4f006af0a3d0ccc1493fb587c885896c1,data/raw/pdfs/10_สระบุรี.pdf,2,14,25.84252,212.24255999999997,1088.8346404878048,225.54255999999995
pdf_56:p2:r4,rec_0a658d114e567e06988b4a698b5f49ad69f37a5ed05e89dd558d44384ebbeba0,367,pdf_56,f0ce416ab9d3f527c2052960422068d0564c2b8833f2a75d05cab7aa8280b0d5,data/raw/pdfs/56_กาญจนบุรี.pdf,2,4,25.84252,79.24255999999997,1088.8346394594591,92.54255999999998
pdf_57:p1:r21,rec_baee43900d9a4c2dca2e1baf2212927ca82f642b02b2b30ca9302f05beb9cc8d,368,pdf_57,9b6f57faac860a1339f68519b1b756d3ef34cc2ccd4962f5e15b78600e7c9112,data/raw/pdfs/57_สุพรรณบุรี.pdf,1,21,25.84252,341.84649,1088.8346429729727,355.14649
pdf_76:p1:r31,rec_ae57605677d8a9e93704ba3fd541aed116f3e64ff906ccc6aa95e5304e5a37bb,369,pdf_76,474bb90a38c020bbc86d90180af2b062867ed6a1db6999d709acff810fd5d84d,data/raw/pdfs/76_นราธิวาส.pdf,1,31,25.84252,474.84649,1088.8346429729727,488.14649
pdf_73:p2:r33,rec_237faf92466161e76c20fe5075193d339a67fb35bcc0fc8fc56f372b1acf935b,370,pdf_73,8a9a8b1fb9d81eb7f2d76afa1f886621ea38587fc4c60902bc317398649ff90e,data/raw/pdfs/73_พัทลุง.pdf,2,33,25.84252,464.94255999999996,1088.8346404878048,478.24256
pdf_55:p2:r7,rec_8e1393aeeaba20b83d7ccabe7e0a028f615da793c37bb1f800c0d29d08841fb1,371,pdf_55,fe2373eb0d81516b45b09f5bb593a35bc32f505875cafd93f214ca6bc310c4d4,data/raw/pdfs/55_ราชบุรี.pdf,2,7,25.84252,119.14260000000002,1088.834622142857,132.44260000000003
pdf_53:p1:r24,rec_76a39da5e811ea2b5210a55b338e5a43fcc06f93671887055d74faba6d8784b1,372,pdf_53,41aaaf3a91961ab9b2dee694f50d9a086d1ad80beffe1b54e81370016a11cb14,data/raw/pdfs/53_พิจิตร.pdf,1,24,25.84252,390.24649,1088.8346429729727,403.54649
pdf_67:p6:r10,rec_ae1b08041752dbc0d719aaac68e5873ac36b794e4c944ebf7fc9db73f397d309,373,pdf_67,b66fc9f9229750b7a04c0e5c07c072d77eb0800ed604da819fb28b6c4a75a636,data/raw/pdfs/67_สุราษฎร์ธานี.pdf,6,10,25.84252,159.04255999999998,1088.8346404878048,172.34256
pdf_75:p1:r13,rec_18f6a2f813c354d88f2da3be2c4b2be6a416e340b35c68da9dda3e41ea8a083f,374,pdf_75,ffef7f4f9a7953e62785b17dc6cfa1d3fa15bda9cb7369abaaa41e24f24f5ae4,data/raw/pdfs/75_ยะลา.pdf,1,13,25.84252,235.44648999999998,1088.834642352941,248.74649
pdf_60:p1:r2,rec_5fabe9ca2c06e3c4ca4f83c60b4464817a8a1c56526040ff10b782f005c6394d,375,pdf_60,83005eabe1d9070b5592477278ea610755bdcb54fea6e719fee81b3b098eaa28,data/raw/pdfs/60_สมุทรสงคราม.pdf,1,2,25.842520000000004,89.1465,1088.8346403703702,102.44650000000001
pdf_44:p1:r3,rec_7fc50e64245a568e99a3e61e2a2beb10a06d668e303880c458612250c384bfcf,376,pdf_44,0b6a87addaacef010594603f0dfdfb6eeb947a760e12360b52409636f432ab36,data/raw/pdfs/44_พะเยา.pdf,1,3,25.84252,102.44649999999997,1088.8346369999997,115.74649999999997
pdf_67:p5:r4,rec_1b988c633b0a2f2755c863c0d1fed727f6dbe2686a2e2512072d8e7b656cf216,377,pdf_67,b66fc9f9229750b7a04c0e5c07c072d77eb0800ed604da819fb28b6c4a75a636,data/raw/pdfs/67_สุราษฎร์ธานี.pdf,5,4,25.84252,79.24255999999997,1088.8346404878048,92.54255999999998
pdf_02:p3:r13,rec_b14419e9200718facd2a2f32118fcd241cb54c08e654ba7bbbdd2f2343040edf,378,pdf_02,368a15805d33fb210ed50297795f7f50bf822054e05b59bf71bfa25bee0f3a3c,data/raw/pdfs/02_สมุทรปราการ.pdf,3,13,25.84252,198.94259999999997,1088.8346343999997,212.24259999999998
pdf_27:p1:r28,rec_53698b27c441a810ed863970b1398a0468eea767b77b6cdd6de7edd0ab0f45a9,379,pdf_27,bf545cbe9d19aa5a22880cf18f4484776d7d3e1348605d1451dfe7147ed85334,data/raw/pdfs/27_หนองบัวลำภู.pdf,1,28,25.84252,434.94649,1088.8346429729727,448.24649
pdf_02:p1:r3,rec_e51f77bc54bf250d179fcb41a607aff95fb0c7aa8ef2309ccae8861ca9f6305b,380,pdf_02,368a15805d33fb210ed50297795f7f50bf822054e05b59bf71bfa25bee0f3a3c,data/raw/pdfs/02_สมุทรปราการ.pdf,1,3,25.84252,102.44649000000004,1088.8346429729727,115.74649
pdf_32:p1:r5,rec_9ced6a04b7b8fe41ecf49d4e8071b05a0fb4d1f1b48afcd30a61cec208ecd466,381,pdf_32,b00581f42f40b25ff4c6be7ad8e530fc1306844ad3bb673079384b891a4190e5,data/raw/pdfs/32_มหาสารคาม.pdf,1,5,25.84252,129.04649999999998,1088.8346399999998,142.3465
pdf_67:p6:r11,rec_80b80108ed48afabb37c501a5c210dc52fb286d8cf03b275e2965cc5ac683d45,382,pdf_67,b66fc9f9229750b7a04c0e5c07c072d77eb0800ed604da819fb28b6c4a75a636,data/raw/pdfs/67_สุราษฎร์ธานี.pdf,6,11,25.84252,172.34256,1088.8346404878048,185.64255999999995
pdf_28:p2:r1,rec_da5674fded44c88659897e0fdc4526c5a8c9a7b8adb34650c70a868936c5cef2,383,pdf_28,38e1a8d128ab928dd0bef117c9dbaa8191aea027adc2dae9137f68937f31d040,data/raw/pdfs/28_ขอนแก่น.pdf,2,1,25.84252,39.34259999999995,1088.8346199999999,52.642600000000016
pdf_03:p2:r9,rec_a7f3061c31b11ced4d0e5ee21eeca83367a3f9ecee5385902031f7712bf9d7d7,384,pdf_03,7dd9e7f51732791c63183067d85d18d20f856edf0c2dff89dbda84d866df2d62,data/raw/pdfs/03_นนทบุรี.pdf,2,9,25.84252,145.74255999999997,1088.8346404878048,159.04255999999998
pdf_12:p1:r33,rec_798e3a0bf8ac78b59e1bce9b18014fcd08087225513174613a9e7fb8038547d8,385,pdf_12,a807bf56c3fc6df739b3c4e072038fd3824bd793ca3bbc711cf4169e5e81ff9c,data/raw/pdfs/12_ระยอง.pdf,1,33,25.84252,501.44649,1088.8346429729727,514.74649
pdf_11:p2:r3,rec_7003a42bed614075b7c1e500ef55f004826fc0e2985c3a412bc61365c07e6aea,386,pdf_11,3638acfefe295becff8609b6ee16edeea0914e518d215754813661f1c0a3f79b,data/raw/pdfs/11_ชลบุรี.pdf,2,3,25.84252,65.94255999999996,1088.8346404878048,79.24255999999997
pdf_55:p2:r10,rec_e6977bc30bb6da853781f1165f84072f5f6e049bde2f9be3c2ed05c11191f20f,387,pdf_55,fe2373eb0d81516b45b09f5bb593a35bc32f505875cafd93f214ca6bc310c4d4,data/raw/pdfs/55_ราชบุรี.pdf,2,10,25.84252,159.0426,1088.834622142857,172.3426
pdf_33:p1:r7,rec_dbfdf6a7c2f0322744266693d550861c447bf3f31b0cb97888b43ba7d890c599,388,pdf_33,803bc44f1213b58c511b011e1bd47fdf863f6e6f583f7263065cda30ef3d413a,data/raw/pdfs/33_ร้อยเอ็ด.pdf,1,7,25.84252,155.6465,1088.8346314285714,168.94650000000001
pdf_12:p1:r4,rec_f3caf4906e9101524f0a6bc574c50058dc5f6e1579076221b3b36ff152917d4b,389,pdf_12,a807bf56c3fc6df739b3c4e072038fd3824bd793ca3bbc711cf4169e5e81ff9c,data/raw/pdfs/12_ระยอง.pdf,1,4,25.84252,115.74649,1088.8346429729727,129.04648999999995
pdf_05:p2:r12,rec_6d0672066482702859bd3dcd067e7a96dd9b37aee42b7c2a9e674d8df48d68a7,390,pdf_05,ae1ba5ac5ef768c29045f4282a9047c71474a8d654003bfa51574874b3f415fc,data/raw/pdfs/05_พระนครศรีอยุธยา.pdf,2,12,25.84252,185.64255999999995,1088.8346404878048,198.94255999999996
pdf_73:p1:r5,rec_230b4a0b76319975f75dd2d337adac9baf3893731ca2fe0da97ae19fe118dd98,391,pdf_73,8a9a8b1fb9d81eb7f2d76afa1f886621ea38587fc4c60902bc317398649ff90e,data/raw/pdfs/73_พัทลุง.pdf,1,5,25.84252,137.54648999999995,1088.8346429729727,150.84649000000002
pdf_76:p1:r32,rec_b90ac6639f02aa4475001b36bf4f967a6f9e6020189ae5bfb6b42d3c65ee3c4f,392,pdf_76,474bb90a38c020bbc86d90180af2b062867ed6a1db6999d709acff810fd5d84d,data/raw/pdfs/76_นราธิวาส.pdf,1,32,25.84252,488.14649,1088.8346429729727,501.44649
pdf_19:p1:r12,rec_0518abdf05d5970bcc91e51e4a2969a36f13729f80303721524d1bebba09a7c5,393,pdf_19,2fbc685c790d957bd597a9ae4cbc69a07dacbb20cab611015cf1ce2eecd5982c,data/raw/pdfs/19_นครราชสีมา.pdf,1,12,25.84252,230.64649,1088.8346429729727,243.94649000000004
pdf_63:p1:r7,rec_6c94b044e263e19935ea4e6bacfde6f0a10390c68cda40375319b77efa7f0a42,394,pdf_63,b04433cfbe561d1199180db3f5210359427f668e1f7b072f31972e2749ce63ae,data/raw/pdfs/63_นครศรีธรรมราช.pdf,1,7,25.84252,155.64648999999997,1088.8346429729727,168.94649000000004
pdf_70:p2:r12,rec_94eaa10b5c7b05e83f81bb2af59415bc17576b4e427277f858cca03b8229a1f9,395,pdf_70,dd0c8cec48b7f0994639864765a097630785c0e22135d674cb3057f22c0f80ab,data/raw/pdfs/70_สงขลา.pdf,2,12,25.84252,185.6426,1088.8346391666664,198.94259999999997
pdf_43:p1:r8,rec_e0308944f5ff98d78b0eaa5e0e8a61b31147463d6cd8a0d9844db4356f4199bc,396,pdf_43,edb270fe62c998ddd1ab10ecfe3b80a9ebcafcd12ad7a426b34c631deae32c4f,data/raw/pdfs/43_น่าน.pdf,1,8,25.842519999999997,177.44650000000001,1088.834628333333,190.74649999999997
pdf_29:p2:r15,rec_66d217e5db80ac121102277739b8d0d6800571b5c96eb1be1fc81699213b794e,397,pdf_29,a1a30635ac132e2e87cc5b8c3c2c6e737453ecabe176861ce1a21609a26f3a1a,data/raw/pdfs/29_อุดรธานี.pdf,2,15,25.84252,225.5426,1088.8346365517239,238.84259999999995
pdf_57:p3:r18,rec_d470dc03b5ba161a9a42533f153f88a5ffd0cfb012c17b14a0b99be88ab0e65a,398,pdf_57,9b6f57faac860a1339f68519b1b756d3ef34cc2ccd4962f5e15b78600e7c9112,data/raw/pdfs/57_สุพรรณบุรี.pdf,3,18,25.84252,265.44255999999996,1088.8346404878048,278.74255999999997
pdf_29:p2:r11,rec_f689bcb22c4a0f988a70f4bd58d2df99c3265b1d66dfffa577502209f89cb506,399,pdf_29,a1a30635ac132e2e87cc5b8c3c2c6e737453ecabe176861ce1a21609a26f3a1a,data/raw/pdfs/29_อุดรธานี.pdf,2,11,25.84252,172.34259999999998,1088.8346365517239,185.64260000000002
pdf_30:p1:r7,rec_2396036e163b7d19f65796104cc71f50dbf7b05acbda31f6a1f16e85675c4fb5,400,pdf_30,3dbc36c6e240d0c7cc9a595bfe9743d7b0579f6761191fb00c2a69959c985598,data/raw/pdfs/30_เลย.pdf,1,7,25.84252,155.6465,1088.8346355555555,168.94650000000001
pdf_29:p2:r22,rec_e10a65c6d7e738df03c8a81c5d446c837f097bb66800c707fbe0a90a8f2e9eba,401,pdf_29,a1a30635ac132e2e87cc5b8c3c2c6e737453ecabe176861ce1a21609a26f3a1a,data/raw/pdfs/29_อุดรธานี.pdf,2,22,25.84252,318.6426,1088.8346365517239,331.94259999999997
pdf_68:p1:r11,rec_2c5c85bf42fe64e61eff88b66cf6d146728a65c8a5c859ece9e09a34cc218e74,402,pdf_68,3a242476c7c0c82cd6f78455b9ca30a8d8e875f3ae38090ae0fd5fb12805c593,data/raw/pdfs/68_ระนอง.pdf,1,11,25.84252,208.84649,1088.8346429729727,222.14649
pdf_67:p5:r11,rec_b13c13bcf145eb28265b2fc794e2b1cc72eb2366d2ccc61f88f31fd03d661f05,403,pdf_67,b66fc9f9229750b7a04c0e5c07c072d77eb0800ed604da819fb28b6c4a75a636,data/raw/pdfs/67_สุราษฎร์ธานี.pdf,5,11,25.84252,172.34256,1088.8346404878048,185.64255999999995
pdf_51:p1:r25,rec_44192a6a094d4acf3e7068eb05fa93a9a9feb8ca4805ee307f90299d66041978,404,pdf_51,380327daf06efde704e25ac9a209c4688b14087a4bcd57b35db44471d39e5199,data/raw/pdfs/51_สุโขทัย.pdf,1,25,25.84252,403.54648999999995,1088.834642352941,416.84649
pdf_69:p2:r34,rec_3370f11f3d1f611f2323953d5f9d15b059e6b3b9ce3ccc464f2d29913c4cd781,405,pdf_69,769b283c00d83344280df884874571c2a99d89f78de64644b43bf9c6a108efa4,data/raw/pdfs/69_ชุมพร.pdf,2,34,25.84252,478.24256,1088.8346404878048,491.54256
pdf_13:p1:r7,rec_60bc015272daf179d742ebf72fbcd94a9c1efc0405454b80f34a215cf5ffc2f6,406,pdf_13,b20ef2b0fb7767955210435e1f38c72a82bb812eb8d831b1ac9a4d227b8a8454,data/raw/pdfs/13_จันทบุรี.pdf,1,7,25.84252,155.64649999999995,1088.8346326666665,168.94649999999996
pdf_27:p2:r17,rec_cfeeb97361d766b7df42d90283dcc30ca3a16cd5e18110a12ed41f857fd35611,407,pdf_27,bf545cbe9d19aa5a22880cf18f4484776d7d3e1348605d1451dfe7147ed85334,data/raw/pdfs/27_หนองบัวลำภู.pdf,2,17,25.84252,252.14259999999996,1088.8346304999998,265.44259999999997
pdf_67:p5:r36,rec_4d7c62c5afabb6275f2f5b580e31831ee04d55126f902cc6c5298501cf7d4dc9,408,pdf_67,b66fc9f9229750b7a04c0e5c07c072d77eb0800ed604da819fb28b6c4a75a636,data/raw/pdfs/67_สุราษฎร์ธานี.pdf,5,36,25.84252,504.84255999999993,1088.8346404878048,518.14256
pdf_47:p1:r10,rec_f0c61327cda77fd634da7bc710b1998f7f608a9574c410cec6b391099d8214e6,409,pdf_47,365b7fdb0bc54f527416d61502059d02cd2aaa1ed2d3600907d80b79987b64c8,data/raw/pdfs/47_นครสวรรค์.pdf,1,10,25.84252,195.54649999999998,1088.8346326666665,208.84650000000002
pdf_19:p2:r5,rec_57a01ebd895617f21d07fc33273b3eb4dba04b15a0aced0be8d4f693da66f264,410,pdf_19,2fbc685c790d957bd597a9ae4cbc69a07dacbb20cab611015cf1ce2eecd5982c,data/raw/pdfs/19_นครราชสีมา.pdf,2,5,25.84252,92.54255999999998,1088.8346404878048,105.84256
pdf_67:p6:r30,rec_ec4210af260e15cf0dfc3b979687dadff84a11c68c277b45521676735e013a29,411,pdf_67,b66fc9f9229750b7a04c0e5c07c072d77eb0800ed604da819fb28b6c4a75a636,data/raw/pdfs/67_สุราษฎร์ธานี.pdf,6,30,25.84252,425.04256,1088.8346404878048,438.34255999999993
pdf_67:p4:r21,rec_96793cef18550d1a78597143c082b7351ce063dffd723b7f0fd54f1ece74e405,412,pdf_67,b66fc9f9229750b7a04c0e5c07c072d77eb0800ed604da819fb28b6c4a75a636,data/raw/pdfs/67_สุราษฎร์ธานี.pdf,4,21,25.84252,305.34256,1088.8346404878048,318.64256
pdf_63:p1:r4,rec_1a7744aff6a919b9f0a18da8a929850861ff8e7452c0a5cc680f59d389caa14d,413,pdf_63,b04433cfbe561d1199180db3f5210359427f668e1f7b072f31972e2749ce63ae,data/raw/pdfs/63_นครศรีธรรมราช.pdf,1,4,25.84252,115.74649,1088.8346429729727,129.04648999999995
pdf_12:p2:r23,rec_bd1b8c1580527978604f55984bcdc1ee7801047289dec6d91caed9e163d00b09,414,pdf_12,a807bf56c3fc6df739b3c4e072038fd3824bd793ca3bbc711cf4169e5e81ff9c,data/raw/pdfs/12_ระยอง.pdf,2,23,25.842520000000004,331.94259999999997,1088.8346355555555,345.2425999999999
pdf_27:p1:r1,rec_48668293273ef104d2d2bd36153c4a34c3f79ec29e782b7fe1f6894655870eb3,415,pdf_27,bf545cbe9d19aa5a22880cf18f4484776d7d3e1348605d1451dfe7147ed85334,data/raw/pdfs/27_หนองบัวลำภู.pdf,1,1,25.84252,75.84649000000002,1088.8346429729727,89.14648999999997
pdf_07:p2:r16,rec_314e4a59c02fdfc6567acb42cef7a01a61429d1076c8d4b99fc35cd3a9ac81c0,416,pdf_07,f00681093e03a60a87dbc3834edae199fd055d6366406e456741ffd059ff3b05,data/raw/pdfs/07_ลพบุรี.pdf,2,16,25.84252,238.84256,1088.8346404878048,252.14255999999995
pdf_19:p1:r18,rec_f0151f2169b992bb98b9eff0e23d0127813a7a6229c8167e482a650b96e66fde,417,pdf_19,2fbc685c790d957bd597a9ae4cbc69a07dacbb20cab611015cf1ce2eecd5982c,data/raw/pdfs/19_นครราชสีมา.pdf,1,18,25.84252,310.44649,1088.8346429729727,323.74649
pdf_07:p2:r36,rec_d5a5b170f424c3a9cbfdfa76211e2656781bc5b13933b9fcb888c2a6383ea00b,418,pdf_07,f00681093e03a60a87dbc3834edae199fd055d6366406e456741ffd059ff3b05,data/raw/pdfs/07_ลพบุรี.pdf,2,36,25.84252,504.84255999999993,1088.8346404878048,518.14256
pdf_57:p2:r22,rec_9e7f73d4a13375b13bfb9c14676dfffc61d887e812efab1548737f44385250d7,419,pdf_57,9b6f57faac860a1339f68519b1b756d3ef34cc2ccd4962f5e15b78600e7c9112,data/raw/pdfs/57_สุพรรณบุรี.pdf,2,22,25.84252,318.64256,1088.8346404878048,331.94255999999996
pdf_67:p3:r3,rec_040ceb64d86a716f6785a50a774b9e2395128f8a18d6c8510680ca17736169a2,420,pdf_67,b66fc9f9229750b7a04c0e5c07c072d77eb0800ed604da819fb28b6c4a75a636,data/raw/pdfs/67_สุราษฎร์ธานี.pdf,3,3,25.84252,65.94255999999996,1088.8346404878048,79.24255999999997
pdf_15:p1:r14,rec_5cec8fc681ae4a2c18bc82b3aea42f18abc97bf623ef818bdd55d7eac14a5b5a,421,pdf_15,bf99cdf12418fcdc90b3c1c739fd4e7e09ca40818852ca43bcd1c3284b3cf084,data/raw/pdfs/15_ฉะเชิงเทรา.pdf,1,14,25.84252,248.74649,1088.8346429729727,262.04648999999995
pdf_60:p1:r7,rec_a54b9360674cbc8aa1fc1367d29a094fbb48510633393105ef4f4d2b52ed00a0,422,pdf_60,83005eabe1d9070b5592477278ea610755bdcb54fea6e719fee81b3b098eaa28,data/raw/pdfs/60_สมุทรสงคราม.pdf,1,7,25.842520000000004,155.6465,1088.8346403703702,168.94650000000001
pdf_71:p1:r18,rec_36db0954ac46d39a81d14f3b60b6c79068354e10e03b70dbcb887f5ef879c2d2,423,pdf_71,639082545e4a719e41bac9fcbfd55a943a269cfdf276e85b2e44844d06d2a73a,data/raw/pdfs/71_สตูล.pdf,1,18,25.84252,301.9465,1088.8346395999997,315.24649999999997
pdf_52:p1:r20,rec_2653f210dd34ddacbd38e3cc58240e1d30d46606c9d40a71af5e19785cbadbc1,424,pdf_52,9cb0d6cf6dff8fc890e8435c67310ba7051a6c49c0a0cbb9b817f49c8ece0551,data/raw/pdfs/52_พิษณุโลก.pdf,1,20,25.84252,328.54649,1088.8346429729727,341.84649
pdf_72:p1:r12,rec_942099c719ada71c8880d7678a1e42e12d40f9b8baad09dfc9dc1f91af5ccf6a,425,pdf_72,04f947c56ddf01a73b376cdbb3099e393f9141fff3fec2504b9e031114606073,data/raw/pdfs/72_ตรัง.pdf,1,12,25.84252,222.14649,1088.8346429729727,235.44649000000004
pdf_56:p1:r34,rec_4de7e2505fa3cacba484d622c4a0136083ccf1cd2e329d769a6512b19dbfe666,426,pdf_56,f0ce416ab9d3f527c2052960422068d0564c2b8833f2a75d05cab7aa8280b0d5,data/raw/pdfs/56_กาญจนบุรี.pdf,1,34,25.84252,514.74649,1088.8346429729727,528.04649
pdf_32:p1:r12,rec_f6bdf3cd3070ac1217342a23a370e37cc25eda55baf713915efe8b13ad7f10bf,427,pdf_32,b00581f42f40b25ff4c6be7ad8e530fc1306844ad3bb673079384b891a4190e5,data/raw/pdfs/32_มหาสารคาม.pdf,1,12,25.84252,222.14649999999997,1088.8346399999998,235.44650000000001
pdf_57:p1:r26,rec_6acf2405b77115fcf8dd4fc06b5cf3a76c58833108ca0e4eb560bff750a7bc36,428,pdf_57,9b6f57faac860a1339f68519b1b756d3ef34cc2ccd4962f5e15b78600e7c9112,data/raw/pdfs/57_สุพรรณบุรี.pdf,1,26,25.84252,408.34649,1088.8346429729727,421.64649
pdf_67:p2:r7,rec_50e0aed433c3a54554fe701fa7a9cae8160d730183ae82b3009c955b731cedff,429,pdf_67,b66fc9f9229750b7a04c0e5c07c072d77eb0800ed604da819fb28b6c4a75a636,data/raw/pdfs/67_สุราษฎร์ธานี.pdf,2,7,25.84252,119.14255999999996,1088.8346404878048,132.44255999999996
pdf_50:p1:r11,rec_0bafd3d05412be2921cf1fae84f41bd51028acf2da24a80a893b50b0c18ab49d,430,pdf_50,8b7fe8a59c2c1fa488d7462868687d8f934217d7df929384117ef1e19dae37ab,data/raw/pdfs/50_ตาก.pdf,1,11,25.84252,208.84649,1088.8346429729727,222.14649
pdf_36:p2:r11,rec_459b035245312f85eac65dde50b19a12eadd438f2ed069e51be97fc85a2b3c9a,431,pdf_36,e5624d419ac85611ac4b3fe0a27d6bfa73a7b474d5b0ee2a6b1a7b64f4783d70,data/raw/pdfs/36_นครพนม.pdf,2,11,25.84252,172.3426,1088.8346294736841,185.64260000000002
pdf_31:p1:r18,rec_6fd2840745d36c3662680b5393c25f9fb2c2077623a53d07751cc28a4f517d8d,432,pdf_31,f1a10c3940792a9b882ab08acb2b2394c5009faa4f9334ce940cf44438cf5d54,data/raw/pdfs/31_หนองคาย.pdf,1,18,25.84252,301.94649,1088.834642352941,315.24649
pdf_29:p1:r5,rec_7ec5b9be3fc20a9f4d9dabd252dc64761d5bfde98e7dabf50826dbbb770a2c4e,433,pdf_29,a1a30635ac132e2e87cc5b8c3c2c6e737453ecabe176861ce1a21609a26f3a1a,data/raw/pdfs/29_อุดรธานี.pdf,1,5,25.84252,129.04648999999995,1088.8346429729727,142.34649000000002
pdf_10:p2:r18,rec_c40ee94ff7e4b456e1dddf23728312cdd919f5f8da4132b379184a663ecaa9bf,434,pdf_10,5e0a433bc2cc307479a32d344bf5b0b4f006af0a3d0ccc1493fb587c885896c1,data/raw/pdfs/10_สระบุรี.pdf,2,18,25.84252,265.44255999999996,1088.8346404878048,278.74255999999997
pdf_40:p1:r33,rec_f3b12ef74c6b5bacb838aa4106cb9e29f6daf4a52fdc0689edf0f12b1c1eccce,435,pdf_40,89bea4e9a200e8f073d048a2ed2a881a1e01108b8c12f1e050317b845aac6b1d,data/raw/pdfs/40_ลำปาง.pdf,1,33,25.84252,501.44649,1088.8346429729727,514.74649
pdf_05:p2:r19,rec_03e5e5ce8404f047c1221f0762acb3a13c2ce9aad4c7dcd733fc7591b4fcef28,436,pdf_05,ae1ba5ac5ef768c29045f4282a9047c71474a8d654003bfa51574874b3f415fc,data/raw/pdfs/05_พระนครศรีอยุธยา.pdf,2,19,25.84252,278.74255999999997,1088.8346404878048,292.04256
pdf_50:p1:r21,rec_68807ccfc255e03ed55e14b232dd3f0aac408a294a2a6c7c7d2cdea87de668d4,437,pdf_50,8b7fe8a59c2c1fa488d7462868687d8f934217d7df929384117ef1e19dae37ab,data/raw/pdfs/50_ตาก.pdf,1,21,25.84252,341.84649,1088.8346429729727,355.14649
pdf_38:p1:r10,rec_51aaa07b779ecaf81acd1b595aa9f8fd3a9bb128030413a6ef8bc94e975d5a12,438,pdf_38,462a1c486a501887e4446ef7e812041c7d158ab4442235b85572d4a89fd7f492,data/raw/pdfs/38_เชียงใหม่.pdf,1,10,25.84252,195.54648999999995,1088.8346429729727,208.84649
pdf_19:p1:r32,rec_4ff44abf222db681709e3d09b38a944a346db90d44a6b8d6c09349a67456a480,439,pdf_19,2fbc685c790d957bd597a9ae4cbc69a07dacbb20cab611015cf1ce2eecd5982c,data/raw/pdfs/19_นครราชสีมา.pdf,1,32,25.84252,496.64649,1088.8346429729727,509.94649
pdf_27:p1:r27,rec_4aca653713be913c66d4a9b71d8c5f55357cfa32404cea12a5fa99e8eeb3e43c,440,pdf_27,bf545cbe9d19aa5a22880cf18f4484776d7d3e1348605d1451dfe7147ed85334,data/raw/pdfs/27_หนองบัวลำภู.pdf,1,27,25.84252,421.64649,1088.8346429729727,434.94649
pdf_10:p1:r14,rec_dba3d7c99ee8cf097cdd9e93374b5db71f86099f277fa7340a1168610f4888c7,441,pdf_10,5e0a433bc2cc307479a32d344bf5b0b4f006af0a3d0ccc1493fb587c885896c1,data/raw/pdfs/10_สระบุรี.pdf,1,14,25.84252,248.74649,1088.8346429729727,262.04648999999995
pdf_57:p1:r2,rec_dc25d751e27e5c51a498c7f1adc57df72b48161043a951788772d28c649bcdc4,442,pdf_57,9b6f57faac860a1339f68519b1b756d3ef34cc2ccd4962f5e15b78600e7c9112,data/raw/pdfs/57_สุพรรณบุรี.pdf,1,2,25.84252,89.14648999999997,1088.8346429729727,102.44649000000004
pdf_27:p2:r12,rec_d0a368402e0e138ea83e78187e6a0d4dc33e7f81fbe61b09c0ea11162ee34ced,443,pdf_27,bf545cbe9d19aa5a22880cf18f4484776d7d3e1348605d1451dfe7147ed85334,data/raw/pdfs/27_หนองบัวลำภู.pdf,2,12,25.84252,185.64259999999996,1088.8346304999998,198.94259999999997
pdf_12:p1:r12,rec_333f1107f5c47f158089c81e78b2e86b46ccfc8f82180aa93930bfddca290399,444,pdf_12,a807bf56c3fc6df739b3c4e072038fd3824bd793ca3bbc711cf4169e5e81ff9c,data/raw/pdfs/12_ระยอง.pdf,1,12,25.84252,222.14649,1088.8346429729727,235.44649000000004
pdf_56:p1:r9,rec_a5e200f040c3694e87c4d1433a53863ec14238a6d7ee32ec40466a8169ac8298,445,pdf_56,f0ce416ab9d3f527c2052960422068d0564c2b8833f2a75d05cab7aa8280b0d5,data/raw/pdfs/56_กาญจนบุรี.pdf,1,9,25.84252,182.24649,1088.8346429729727,195.54648999999995
pdf_59:p2:r9,rec_c9f5df073002a5bdb96a6c606c0e38c4f8da06622bd05773d8ecfbe9d96b98af,446,pdf_59,0c5827ab1fffa2ec0689a95405ee8640473ea428f18b199f44d2f71d4f366ad8,data/raw/pdfs/59_สมุทรสาคร.pdf,2,9,25.84252,145.74255999999997,1088.8346404878048,159.04255999999998
pdf_41:p1:r5,rec_f7a5a7d064a52a7bab4b9bc50fd57a011c46e46b739f0f0d1e7dbfd37b4130d7,447,pdf_41,30547a39de949400c4d126175dcaea5210ed959ebf29c2b6135b85e45a4643e4,data/raw/pdfs/41_อุตรดิตถ์.pdf,1,5,25.84252,129.04650000000004,1088.834636315789,142.3465
pdf_25:p1:r15,rec_16b278638182cbb50d5aec8e1ae43e647c841f1e7f74491dc802c3eb620e99e1,448,pdf_25,0155bd151db06d789a16df2bc6422d9237698f7f38d57991cc1ab60bcb86601c,data/raw/pdfs/25_ชัยภูมิ.pdf,1,15,25.84252,262.04648999999995,1088.8346429729727,275.34649
pdf_19:p2:r18,rec_a13d9a94520b01f60daf9a07380ad7c9052e4059932dadcb7f5af4dc0df6127d,449,pdf_19,2fbc685c790d957bd597a9ae4cbc69a07dacbb20cab611015cf1ce2eecd5982c,data/raw/pdfs/19_นครราชสีมา.pdf,2,18,25.84252,265.44255999999996,1088.8346404878048,278.74255999999997
pdf_64:p2:r13,rec_17fc3c75e3e3e5364da77a558c94c3a943099a35b7e9f4efb79ddb12dfdda5e7,450,pdf_64,a4e4abc03757d1e14ce1bfb2e426567faeea8fce3152123821e712496872240e,data/raw/pdfs/64_กระบี่.pdf,2,13,25.84252,198.94255999999996,1088.8346404878048,212.24255999999997
pdf_04:p5:r23,rec_fac1b20d28459c3f987c64d874c620c2dcfe7a5dbc58c9b84fcc2887e074ea35,451,pdf_04,83861a2a02db33dda27703227bb90cd50ba1b9144123e42912f926c1d1043c39,data/raw/pdfs/04_ปทุมธานี.pdf,5,23,25.84252,331.94259999999997,1088.8346388571426,345.2426
pdf_68:p1:r8,rec_e703272858989d626a79e27566b8525b3a335c8b93c9459832ec4e376c38320f,452,pdf_68,3a242476c7c0c82cd6f78455b9ca30a8d8e875f3ae38090ae0fd5fb12805c593,data/raw/pdfs/68_ระนอง.pdf,1,8,25.84252,168.94649000000004,1088.8346429729727,182.24649
pdf_35:p1:r18,rec_54a097d10077a2160ed1f88adf7b99deac9aada4d80134ea26d92fbb474f467e,453,pdf_35,34e8cb69b8d0f03a2caba0ffc0eb6d4b5233159b13350c073968de56ab12b69f,data/raw/pdfs/35_สกลนคร.pdf,1,18,25.84252,301.94649,1088.8346429729727,315.24649
pdf_27:p1:r16,rec_d97e1c0844b6d06a763651a5818fa5f4f79963e491fffb9d49d1b4956f84d10c,454,pdf_27,bf545cbe9d19aa5a22880cf18f4484776d7d3e1348605d1451dfe7147ed85334,data/raw/pdfs/27_หนองบัวลำภู.pdf,1,16,25.84252,275.34649,1088.8346429729727,288.64649
pdf_19:p2:r26,rec_1d05c51e8c37bd5b2601f2332fdda2783f8c6637e4bc881e2acca16081fe6ed6,455,pdf_19,2fbc685c790d957bd597a9ae4cbc69a07dacbb20cab611015cf1ce2eecd5982c,data/raw/pdfs/19_นครราชสีมา.pdf,2,26,25.84252,371.84256,1088.8346404878048,385.14256
pdf_41:p1:r7,rec_2c834718448dec76af31f988d4b2963bd496c9d78ae72633594851d132654911,456,pdf_41,30547a39de949400c4d126175dcaea5210ed959ebf29c2b6135b85e45a4643e4,data/raw/pdfs/41_อุตรดิตถ์.pdf,1,7,25.84252,155.6465,1088.834636315789,168.94650000000001
pdf_56:p2:r10,rec_39ee456f217b9343abc54a4537e80a275c59ef682ff785920264cd778d2037b9,457,pdf_56,f0ce416ab9d3f527c2052960422068d0564c2b8833f2a75d05cab7aa8280b0d5,data/raw/pdfs/56_กาญจนบุรี.pdf,2,10,25.84252,159.04255999999998,1088.8346394594591,172.34256
pdf_03:p3:r8,rec_28a087b1bac42f159f2400ddebd6b87ed20eccc82187a850e49c5fbc662b463f,458,pdf_03,7dd9e7f51732791c63183067d85d18d20f856edf0c2dff89dbda84d866df2d62,data/raw/pdfs/03_นนทบุรี.pdf,3,8,25.84252,132.44255999999996,1088.8346404878048,145.74255999999997
pdf_09:p1:r15,rec_713714e15bfdc482c43c3389315df4bd31a926911056308e4dfa895eb2bb1719,459,pdf_09,1912b318a38a3716d462ae8461062b50db721b56bb5dcac725c184bafd97be54,data/raw/pdfs/09_ชัยนาท.pdf,1,15,25.84252,262.0465,1088.8346395999997,275.3465
pdf_60:p1:r3,rec_0dc00d42ef9af932f9597e7dcaebc369097502870a3e26b22e1c718d3a9aae6e,460,pdf_60,83005eabe1d9070b5592477278ea610755bdcb54fea6e719fee81b3b098eaa28,data/raw/pdfs/60_สมุทรสงคราม.pdf,1,3,25.842520000000004,102.44650000000001,1088.8346403703702,115.7465
pdf_07:p1:r8,rec_b74d19ce9f69f2e2574a263367243908b05c6a17deb7c3b37b5d66729a4061dc,461,pdf_07,f00681093e03a60a87dbc3834edae199fd055d6366406e456741ffd059ff3b05,data/raw/pdfs/07_ลพบุรี.pdf,1,8,25.84252,168.94649000000004,1088.8346429729727,182.24649
pdf_72:p1:r10,rec_e6ba2a8ccaaff65285f4cc628e1b945f1014d740ff3ce5c975652c6115996020,462,pdf_72,04f947c56ddf01a73b376cdbb3099e393f9141fff3fec2504b9e031114606073,data/raw/pdfs/72_ตรัง.pdf,1,10,25.84252,195.54648999999995,1088.8346429729727,208.84649
pdf_40:p1:r30,rec_9ca48edcc6e8173f7153bd22aaf184e7d58a37412ec6fa1a759099675a369cda,463,pdf_40,89bea4e9a200e8f073d048a2ed2a881a1e01108b8c12f1e050317b845aac6b1d,data/raw/pdfs/40_ลำปาง.pdf,1,30,25.84252,461.54649,1088.8346429729727,474.84649
pdf_20:p1:r1,rec_11873a8847b20d1c251bf9d7eb285170740aad5c71d0de8eeba235fad55d420f,464,pdf_20,ae2a7c5842b204a3f43b72f11f0cc869b9b435d34c9fd7a66feb13673b14c006,data/raw/pdfs/20_บุรีรัมย์.pdf,1,1,25.84252,75.84649999999999,1088.8346326666665,89.14649999999995
pdf_64:p3:r26,rec_ecd9335bf9efea17fa24414a78feb4f2c5bcd1d03bbfa17a260b32b5b09c7c2a,465,pdf_64,a4e4abc03757d1e14ce1bfb2e426567faeea8fce3152123821e712496872240e,data/raw/pdfs/64_กระบี่.pdf,3,26,25.84252,371.84256,1088.8346404878048,385.14256
pdf_12:p1:r14,rec_d076b1ab914a65f01cd272047d17ee3d04a937d026687601378541d1986a8d11,466,pdf_12,a807bf56c3fc6df739b3c4e072038fd3824bd793ca3bbc711cf4169e5e81ff9c,data/raw/pdfs/12_ระยอง.pdf,1,14,25.84252,248.74649,1088.8346429729727,262.04648999999995
pdf_57:p3:r26,rec_f61766ec3a52f6b03cc5bd135951751f034b397dd514183097d6bc2df516767b,467,pdf_57,9b6f57faac860a1339f68519b1b756d3ef34cc2ccd4962f5e15b78600e7c9112,data/raw/pdfs/57_สุพรรณบุรี.pdf,3,26,25.84252,371.84256,1088.8346404878048,385.14256
pdf_54:p2:r5,rec_58b5f30c3f05d04f8dfe24999565272139e55ee77648e1e7242693ba345ab321,468,pdf_54,884b1d2d94fff12fa64928c8a22df877265f50fbc00dfcb61f5a4636dd1c14c8,data/raw/pdfs/54_เพชรบูรณ์.pdf,2,5,25.84252,92.54255999999998,1088.8346404878048,105.84256
pdf_57:p2:r9,rec_5d29aba432d2f723380b2ea0cf251542d2361f98a005814c6d4b1c36b76b560a,469,pdf_57,9b6f57faac860a1339f68519b1b756d3ef34cc2ccd4962f5e15b78600e7c9112,data/raw/pdfs/57_สุพรรณบุรี.pdf,2,9,25.84252,145.74255999999997,1088.8346404878048,159.04255999999998
pdf_74:p1:r20,rec_86f1e16e3366784eeef944d0452462b30ceaa5b12d1625865c3599538e6dbfdb,470,pdf_74,a740362f586a24f46fcc09fc1a1bc6391556e4c9bc432141903734f7833f39db,data/raw/pdfs/74_ปัตตานี.pdf,1,20,25.84252,328.54649,1088.8346429729727,341.84649
pdf_35:p1:r4,rec_bf8ec15fded347dc3789ecc6c3713f7b5b9609300912a94b53e87e9e19089d37,471,pdf_35,34e8cb69b8d0f03a2caba0ffc0eb6d4b5233159b13350c073968de56ab12b69f,data/raw/pdfs/35_สกลนคร.pdf,1,4,25.84252,115.74649,1088.8346429729727,129.04648999999995
pdf_17:p1:r1,rec_b3d420d18b0565aae3b67b3bae1e74ae6e61a5edc08a73eb3c1f4d4a059eb36d,472,pdf_17,69ee6e20b50a8b481e887173d13a132193b234c6f6442cad70c9aa3f04917b71,data/raw/pdfs/17_นครนายก.pdf,1,1,25.84252,75.84649999999999,1088.8346355555555,89.1465
pdf_20:p1:r6,rec_8460313fbf408ba2f56b6596bf7c9eaabffc60abea8f216f6277bd1f5657dfee,473,pdf_20,ae2a7c5842b204a3f43b72f11f0cc869b9b435d34c9fd7a66feb13673b14c006,data/raw/pdfs/20_บุรีรัมย์.pdf,1,6,25.84252,142.3465,1088.8346326666665,155.64649999999995
pdf_23:p2:r17,rec_80de5dfe014d67f9620d11cc94e43fbef19c4397224dc53d19743f702cae35ec,474,pdf_23,771338278a591f8b5dfd252a64922234ef0d7071b6e6cd32beb2341668023e47,data/raw/pdfs/23_อุบลราชธานี.pdf,2,17,25.84252,252.14255999999995,1088.8346404878048,265.44255999999996
pdf_28:p1:r20,rec_956b6d12c8462857a6d389ab8b151349b4c86f70e245dd3eb8a68b80a4ebcbc5,475,pdf_28,38e1a8d128ab928dd0bef117c9dbaa8191aea027adc2dae9137f68937f31d040,data/raw/pdfs/28_ขอนแก่น.pdf,1,20,25.84252,328.54649,1088.8346429729727,341.84649
pdf_58:p2:r15,rec_a23798529e56a31b541b8a7552df2a0676abc29f0a236a099a2dd9c5036dfe51,476,pdf_58,8ff0dc3c9fe92f1cc2721c37fe35cfcc653ad17ca531672dc94686e7776d35a5,data/raw/pdfs/58_นครปฐม.pdf,2,15,25.84252,225.54255999999995,1088.8346404878048,238.84256
pdf_18:p1:r9,rec_cf193640c9c8845c3f211f9a39cadb74afba3f5f0a712f89f4b0ff2b6cd44622,477,pdf_18,be2f47080dc7e95c466a639def50661998348f89a3d3495b6324e03e6ac06a59,data/raw/pdfs/18_สระแก้ว.pdf,1,9,25.84252,182.24649,1088.834642121212,195.54648999999998
pdf_53:p1:r25,rec_9dc3328adcbdd4f7a2a4ed184166ec6e5a18524c453bbee36385a30d681a6081,478,pdf_53,41aaaf3a91961ab9b2dee694f50d9a086d1ad80beffe1b54e81370016a11cb14,data/raw/pdfs/53_พิจิตร.pdf,1,25,25.84252,403.54649,1088.8346429729727,416.84649
pdf_73:p2:r20,rec_d04d0a698a06a6697a6a0be0663730b081b7fab28b4bb0bf3fb2a6d3f3490345,479,pdf_73,8a9a8b1fb9d81eb7f2d76afa1f886621ea38587fc4c60902bc317398649ff90e,data/raw/pdfs/73_พัทลุง.pdf,2,20,25.84252,292.04256,1088.8346404878048,305.34256
pdf_23:p3:r28,rec_625c80a1388d768ab60436117e52d3410945868d47f13612ba1f481373e0dd93,480,pdf_23,771338278a591f8b5dfd252a64922234ef0d7071b6e6cd32beb2341668023e47,data/raw/pdfs/23_อุบลราชธานี.pdf,3,28,25.84252,398.44259999999997,1088.8346388571426,411.7425999999999
pdf_49:p1:r6,rec_2a454d10ff6110442b99d3b46bb770148bc6999a4f6648028201eaf5f888b7df,481,pdf_49,6ada8eb27a34993420ed8c6db69aa4ae13ff4283abdb43b9d76a05d6794f6a27,data/raw/pdfs/49_กำแพงเพชร.pdf,1,6,25.84252,142.34649000000002,1088.8346429729727,155.64648999999997
pdf_02:p2:r36,rec_9242375ee735a14e4c6f655d5ed26aff9d4388cc762730e73049b3e9712a1469,482,pdf_02,368a15805d33fb210ed50297795f7f50bf822054e05b59bf71bfa25bee0f3a3c,data/raw/pdfs/02_สมุทรปราการ.pdf,2,36,25.84252,504.84255999999993,1088.8346404878048,518.14256
pdf_44:p1:r8,rec_2ce90102fde07ac0ead2c2c3097e8950a686f37ce0d53329063385206514c812,483,pdf_44,0b6a87addaacef010594603f0dfdfb6eeb947a760e12360b52409636f432ab36,data/raw/pdfs/44_พะเยา.pdf,1,8,25.84252,168.94649999999996,1088.8346369999997,182.24649999999997
pdf_03:p2:r30,rec_fa6cabad78d89ccfc6cf3087e5027b8280438c404b23241c2075db614b966ab6,484,pdf_03,7dd9e7f51732791c63183067d85d18d20f856edf0c2dff89dbda84d866df2d62,data/raw/pdfs/03_นนทบุรี.pdf,2,30,25.84252,425.04256,1088.8346404878048,438.34255999999993
pdf_12:p2:r24,rec_a62d6ff407bef59c82b40e75877c56f2fe8e4da8a7977f42285b84d457ab6e2c,485,pdf_12,a807bf56c3fc6df739b3c4e072038fd3824bd793ca3bbc711cf4169e5e81ff9c,data/raw/pdfs/12_ระยอง.pdf,2,24,25.842520000000004,345.2425999999999,1088.8346355555555,358.5426
pdf_60:p1:r19,rec_82bbc4315341ad098a4a93e93220f8c49a50f4ff1977e78cbee9ad5305d951a5,486,pdf_60,83005eabe1d9070b5592477278ea610755bdcb54fea6e719fee81b3b098eaa28,data/raw/pdfs/60_สมุทรสงคราม.pdf,1,19,25.842520000000004,315.24649999999997,1088.8346403703702,328.5465
pdf_04:p4:r36,rec_4dbf1eac79290ce03b3f84b7fffc9838524c8eff76ab8bd112e4ff176648c801,487,pdf_04,83861a2a02db33dda27703227bb90cd50ba1b9144123e42912f926c1d1043c39,data/raw/pdfs/04_ปทุมธานี.pdf,4,36,25.84252,504.84255999999993,1088.8346404878048,518.14256
pdf_39:p1:r3,rec_9e4d882f41745c894b7a155dc9ea8a7843d68f1edafb5954d71aabd48976a612,488,pdf_39,f8439630693dcb0a91ca91bc39687ac32878a128fb24ec09b75d075fce0bca64,data/raw/pdfs/39_ลำพูน.pdf,1,3,25.84252,102.44649999999997,1088.8346369999997,115.74649999999997
pdf_19:p1:r7,rec_cfd323363f3d57fd3b93f36faca0c273f16e45d34a3e7da235971e415f250a42,489,pdf_19,2fbc685c790d957bd597a9ae4cbc69a07dacbb20cab611015cf1ce2eecd5982c,data/raw/pdfs/19_นครราชสีมา.pdf,1,7,25.84252,164.14648999999997,1088.8346429729727,177.44649000000004
pdf_56:p1:r29,rec_6f8c3aab123b38fc64a838a81cc0c4568b8b7d5b8e23a7d7b61cb245c4555b68,490,pdf_56,f0ce416ab9d3f527c2052960422068d0564c2b8833f2a75d05cab7aa8280b0d5,data/raw/pdfs/56_กาญจนบุรี.pdf,1,29,25.84252,448.24649,1088.8346429729727,461.54649
pdf_67:p5:r12,rec_d9f8d12cb976a669af1c9e30fca9d8666f4fbff21c0444835f0b6cbec07fbecd,491,pdf_67,b66fc9f9229750b7a04c0e5c07c072d77eb0800ed604da819fb28b6c4a75a636,data/raw/pdfs/67_สุราษฎร์ธานี.pdf,5,12,25.84252,185.64255999999995,1088.8346404878048,198.94255999999996
pdf_59:p1:r9,rec_473cb8361078b1f6a3a5aa13a0ee6c5e4146106682758cdc8cce208e3cf56e9d,492,pdf_59,0c5827ab1fffa2ec0689a95405ee8640473ea428f18b199f44d2f71d4f366ad8,data/raw/pdfs/59_สมุทรสาคร.pdf,1,9,25.84252,182.24649,1088.8346429729727,195.54648999999995
pdf_68:p1:r17,rec_a8d2608cd519c304f2468902f3208a5e235e3396d7a2cb85fe254cd3df067139,493,pdf_68,3a242476c7c0c82cd6f78455b9ca30a8d8e875f3ae38090ae0fd5fb12805c593,data/raw/pdfs/68_ระนอง.pdf,1,17,25.84252,288.64649,1088.8346429729727,301.94649
pdf_19:p2:r17,rec_018b973f5c42e820bcca26cf6ee64dacbfce3c816b28e1fe598fac2cf19b01b0,494,pdf_19,2fbc685c790d957bd597a9ae4cbc69a07dacbb20cab611015cf1ce2eecd5982c,data/raw/pdfs/19_นครราชสีมา.pdf,2,17,25.84252,252.14255999999995,1088.8346404878048,265.44255999999996
pdf_19:p3:r33,rec_3a3866b69eaf8a80732949a2bf3829b8b0cd771437a3796ec507a9a392687c12,495,pdf_19,2fbc685c790d957bd597a9ae4cbc69a07dacbb20cab611015cf1ce2eecd5982c,data/raw/pdfs/19_นครราชสีมา.pdf,3,33,25.84252,464.94255999999996,1088.8346404878048,478.24256
pdf_08:p1:r4,rec_77239ce2c0d595b3a86fcffdf1ee326af4dcca97a810372155639830a39d4554,496,pdf_08,1fd4933c38e10cf826fbe5ecfe74a2eb8305671e2bb949afd059fb72b251fdad,data/raw/pdfs/08_สิงห์บุรี.pdf,1,4,25.84252,115.74649999999997,1088.8346399999998,129.04649999999998
pdf_69:p1:r15,rec_7c2881618243e6fe9404e6beabf28809d902bd31a26f7f6c4105e5094be3cac6,497,pdf_69,769b283c00d83344280df884874571c2a99d89f78de64644b43bf9c6a108efa4,data/raw/pdfs/69_ชุมพร.pdf,1,15,25.84252,262.04648999999995,1088.8346429729727,275.34649
pdf_49:p1:r32,rec_07231761c2d7db908bc4fe28e258196c7e99f0aee9273004f2030cdf41f355d8,498,pdf_49,6ada8eb27a34993420ed8c6db69aa4ae13ff4283abdb43b9d76a05d6794f6a27,data/raw/pdfs/49_กำแพงเพชร.pdf,1,32,25.84252,488.14649,1088.8346429729727,501.44649
pdf_05:p2:r16,rec_50dbe4aada958dc7b7934567ce16f9ced53462c90cb3b1211755d27d6d6ea7b1,499,pdf_05,ae1ba5ac5ef768c29045f4282a9047c71474a8d654003bfa51574874b3f415fc,data/raw/pdfs/05_พระนครศรีอยุธยา.pdf,2,16,25.84252,238.84256,1088.8346404878048,252.14255999999995
pdf_39:p1:r1,rec_8bb273effb7457c3ff91521f1ffed26777ca9690360937ba02730aa46ffae3c1,500,pdf_39,f8439630693dcb0a91ca91bc39687ac32878a128fb24ec09b75d075fce0bca64,data/raw/pdfs/39_ลำพูน.pdf,1,1,25.84252,75.84649999999999,1088.8346369999997,89.14649999999995
pdf_27:p1:r29,rec_00bede798f16e101e6fb5d5cd98130eb757ca8ab18dc279873c060540a214da5,501,pdf_27,bf545cbe9d19aa5a22880cf18f4484776d7d3e1348605d1451dfe7147ed85334,data/raw/pdfs/27_หนองบัวลำภู.pdf,1,29,25.84252,448.24649,1088.8346429729727,461.54649
pdf_12:p2:r3,rec_4d9475e962037f2a29fbfee78f7a2eea135f0248e16256915ece9e4e65ad9b70,502,pdf_12,a807bf56c3fc6df739b3c4e072038fd3824bd793ca3bbc711cf4169e5e81ff9c,data/raw/pdfs/12_ระยอง.pdf,2,3,25.842520000000004,65.94260000000001,1088.8346355555555,79.24259999999998
pdf_56:p1:r26,rec_ea7b2c84b83f0172cda9aba879c27345bf0d2a0880d38c4b7f5bfe27eb29b876,503,pdf_56,f0ce416ab9d3f527c2052960422068d0564c2b8833f2a75d05cab7aa8280b0d5,data/raw/pdfs/56_กาญจนบุรี.pdf,1,26,25.84252,408.34649,1088.8346429729727,421.64649
pdf_03:p3:r9,rec_4757ae517696c165136ef3c5cfc76c781c1559495aa90eff1777b7d8bc8d795f,504,pdf_03,7dd9e7f51732791c63183067d85d18d20f856edf0c2dff89dbda84d866df2d62,data/raw/pdfs/03_นนทบุรี.pdf,3,9,25.84252,145.74255999999997,1088.8346404878048,159.04255999999998
pdf_36:p1:r15,rec_698c37d5bfa009249bd1f8a66cf46d0d8a18fcab41cd22cf286f2379b522e537,505,pdf_36,e5624d419ac85611ac4b3fe0a27d6bfa73a7b474d5b0ee2a6b1a7b64f4783d70,data/raw/pdfs/36_นครพนม.pdf,1,15,25.84252,262.04648999999995,1088.8346429729727,275.34649
pdf_52:p1:r28,rec_588a1519d9271689a35dd07853d3ffb2143e95377198ac7f6950bd21f3cd8f5c,506,pdf_52,9cb0d6cf6dff8fc890e8435c67310ba7051a6c49c0a0cbb9b817f49c8ece0551,data/raw/pdfs/52_พิษณุโลก.pdf,1,28,25.84252,434.94649,1088.8346429729727,448.24649
pdf_05:p1:r33,rec_387521ce8ede6ff672624c09594cc2748edc99c660d9a22f10111fad812b9edb,507,pdf_05,ae1ba5ac5ef768c29045f4282a9047c71474a8d654003bfa51574874b3f415fc,data/raw/pdfs/05_พระนครศรีอยุธยา.pdf,1,33,25.84252,501.44649,1088.8346429729727,514.74649
pdf_36:p2:r16,rec_748c15586f3df24b71fd3ce861f10087a1a22e54bb1079abc9e8467ac9e8b59a,508,pdf_36,e5624d419ac85611ac4b3fe0a27d6bfa73a7b474d5b0ee2a6b1a7b64f4783d70,data/raw/pdfs/36_นครพนม.pdf,2,16,25.84252,238.8426,1088.8346294736841,252.14260000000002
pdf_49:p1:r23,rec_a8593f3cbc600ceb09e091ec4780ed94aa94a0db8406dbee1738dddf8475bdd7,509,pdf_49,6ada8eb27a34993420ed8c6db69aa4ae13ff4283abdb43b9d76a05d6794f6a27,data/raw/pdfs/49_กำแพงเพชร.pdf,1,23,25.84252,368.44649,1088.8346429729727,381.74649
pdf_23:p2:r18,rec_2d1c8531be7f6f5326f43ee7b7e967b026c801b5357770aa19dffaba66c9f621,510,pdf_23,771338278a591f8b5dfd252a64922234ef0d7071b6e6cd32beb2341668023e47,data/raw/pdfs/23_อุบลราชธานี.pdf,2,18,25.84252,265.44255999999996,1088.8346404878048,278.74255999999997
pdf_56:p2:r23,rec_ee856c443be5e06190c3e20ce38e5d6a4bb0e78a88ef0c49c546d415c6aea5a4,511,pdf_56,f0ce416ab9d3f527c2052960422068d0564c2b8833f2a75d05cab7aa8280b0d5,data/raw/pdfs/56_กาญจนบุรี.pdf,2,23,25.84252,331.94256,1088.8346394594591,345.24256
pdf_19:p2:r6,rec_7b6215052c549fd9620d5c534a6263c07a872d773bb54293efe696948b30e19b,512,pdf_19,2fbc685c790d957bd597a9ae4cbc69a07dacbb20cab611015cf1ce2eecd5982c,data/raw/pdfs/19_นครราชสีมา.pdf,2,6,25.84252,105.84256,1088.8346404878048,119.14255999999996
pdf_34:p1:r1,rec_710de46d2ba6008c390d5032379d1d6d3c557a775fb3097b7c89ece1584e9c5c,513,pdf_34,30b4d774cb5320d220f159e40b6587975e86746b88d9aa4836232840654436f4,data/raw/pdfs/34_กาฬสินธุ์.pdf,1,1,25.84252,84.34649999999999,1088.834626363636,97.64649999999995
pdf_58:p3:r6,rec_120fa1ad3e7919f0714dd418bcf442281bd1fd1f0a5e4231580bba6de6b6396a,514,pdf_58,8ff0dc3c9fe92f1cc2721c37fe35cfcc653ad17ca531672dc94686e7776d35a5,data/raw/pdfs/58_นครปฐม.pdf,3,6,25.84252,105.84259999999995,1088.8346304999998,119.14259999999999
pdf_04:p1:r10,rec_4cea36a70bebd93e72bd28c01a5e6d8372b0eaaa877aaff8898839100b96078e,515,pdf_04,83861a2a02db33dda27703227bb90cd50ba1b9144123e42912f926c1d1043c39,data/raw/pdfs/04_ปทุมธานี.pdf,1,10,25.84252,195.54648999999995,1088.8346429729727,208.84649
pdf_73:p3:r7,rec_f57e16cb2b217c8e19b106b17da7ae40c62395cea361518ae2e534f4c308970f,516,pdf_73,8a9a8b1fb9d81eb7f2d76afa1f886621ea38587fc4c60902bc317398649ff90e,data/raw/pdfs/73_พัทลุง.pdf,3,7,25.842519999999997,119.14260000000002,1088.8346314285711,132.44259999999997
pdf_48:p1:r2,rec_049d7d3a97e6dc58bcf7db157eaa2928801dd6c1654599c4657745fcb36c9c9f,517,pdf_48,4ace8fb0ec02d2b1aa95432a9b9e883581d60aba88879e64923cce23b14c3f06,data/raw/pdfs/48_อุทัยธานี.pdf,1,2,25.842519999999997,89.14649999999997,1088.8346376190475,102.44650000000001
pdf_35:p1:r8,rec_576260b628caf008dd9dff5e529c6cb367df9aa740d3c5d8a238c54a821e780b,518,pdf_35,34e8cb69b8d0f03a2caba0ffc0eb6d4b5233159b13350c073968de56ab12b69f,data/raw/pdfs/35_สกลนคร.pdf,1,8,25.84252,168.94649000000004,1088.8346429729727,182.24649
pdf_06:p1:r13,rec_13897650eaa6857e75b4f296d5340d8887a403f1de0e7d667c804d88eeae841a,519,pdf_06,03acf167c8c7dcc3b7e6ccbd9afcaa05e3b5157df416e00c1b7e146d91880d3c,data/raw/pdfs/06_อ่างทอง.pdf,1,13,25.84252,235.44649000000004,1088.8346429729727,248.74649
pdf_36:p2:r12,rec_7217e9588da755c7701b2b57768fc6646275e37ab20cf95d735af474454f380b,520,pdf_36,e5624d419ac85611ac4b3fe0a27d6bfa73a7b474d5b0ee2a6b1a7b64f4783d70,data/raw/pdfs/36_นครพนม.pdf,2,12,25.84252,185.64260000000002,1088.8346294736841,198.94260000000003
pdf_69:p2:r2,rec_a923be2c88f7c3a0bd78b3d0dbddc18ce72189bf4971b80742917ef6bf533a64,521,pdf_69,769b283c00d83344280df884874571c2a99d89f78de64644b43bf9c6a108efa4,data/raw/pdfs/69_ชุมพร.pdf,2,2,25.84252,52.64256,1088.8346404878048,65.94255999999996
pdf_70:p2:r7,rec_82a443bffdf66f0c9edf5c82a952bbd71651ef4ec4d2f89c8f9d6d84540c1698,522,pdf_70,dd0c8cec48b7f0994639864765a097630785c0e22135d674cb3057f22c0f80ab,data/raw/pdfs/70_สงขลา.pdf,2,7,25.84252,119.14259999999999,1088.8346391666664,132.44259999999997
pdf_04:p2:r24,rec_e2ef08df083ee20fee33f12b666eb2f99aff53f9e908e62a704c7741cedf47af,523,pdf_04,83861a2a02db33dda27703227bb90cd50ba1b9144123e42912f926c1d1043c39,data/raw/pdfs/04_ปทุมธานี.pdf,2,24,25.84252,345.24256,1088.8346404878048,358.54256
pdf_38:p2:r2,rec_c1ab2c24362199790d6d80e80990e65bdc7bc548a561dcf82f274cd849b51491,524,pdf_38,462a1c486a501887e4446ef7e812041c7d158ab4442235b85572d4a89fd7f492,data/raw/pdfs/38_เชียงใหม่.pdf,2,2,25.84252,52.642600000000016,1088.8346109999998,65.94259999999997
pdf_53:p1:r4,rec_fa112c544e10bbb6f7e73b25b5d587e7859e088b4973d3ee64efa52d6c80c314,525,pdf_53,41aaaf3a91961ab9b2dee694f50d9a086d1ad80beffe1b54e81370016a11cb14,data/raw/pdfs/53_พิจิตร.pdf,1,4,25.84252,124.24649,1088.8346429729727,137.54648999999995
pdf_02:p2:r2,rec_f40e141ddbc10c6bf497c7c6dce2145c14684ee09f73e42a352b0c26287284ef,526,pdf_02,368a15805d33fb210ed50297795f7f50bf822054e05b59bf71bfa25bee0f3a3c,data/raw/pdfs/02_สมุทรปราการ.pdf,2,2,25.84252,52.64256,1088.8346404878048,65.94255999999996
pdf_04:p4:r11,rec_e92f1fabc2741a634c533ed88296e4b51baac407b247d40c105191fc02cf384c,527,pdf_04,83861a2a02db33dda27703227bb90cd50ba1b9144123e42912f926c1d1043c39,data/raw/pdfs/04_ปทุมธานี.pdf,4,11,25.84252,172.34256,1088.8346404878048,185.64255999999995
pdf_16:p2:r11,rec_dab9f28e50ded8e3bca5d064c53861ac04ec20d0a03fb0597cc08dca7ba51988,528,pdf_16,7b893a3f02630b40240d0242410f662e3fe91d8d5ea2449991bba89e89a89ea4,data/raw/pdfs/16_ปราจีนบุรี.pdf,2,11,25.84252,172.34259999999998,1088.8346365517239,185.64260000000002
pdf_15:p1:r34,rec_887ad4cd3371ad63ca7c3b058f5985cc8e33c01f8821af647dd979631505a0c4,529,pdf_15,bf99cdf12418fcdc90b3c1c739fd4e7e09ca40818852ca43bcd1c3284b3cf084,data/raw/pdfs/15_ฉะเชิงเทรา.pdf,1,34,25.84252,514.74649,1088.8346429729727,528.04649
pdf_31:p1:r4,rec_c9bfb5f4dc02d83f9e1c9cb9e0c5592d26aafe94d33ecae9a41167bc50610c47,530,pdf_31,f1a10c3940792a9b882ab08acb2b2394c5009faa4f9334ce940cf44438cf5d54,data/raw/pdfs/31_หนองคาย.pdf,1,4,25.84252,115.74649,1088.834642352941,129.04649
pdf_07:p2:r24,rec_c61bcdd61de608bcc2184beebbe70a3b47676e216d2521ddd80ba9a803e27aba,531,pdf_07,f00681093e03a60a87dbc3834edae199fd055d6366406e456741ffd059ff3b05,data/raw/pdfs/07_ลพบุรี.pdf,2,24,25.84252,345.24256,1088.8346404878048,358.54256
pdf_05:p1:r26,rec_81772ac1138ddb2cb1b27425eecf53ede694b76d23546ddba76844a2cc0271f1,532,pdf_05,ae1ba5ac5ef768c29045f4282a9047c71474a8d654003bfa51574874b3f415fc,data/raw/pdfs/05_พระนครศรีอยุธยา.pdf,1,26,25.84252,408.34649,1088.8346429729727,421.64649
pdf_36:p2:r7,rec_ae12baf8b0cc6fc661995ea75acb404f96d266edd1dc50f34a0552d7fec8da2a,533,pdf_36,e5624d419ac85611ac4b3fe0a27d6bfa73a7b474d5b0ee2a6b1a7b64f4783d70,data/raw/pdfs/36_นครพนม.pdf,2,7,25.84252,119.14260000000002,1088.8346294736841,132.44260000000003
pdf_59:p1:r31,rec_6aa73227999e0979355f27f73ff3819538ff567f1e37501b8818f3ac29f3126f,534,pdf_59,0c5827ab1fffa2ec0689a95405ee8640473ea428f18b199f44d2f71d4f366ad8,data/raw/pdfs/59_สมุทรสาคร.pdf,1,31,25.84252,474.84649,1088.8346429729727,488.14649
pdf_11:p1:r1,rec_c072dbd0692539b6089670889e6ce1f376bcfb6acaa97fa68d2de24edbc25867,535,pdf_11,3638acfefe295becff8609b6ee16edeea0914e518d215754813661f1c0a3f79b,data/raw/pdfs/11_ชลบุรี.pdf,1,1,25.84252,75.84649000000002,1088.8346429729727,89.14648999999997
pdf_73:p1:r15,rec_e624aa0d64246a9a457cdb07b7dee088593a5beae152093a00b4b76b5715a203,536,pdf_73,8a9a8b1fb9d81eb7f2d76afa1f886621ea38587fc4c60902bc317398649ff90e,data/raw/pdfs/73_พัทลุง.pdf,1,15,25.84252,270.54648999999995,1088.8346429729727,283.84649
pdf_17:p1:r12,rec_31c60609c2f23bfd2a8508d31a22c14eb7d6c0658df3be750503edd888cbee04,537,pdf_17,69ee6e20b50a8b481e887173d13a132193b234c6f6442cad70c9aa3f04917b71,data/raw/pdfs/17_นครนายก.pdf,1,12,25.84252,222.1465,1088.8346355555555,235.44650000000001
pdf_17:p1:r5,rec_9d1014a60b5ed3889b2c85a60afef8e6fa08dce0643ef1c4be98a80cd069bb1d,538,pdf_17,69ee6e20b50a8b481e887173d13a132193b234c6f6442cad70c9aa3f04917b71,data/raw/pdfs/17_นครนายก.pdf,1,5,25.84252,129.04650000000004,1088.8346355555555,142.3465
pdf_10:p3:r14,rec_e83be01b037d44815d89d3aae5ed1423682d0c0fbf512a908289b920597c1b36,539,pdf_10,5e0a433bc2cc307479a32d344bf5b0b4f006af0a3d0ccc1493fb587c885896c1,data/raw/pdfs/10_สระบุรี.pdf,3,14,25.842519999999997,212.24259999999998,1088.8346314285711,225.5426
pdf_58:p2:r25,rec_89cd328e49d1c32804555d1932c66d803bd841a34b776e2f2bd1030b8ed69b7d,540,pdf_58,8ff0dc3c9fe92f1cc2721c37fe35cfcc653ad17ca531672dc94686e7776d35a5,data/raw/pdfs/58_นครปฐม.pdf,2,25,25.84252,358.54256,1088.8346404878048,371.84256
pdf_64:p1:r6,rec_ff40dd5e659b0f2531e94ee0c3e22486ed1fcf8c389d2f074c85c208672f583b,541,pdf_64,a4e4abc03757d1e14ce1bfb2e426567faeea8fce3152123821e712496872240e,data/raw/pdfs/64_กระบี่.pdf,1,6,25.84252,142.34649000000002,1088.8346429729727,155.64648999999997
pdf_10:p1:r17,rec_c253d208713b1ed384aba94cbe422163b54f5991addacc79c3a6f1fa2b83407d,542,pdf_10,5e0a433bc2cc307479a32d344bf5b0b4f006af0a3d0ccc1493fb587c885896c1,data/raw/pdfs/10_สระบุรี.pdf,1,17,25.84252,288.64649,1088.8346429729727,301.94649
pdf_67:p1:r7,rec_caa9e416b37ecda4074c8b0a38ae3651661b1933ccb766fd46cbbe2de6ca59e8,543,pdf_67,b66fc9f9229750b7a04c0e5c07c072d77eb0800ed604da819fb28b6c4a75a636,data/raw/pdfs/67_สุราษฎร์ธานี.pdf,1,7,25.84252,155.64648999999997,1088.8346429729727,168.94649000000004
pdf_28:p1:r5,rec_fa0b1858eda1fa2a9cf4209b5e3b0ff6a1cc6a6b584d08408be3b2e7977264df,544,pdf_28,38e1a8d128ab928dd0bef117c9dbaa8191aea027adc2dae9137f68937f31d040,data/raw/pdfs/28_ขอนแก่น.pdf,1,5,25.84252,129.04648999999995,1088.8346429729727,142.34649000000002
pdf_74:p1:r12,rec_49fb9f9bfbcfaba19d5c0252a72ef315d6788a89159bb0c21905197a9f0af7d9,545,pdf_74,a740362f586a24f46fcc09fc1a1bc6391556e4c9bc432141903734f7833f39db,data/raw/pdfs/74_ปัตตานี.pdf,1,12,25.84252,222.14649,1088.8346429729727,235.44649000000004
pdf_73:p3:r1,rec_4777db28ecf2088ed034f2600c68f78b64a1e1f12ecb1710d71d2461b8e15ce7,546,pdf_73,8a9a8b1fb9d81eb7f2d76afa1f886621ea38587fc4c60902bc317398649ff90e,data/raw/pdfs/73_พัทลุง.pdf,3,1,25.842519999999997,39.34259999999995,1088.8346314285711,52.642600000000016
pdf_18:p1:r5,rec_ea526dabb54300154bb6befbae307a3c1fcc931586fb4cf195270c26f7f4e51d,547,pdf_18,be2f47080dc7e95c466a639def50661998348f89a3d3495b6324e03e6ac06a59,data/raw/pdfs/18_สระแก้ว.pdf,1,5,25.84252,129.04648999999998,1088.834642121212,142.34648999999996
pdf_11:p1:r20,rec_d3902cef5ff3efa6189e6e86f7070ee00e4b8e79e7471bf4b21364547e2543d3,548,pdf_11,3638acfefe295becff8609b6ee16edeea0914e518d215754813661f1c0a3f79b,data/raw/pdfs/11_ชลบุรี.pdf,1,20,25.84252,328.54649,1088.8346429729727,341.84649
pdf_09:p1:r14,rec_5c5bd153e05f1683025a22711676ac986a2c42d1f514fb3981d6b67dabdc6e7e,549,pdf_09,1912b318a38a3716d462ae8461062b50db721b56bb5dcac725c184bafd97be54,data/raw/pdfs/09_ชัยนาท.pdf,1,14,25.84252,248.74649999999997,1088.8346395999997,262.0465
pdf_55:p2:r8,rec_c0630a5d7fc07870079ec6918cbee806074e98487e53b66c7cb66726507f9f1e,550,pdf_55,fe2373eb0d81516b45b09f5bb593a35bc32f505875cafd93f214ca6bc310c4d4,data/raw/pdfs/55_ราชบุรี.pdf,2,8,25.84252,132.44260000000003,1088.834622142857,145.74260000000004
pdf_55:p2:r9,rec_c0630a5d7fc07870079ec6918cbee806074e98487e53b66c7cb66726507f9f1e,551,pdf_55,fe2373eb0d81516b45b09f5bb593a35bc32f505875cafd93f214ca6bc310c4d4,data/raw/pdfs/55_ราชบุรี.pdf,2,9,25.84252,145.74260000000004,1088.834622142857,159.0426
pdf_70:p2:r8,rec_734875f8118948488d7d912520b817be68dced645e4e269627e790678adeae33,552,pdf_70,dd0c8cec48b7f0994639864765a097630785c0e22135d674cb3057f22c0f80ab,data/raw/pdfs/70_สงขลา.pdf,2,8,25.84252,132.44259999999997,1088.8346391666664,145.74259999999998
pdf_02:p3:r1,rec_110cba2526eb2a99cbfc4ad319e7c34c2b0500ce7385af6c6d8cf64a2bd85187,553,pdf_02,368a15805d33fb210ed50297795f7f50bf822054e05b59bf71bfa25bee0f3a3c,data/raw/pdfs/02_สมุทรปราการ.pdf,3,1,25.84252,39.34259999999995,1088.8346343999997,52.642600000000016
pdf_22:p1:r13,rec_a8b773047962da5fc257ab5bdbe27a82ca072e9ab447000481e89664457e1253,554,pdf_22,2695490faf896b9d7501aa7f09b83fc02b29dc6d768bbbf3a99d9138839b7d3e,data/raw/pdfs/22_ศรีสะเกษ.pdf,1,13,25.84252,243.94650000000001,1088.8346395999997,257.24649999999997
pdf_73:p2:r22,rec_5038761e93c2911dd686aa136be1b776e74b3ecf58e04d7ad0520ff01c76b4e2,555,pdf_73,8a9a8b1fb9d81eb7f2d76afa1f886621ea38587fc4c60902bc317398649ff90e,data/raw/pdfs/73_พัทลุง.pdf,2,22,25.84252,318.64256,1088.8346404878048,331.94255999999996
pdf_71:p1:r7,rec_49518c0c0d06dfcf41a77a2c021ca1c806ef6c88d74ecf1590b14b1be98635cd,556,pdf_71,639082545e4a719e41bac9fcbfd55a943a269cfdf276e85b2e44844d06d2a73a,data/raw/pdfs/71_สตูล.pdf,1,7,25.84252,155.6465,1088.8346395999997,168.94650000000001
pdf_69:p2:r13,rec_286a285ea2303670d835d2f5b54b61536d2d9a63e282ed9b2fef5db6d0d7147e,557,pdf_69,769b283c00d83344280df884874571c2a99d89f78de64644b43bf9c6a108efa4,data/raw/pdfs/69_ชุมพร.pdf,2,13,25.84252,198.94255999999996,1088.8346404878048,212.24255999999997
pdf_66:p3:r3,rec_2bdc84c43ccb9ee5511216c6583e2c280d11ca6411212fe8f8426e850bba59ef,558,pdf_66,012255400d37e8c732ded7ebc3c018108c8f4aa391112b3f6d6515d21e797ab6,data/raw/pdfs/66_ภูเก็ต.pdf,3,3,25.84252,65.94255999999996,1088.8346397368418,79.24256
pdf_28:p1:r11,rec_5444175b18bac7f35a6c31414e15258c473dd04db639acfe0c07a604c3d0e452,559,pdf_28,38e1a8d128ab928dd0bef117c9dbaa8191aea027adc2dae9137f68937f31d040,data/raw/pdfs/28_ขอนแก่น.pdf,1,11,25.84252,208.84649,1088.8346429729727,222.14649
pdf_64:p2:r6,rec_729a4dcf48537498c816d1b3ebbdc5c2b807c6ff71f49305950790fa2b33a431,560,pdf_64,a4e4abc03757d1e14ce1bfb2e426567faeea8fce3152123821e712496872240e,data/raw/pdfs/64_กระบี่.pdf,2,6,25.84252,105.84256,1088.8346404878048,119.14255999999996
pdf_18:p1:r16,rec_3daf95a0854fbf01efe252f8a1a80861384d416052f78c57f90f9d068b76c642,561,pdf_18,be2f47080dc7e95c466a639def50661998348f89a3d3495b6324e03e6ac06a59,data/raw/pdfs/18_สระแก้ว.pdf,1,16,25.84252,275.34649,1088.834642121212,288.64649
pdf_64:p3:r4,rec_0b61550d8d4ef5d6bcb0ed8dd9845ec1b2cb1d2458638ae6f17f54bd31afd8d7,562,pdf_64,a4e4abc03757d1e14ce1bfb2e426567faeea8fce3152123821e712496872240e,data/raw/pdfs/64_กระบี่.pdf,3,4,25.84252,79.24255999999997,1088.8346404878048,92.54255999999998
pdf_69:p1:r25,rec_e71da5910ad993c9b0c665a1bba2a3c52dae4a69246beef98267c75af2b2977c,563,pdf_69,769b283c00d83344280df884874571c2a99d89f78de64644b43bf9c6a108efa4,data/raw/pdfs/69_ชุมพร.pdf,1,25,25.84252,395.04649,1088.8346429729727,408.34649
pdf_67:p2:r5,rec_462ed2be50fee5796afef93a86a98e10d73bf4b78e4d8f6024131b0ca8c3f2c4,564,pdf_67,b66fc9f9229750b7a04c0e5c07c072d77eb0800ed604da819fb28b6c4a75a636,data/raw/pdfs/67_สุราษฎร์ธานี.pdf,2,5,25.84252,92.54255999999998,1088.8346404878048,105.84256
pdf_64:p1:r29,rec_011c00aa12cadbaac199f715f00691102a9600f1df8db18938ba9522e52a76e4,565,pdf_64,a4e4abc03757d1e14ce1bfb2e426567faeea8fce3152123821e712496872240e,data/raw/pdfs/64_กระบี่.pdf,1,29,25.84252,448.24649,1088.8346429729727,461.54649
pdf_21:p1:r3,rec_6803646fbf7e5852860199504468dde1f87c00ef47871e76d9c2651c8e51b01a,566,pdf_21,30de42d8df83af320948c083353a9109256e5f6ce057c8d941902c86bbb645dd,data/raw/pdfs/21_สุรินทร์.pdf,1,3,25.84252,102.44649999999997,1088.8346369999997,115.74649999999997
pdf_57:p2:r37,rec_b9d873cb76427f3c1b1737020b2cfe95cf52219969c376c010d24e028ce85a19,567,pdf_57,9b6f57faac860a1339f68519b1b756d3ef34cc2ccd4962f5e15b78600e7c9112,data/raw/pdfs/57_สุพรรณบุรี.pdf,2,37,25.84252,518.14256,1088.8346404878048,531.44256
pdf_03:p3:r11,rec_1124317acea1477ce1c6f1c8dc3ec5cfbcf78a508cbaffefefd3c3c8c2cd2932,568,pdf_03,7dd9e7f51732791c63183067d85d18d20f856edf0c2dff89dbda84d866df2d62,data/raw/pdfs/03_นนทบุรี.pdf,3,11,25.84252,172.34256,1088.8346404878048,185.64255999999995
pdf_72:p2:r6,rec_9d8c1055bb54dc5b8a6913ef45df061b290a05e70de91ff22a5745ffb370d717,569,pdf_72,04f947c56ddf01a73b376cdbb3099e393f9141fff3fec2504b9e031114606073,data/raw/pdfs/72_ตรัง.pdf,2,6,25.84252,105.84255999999998,1088.8346402499997,119.14256
pdf_58:p2:r26,rec_b75adf6d13752afb0ed127c1484d70833cc847161124a8e913016339cf780625,570,pdf_58,8ff0dc3c9fe92f1cc2721c37fe35cfcc653ad17ca531672dc94686e7776d35a5,data/raw/pdfs/58_นครปฐม.pdf,2,26,25.84252,371.84256,1088.8346404878048,385.14256
pdf_57:p2:r14,rec_f6a6aa7d5d1b82820281ca7d2970240026669924171a79b381ab5c181f951886,571,pdf_57,9b6f57faac860a1339f68519b1b756d3ef34cc2ccd4962f5e15b78600e7c9112,data/raw/pdfs/57_สุพรรณบุรี.pdf,2,14,25.84252,212.24255999999997,1088.8346404878048,225.54255999999995
pdf_03:p3:r10,rec_25890e27efe1bb4fef6d5fde46cb842bff9afa95085c34263e6a0cc574e5f2d6,572,pdf_03,7dd9e7f51732791c63183067d85d18d20f856edf0c2dff89dbda84d866df2d62,data/raw/pdfs/03_นนทบุรี.pdf,3,10,25.84252,159.04255999999998,1088.8346404878048,172.34256
pdf_49:p1:r19,rec_5a852a2f9e25ffabd987b48af8e56ba2d55df49168014b3774fbecda8f123565,573,pdf_49,6ada8eb27a34993420ed8c6db69aa4ae13ff4283abdb43b9d76a05d6794f6a27,data/raw/pdfs/49_กำแพงเพชร.pdf,1,19,25.84252,315.24649,1088.8346429729727,328.54649
pdf_07:p2:r28,rec_2745e3ab95e793f6c1299aa89e32e772db7a13edcae38a881d4abf2bbbdb59a5,574,pdf_07,f00681093e03a60a87dbc3834edae199fd055d6366406e456741ffd059ff3b05,data/raw/pdfs/07_ลพบุรี.pdf,2,28,25.84252,398.44255999999996,1088.8346404878048,411.74256
pdf_73:p1:r12,rec_445112096209fb56d545fef24c718c0ee1492f19142e57408a670056be722dcd,575,pdf_73,8a9a8b1fb9d81eb7f2d76afa1f886621ea38587fc4c60902bc317398649ff90e,data/raw/pdfs/73_พัทลุง.pdf,1,12,25.84252,230.64649,1088.8346429729727,243.94649000000004
pdf_10:p3:r8,rec_579e11f4117b0ab59cba5dad7e3ac0c2ee2fe01958a83e8f2df149160e40d1ec,576,pdf_10,5e0a433bc2cc307479a32d344bf5b0b4f006af0a3d0ccc1493fb587c885896c1,data/raw/pdfs/10_สระบุรี.pdf,3,8,25.842519999999997,132.44259999999997,1088.8346314285711,145.74259999999998
pdf_56:p2:r31,rec_3557d29e1c84664ba1bdaec9a3ff7734e10a9b52f0acf90734124189b50dfb30,577,pdf_56,f0ce416ab9d3f527c2052960422068d0564c2b8833f2a75d05cab7aa8280b0d5,data/raw/pdfs/56_กาญจนบุรี.pdf,2,31,25.84252,438.34255999999993,1088.8346394594591,451.64256000000006
pdf_29:p1:r7,rec_edf7a773f50e023305f1478c8a207b638daa9f454c70dbc17fbb99f71b08a470,578,pdf_29,a1a30635ac132e2e87cc5b8c3c2c6e737453ecabe176861ce1a21609a26f3a1a,data/raw/pdfs/29_อุดรธานี.pdf,1,7,25.84252,155.64648999999997,1088.8346429729727,168.94649000000004
pdf_66:p2:r31,rec_58aa66526369e8860827f74277ac23b9a52cf2de5ce9980df4bb3fdf8f1084eb,579,pdf_66,012255400d37e8c732ded7ebc3c018108c8f4aa391112b3f6d6515d21e797ab6,data/raw/pdfs/66_ภูเก็ต.pdf,2,31,25.84252,438.34255999999993,1088.8346404878048,451.64256000000006
pdf_54:p2:r22,rec_4b83403c084a067e8b7d9f5c86c445796c850b42f1c9fe17e345991c2464b9a5,580,pdf_54,884b1d2d94fff12fa64928c8a22df877265f50fbc00dfcb61f5a4636dd1c14c8,data/raw/pdfs/54_เพชรบูรณ์.pdf,2,22,25.84252,318.64256,1088.8346404878048,331.94255999999996
pdf_02:p1:r30,rec_14b137b11655526aea1395eb27eee77c7ae5fc941025022b4ea86d31449c6e7e,581,pdf_02,368a15805d33fb210ed50297795f7f50bf822054e05b59bf71bfa25bee0f3a3c,data/raw/pdfs/02_สมุทรปราการ.pdf,1,30,25.84252,461.54649,1088.8346429729727,474.84649
pdf_28:p1:r6,rec_96a5482b11d08e3b284f66c2e2348bbd083271098a279a62c4158c001d4853aa,582,pdf_28,38e1a8d128ab928dd0bef117c9dbaa8191aea027adc2dae9137f68937f31d040,data/raw/pdfs/28_ขอนแก่น.pdf,1,6,25.84252,142.34649000000002,1088.8346429729727,155.64648999999997
pdf_44:p1:r2,rec_585c70777f1b397062d5d35e286f3b67af830e97580122274d6ff368ae15f1a3,583,pdf_44,0b6a87addaacef010594603f0dfdfb6eeb947a760e12360b52409636f432ab36,data/raw/pdfs/44_พะเยา.pdf,1,2,25.84252,89.14649999999995,1088.8346369999997,102.44649999999997
pdf_39:p1:r10,rec_c8dc1ef5caa727baea3db7f74340ede91bc6cdd7e2370963ed23303ba2681595,584,pdf_39,f8439630693dcb0a91ca91bc39687ac32878a128fb24ec09b75d075fce0bca64,data/raw/pdfs/39_ลำพูน.pdf,1,10,25.84252,195.54649999999998,1088.8346369999997,208.84650000000002
pdf_69:p1:r35,rec_cbb86311f8aab4583514c778262e49bdcc01d85f5e3551ec1eafff8bd24b034e,585,pdf_69,769b283c00d83344280df884874571c2a99d89f78de64644b43bf9c6a108efa4,data/raw/pdfs/69_ชุมพร.pdf,1,35,25.84252,528.04649,1088.8346429729727,541.3464899999999
pdf_27:p1:r21,rec_0a31724a0e1c0c2dfb50930e48759e1d000cbf1408ad75f2cff581b2db367036,586,pdf_27,bf545cbe9d19aa5a22880cf18f4484776d7d3e1348605d1451dfe7147ed85334,data/raw/pdfs/27_หนองบัวลำภู.pdf,1,21,25.84252,341.84649,1088.8346429729727,355.14649
pdf_58:p3:r15,rec_6a8f0704a02d35e5044b8d607812d1ba5019a82f4e61257b592d798bda526f7f,587,pdf_58,8ff0dc3c9fe92f1cc2721c37fe35cfcc653ad17ca531672dc94686e7776d35a5,data/raw/pdfs/58_นครปฐม.pdf,3,15,25.84252,225.5426,1088.8346304999998,238.84259999999995
pdf_59:p2:r35,rec_d319e2bbb3e9d3cdbd7646f193d6583f512044d86c8f9093c8e9a8f2dba26385,588,pdf_59,0c5827ab1fffa2ec0689a95405ee8640473ea428f18b199f44d2f71d4f366ad8,data/raw/pdfs/59_สมุทรสาคร.pdf,2,35,25.84252,491.54256,1088.8346404878048,504.84255999999993
pdf_64:p1:r25,rec_ed9027de0c18d067fcda3641fbeda08f777b087fe36cc85449d80f2ae784540b,589,pdf_64,a4e4abc03757d1e14ce1bfb2e426567faeea8fce3152123821e712496872240e,data/raw/pdfs/64_กระบี่.pdf,1,25,25.84252,395.04649,1088.8346429729727,408.34649
pdf_69:p2:r25,rec_e6226b1113b9b1000a2b03a673aff98c60921e8b2e075744ebcd2d91f8f60fcb,590,pdf_69,769b283c00d83344280df884874571c2a99d89f78de64644b43bf9c6a108efa4,data/raw/pdfs/69_ชุมพร.pdf,2,25,25.84252,358.54256,1088.8346404878048,371.84256
pdf_23:p2:r21,rec_9e83e885efeb24093b2ede237ed021e4d3b7a9f1d5f149ac08add5ef4d0c1d24,591,pdf_23,771338278a591f8b5dfd252a64922234ef0d7071b6e6cd32beb2341668023e47,data/raw/pdfs/23_อุบลราชธานี.pdf,2,21,25.84252,305.34256,1088.8346404878048,318.64256
pdf_47:p1:r4,rec_5452c031f8b5383afa40a9886d7f5784c021f32c92e7242a4044d2ee0c5ed812,592,pdf_47,365b7fdb0bc54f527416d61502059d02cd2aaa1ed2d3600907d80b79987b64c8,data/raw/pdfs/47_นครสวรรค์.pdf,1,4,25.84252,115.74649999999997,1088.8346326666665,129.04649999999998
pdf_39:p1:r16,rec_4d6b38a552b978f6521b25b2645dc9f63424a43c74697f76163fdd1e3ac951e0,593,pdf_39,f8439630693dcb0a91ca91bc39687ac32878a128fb24ec09b75d075fce0bca64,data/raw/pdfs/39_ลำพูน.pdf,1,16,25.84252,275.3465,1088.8346369999997,288.64649999999995
pdf_03:p5:r5,rec_fab2b007ae61a0b971efb0b8fa0b0adf2d8b0262e86dcd72a0984df28843fcdc,594,pdf_03,7dd9e7f51732791c63183067d85d18d20f856edf0c2dff89dbda84d866df2d62,data/raw/pdfs/03_นนทบุรี.pdf,5,5,25.84252,92.5426,1088.8346391666664,105.84259999999999
pdf_54:p2:r32,rec_6d44da557c3a03dcf020572e69bcac18fbce9d4ffe84cba3e7300d0d0ecba2da,595,pdf_54,884b1d2d94fff12fa64928c8a22df877265f50fbc00dfcb61f5a4636dd1c14c8,data/raw/pdfs/54_เพชรบูรณ์.pdf,2,32,25.84252,451.64256000000006,1088.8346404878048,464.94255999999996
pdf_67:p3:r20,rec_586a2e4d6d4ea068f79c94d54dbdc7b7910bca476622bcfab1c9a8aaf7ac29b0,596,pdf_67,b66fc9f9229750b7a04c0e5c07c072d77eb0800ed604da819fb28b6c4a75a636,data/raw/pdfs/67_สุราษฎร์ธานี.pdf,3,20,25.84252,292.04256,1088.8346404878048,305.34256
pdf_23:p3:r2,rec_b188122745a7858af372c8e7a0019b7f70b9c646992575723edd9a55edaa732a,597,pdf_23,771338278a591f8b5dfd252a64922234ef0d7071b6e6cd32beb2341668023e47,data/raw/pdfs/23_อุบลราชธานี.pdf,3,2,25.84252,52.642600000000016,1088.8346388571426,65.94259999999997
pdf_04:p3:r14,rec_ff31dfdc399ea8bd6c3b7c0921e7db6985150587947a36ede9be416f21b403bc,598,pdf_04,83861a2a02db33dda27703227bb90cd50ba1b9144123e42912f926c1d1043c39,data/raw/pdfs/04_ปทุมธานี.pdf,3,14,25.84252,212.24255999999997,1088.8346404878048,225.54255999999995
pdf_70:p2:r2,rec_c150a6524d88b8a7930fda04ecf1e99cedf1cb6d0cab826645e0de0ee10c4963,599,pdf_70,dd0c8cec48b7f0994639864765a097630785c0e22135d674cb3057f22c0f80ab,data/raw/pdfs/70_สงขลา.pdf,2,2,25.84252,52.642599999999945,1088.8346391666664,65.94259999999997
pdf_68:p1:r24,rec_eb8f378af23a58802d6c63b7b84c28fee887996ce646ecaf7e9184bc050da837,600,pdf_68,3a242476c7c0c82cd6f78455b9ca30a8d8e875f3ae38090ae0fd5fb12805c593,data/raw/pdfs/68_ระนอง.pdf,1,24,25.84252,381.74649,1088.8346429729727,395.04649
pdf_73:p2:r13,rec_2742e9a13ddf6a350f28d311d1691e4d45d9c948bcf3c6ebc2ec1bed359dc655,601,pdf_73,8a9a8b1fb9d81eb7f2d76afa1f886621ea38587fc4c60902bc317398649ff90e,data/raw/pdfs/73_พัทลุง.pdf,2,13,25.84252,198.94255999999996,1088.8346404878048,212.24255999999997
pdf_05:p2:r5,rec_6eadb38db4a2d035c1e0cc9c8b3e341b72751b1045eefb362872bd87e9341542,602,pdf_05,ae1ba5ac5ef768c29045f4282a9047c71474a8d654003bfa51574874b3f415fc,data/raw/pdfs/05_พระนครศรีอยุธยา.pdf,2,5,25.84252,92.54255999999998,1088.8346404878048,105.84256
pdf_56:p2:r19,rec_f2d18f1b2f3203baf465dcc4599ff2e26b7039fe4a3f021f6dd6bc4955d08812,603,pdf_56,f0ce416ab9d3f527c2052960422068d0564c2b8833f2a75d05cab7aa8280b0d5,data/raw/pdfs/56_กาญจนบุรี.pdf,2,19,25.84252,278.74256,1088.8346394594591,292.04256
pdf_72:p1:r4,rec_77bd1f10b9ededdc691c511b89cc2c9c189d2c5a8744d8a33ab4d84c3372d643,604,pdf_72,04f947c56ddf01a73b376cdbb3099e393f9141fff3fec2504b9e031114606073,data/raw/pdfs/72_ตรัง.pdf,1,4,25.84252,115.74649,1088.8346429729727,129.04648999999995
pdf_57:p2:r24,rec_98c2432922cc27d29f43f062a1e7d3eaf3d179da984f9513f051d0ecd83f8de7,605,pdf_57,9b6f57faac860a1339f68519b1b756d3ef34cc2ccd4962f5e15b78600e7c9112,data/raw/pdfs/57_สุพรรณบุรี.pdf,2,24,25.84252,345.24256,1088.8346404878048,358.54256
pdf_36:p1:r26,rec_2bdda0701d97d3c6c77ce9018a268fa37144bd4afab312299b455de800a3bc15,606,pdf_36,e5624d419ac85611ac4b3fe0a27d6bfa73a7b474d5b0ee2a6b1a7b64f4783d70,data/raw/pdfs/36_นครพนม.pdf,1,26,25.84252,408.34649,1088.8346429729727,421.64649
pdf_02:p2:r14,rec_6ab03b047b9ac909757fce12963193f6577e56f18fc618e857c9db7e7fd67df3,607,pdf_02,368a15805d33fb210ed50297795f7f50bf822054e05b59bf71bfa25bee0f3a3c,data/raw/pdfs/02_สมุทรปราการ.pdf,2,14,25.84252,212.24255999999997,1088.8346404878048,225.54255999999995
pdf_10:p2:r25,rec_f7ff97e8685671d8ddaeb18afec990cebbd65a71923cb408337bd0a7216b8982,608,pdf_10,5e0a433bc2cc307479a32d344bf5b0b4f006af0a3d0ccc1493fb587c885896c1,data/raw/pdfs/10_สระบุรี.pdf,2,25,25.84252,358.54256,1088.8346404878048,371.84256
pdf_35:p2:r5,rec_0b375bdfba5f7bb18ec24efb54d4223ea245be5f426747b2eece8f59dea63b82,609,pdf_35,34e8cb69b8d0f03a2caba0ffc0eb6d4b5233159b13350c073968de56ab12b69f,data/raw/pdfs/35_สกลนคร.pdf,2,5,25.84252,92.5426,1088.8346109999998,105.84259999999995
pdf_04:p4:r17,rec_fba037725ebe5f60acab081268ed6f6f0a0fb592a4b09b017c4e6ccb372f9e60,610,pdf_04,83861a2a02db33dda27703227bb90cd50ba1b9144123e42912f926c1d1043c39,data/raw/pdfs/04_ปทุมธานี.pdf,4,17,25.84252,252.14255999999995,1088.8346404878048,265.44255999999996
pdf_03:p3:r12,rec_ba90d66133289ea0c2eb13c676ce28a1b2d9cfccc39875e50f369fc922f767a6,611,pdf_03,7dd9e7f51732791c63183067d85d18d20f856edf0c2dff89dbda84d866df2d62,data/raw/pdfs/03_นนทบุรี.pdf,3,12,25.84252,185.64255999999995,1088.8346404878048,198.94255999999996
pdf_58:p2:r27,rec_bd92e0aa413cd49ca8731d7848c4286a30454acd71a118ea5c2a2788d87d1518,612,pdf_58,8ff0dc3c9fe92f1cc2721c37fe35cfcc653ad17ca531672dc94686e7776d35a5,data/raw/pdfs/58_นครปฐม.pdf,2,27,25.84252,385.14256,1088.8346404878048,398.44255999999996
pdf_23:p1:r29,rec_795dd646a89fcabef540ca0020359c084c31842e5fc179db6456b46867c1e973,613,pdf_23,771338278a591f8b5dfd252a64922234ef0d7071b6e6cd32beb2341668023e47,data/raw/pdfs/23_อุบลราชธานี.pdf,1,29,25.84252,456.74649,1088.8346429729727,470.04649
pdf_67:p6:r23,rec_9891cc69e5056df160afe568f50e726fbf68e4c3e260cc1124dbf80207d2fbc3,614,pdf_67,b66fc9f9229750b7a04c0e5c07c072d77eb0800ed604da819fb28b6c4a75a636,data/raw/pdfs/67_สุราษฎร์ธานี.pdf,6,23,25.84252,331.94255999999996,1088.8346404878048,345.24256
pdf_59:p3:r7,rec_a3c3be77173110f24b859bbd203c758052d8fb66c43b667ece3c220a45cc7f51,615,pdf_59,0c5827ab1fffa2ec0689a95405ee8640473ea428f18b199f44d2f71d4f366ad8,data/raw/pdfs/59_สมุทรสาคร.pdf,3,7,25.84252,119.14259999999994,1088.8346109999998,132.44259999999997
pdf_70:p2:r14,rec_f8cb2c8a54a3008b6166e5b2804f4d3e151f73d16368ce919d6b8a428feb7c1c,616,pdf_70,dd0c8cec48b7f0994639864765a097630785c0e22135d674cb3057f22c0f80ab,data/raw/pdfs/70_สงขลา.pdf,2,14,25.84252,212.24259999999998,1088.8346391666664,225.5426
pdf_54:p2:r2,rec_7c4252441fb7d027b47a44d93eb6fa62725bf1b020d30df7cedcdd6274abae19,617,pdf_54,884b1d2d94fff12fa64928c8a22df877265f50fbc00dfcb61f5a4636dd1c14c8,data/raw/pdfs/54_เพชรบูรณ์.pdf,2,2,25.84252,52.64256,1088.8346404878048,65.94255999999996
pdf_35:p2:r6,rec_b60d7bcf1fd610a470802cfe1da5b4598e49debc69e741ff42e13e0444ca677b,618,pdf_35,34e8cb69b8d0f03a2caba0ffc0eb6d4b5233159b13350c073968de56ab12b69f,data/raw/pdfs/35_สกลนคร.pdf,2,6,25.84252,105.84259999999995,1088.8346109999998,119.14259999999994
pdf_29:p2:r24,rec_e3f42fd507bc6312981768dc0c92d4821c40241dc2cd5d5373d61d39ecf09c4d,619,pdf_29,a1a30635ac132e2e87cc5b8c3c2c6e737453ecabe176861ce1a21609a26f3a1a,data/raw/pdfs/29_อุดรธานี.pdf,2,24,25.84252,345.2426,1088.8346365517239,358.5426
pdf_03:p2:r10,rec_e294daff6464d676cd300975aae32457e1d9069c4a6b5f4db23f36e3c02fbe3c,620,pdf_03,7dd9e7f51732791c63183067d85d18d20f856edf0c2dff89dbda84d866df2d62,data/raw/pdfs/03_นนทบุรี.pdf,2,10,25.84252,159.04255999999998,1088.8346404878048,172.34256
pdf_50:p1:r35,rec_fb2b02efbfcc945ce3a04d07b626d40889050b0e0a054b318048edcd6f6304c3,621,pdf_50,8b7fe8a59c2c1fa488d7462868687d8f934217d7df929384117ef1e19dae37ab,data/raw/pdfs/50_ตาก.pdf,1,35,25.84252,528.04649,1088.8346429729727,541.3464899999999
pdf_55:p1:r28,rec_e468d099d152a33a2349f336cdd7267207d54f037a236204170d89c58a00980e,622,pdf_55,fe2373eb0d81516b45b09f5bb593a35bc32f505875cafd93f214ca6bc310c4d4,data/raw/pdfs/55_ราชบุรี.pdf,1,28,25.84252,434.94649,1088.8346429729727,448.24649
pdf_66:p3:r12,rec_c03355a590a3b7392f9bf19b0b8444465d42091530a5a8c9760c7208e5206577,623,pdf_66,012255400d37e8c732ded7ebc3c018108c8f4aa391112b3f6d6515d21e797ab6,data/raw/pdfs/66_ภูเก็ต.pdf,3,12,25.84252,185.64256,1088.8346397368418,198.94256000000001
pdf_25:p1:r34,rec_fd2faf8285f3eb6ab8a53c1a21d105e3607c8c0e9f26c4600442eecc7b5e97ac,624,pdf_25,0155bd151db06d789a16df2bc6422d9237698f7f38d57991cc1ab60bcb86601c,data/raw/pdfs/25_ชัยภูมิ.pdf,1,34,25.84252,514.74649,1088.8346429729727,528.04649
pdf_66:p1:r27,rec_229a8e8ffedc3f313f26954f06ed3f19840a672c7b51ab496a841ed980afd522,625,pdf_66,012255400d37e8c732ded7ebc3c018108c8f4aa391112b3f6d6515d21e797ab6,data/raw/pdfs/66_ภูเก็ต.pdf,1,27,25.84252,421.64649,1088.8346429729727,434.94649
pdf_03:p2:r27,rec_dcff69903121490cae7ed72744a9d5bcf1708090d9a6ea9321f8c897fe69ad25,626,pdf_03,7dd9e7f51732791c63183067d85d18d20f856edf0c2dff89dbda84d866df2d62,data/raw/pdfs/03_นนทบุรี.pdf,2,27,25.84252,385.14256,1088.8346404878048,398.44255999999996
pdf_64:p2:r23,rec_37f3e218c17621a208aabf9929ddb0dd16a5f16d88ab17ca708e751224da3b9b,627,pdf_64,a4e4abc03757d1e14ce1bfb2e426567faeea8fce3152123821e712496872240e,data/raw/pdfs/64_กระบี่.pdf,2,23,25.84252,331.94255999999996,1088.8346404878048,345.24256
pdf_33:p1:r8,rec_6bb2f6d7580747113019e1e378a61842e38d0b2b97e6f7359830b6b08313a298,628,pdf_33,803bc44f1213b58c511b011e1bd47fdf863f6e6f583f7263065cda30ef3d413a,data/raw/pdfs/33_ร้อยเอ็ด.pdf,1,8,25.84252,168.94650000000001,1088.8346314285714,182.24650000000003
pdf_77:p1:r8,rec_3b1ef84dc50beff80fe59356554b0aa24a484e376d3a236b48684ff3090be9b2,629,pdf_77,c6a9a5450194adece004b460d492fc69a9aaf576ac9b79fe291a676e7bd6b4b3,data/raw/pdfs/77_บึงกาฬ.pdf,1,8,25.84252,168.94650000000001,1088.8346299999998,182.24650000000003
pdf_68:p1:r16,rec_1d7104b094d8a12412899ba5e9a7362ebf77e56d0f3f705dd4c185dfe74136de,630,pdf_68,3a242476c7c0c82cd6f78455b9ca30a8d8e875f3ae38090ae0fd5fb12805c593,data/raw/pdfs/68_ระนอง.pdf,1,16,25.84252,275.34649,1088.8346429729727,288.64649
pdf_76:p2:r10,rec_c9edcca28ae1633d26080beaf6bcffd47dd8eb7f2194348a86529f1a36d25569,631,pdf_76,474bb90a38c020bbc86d90180af2b062867ed6a1db6999d709acff810fd5d84d,data/raw/pdfs/76_นราธิวาส.pdf,2,10,25.84252,159.0426,1088.8346369999997,172.3426
pdf_58:p1:r35,rec_98b260bba98e5a77d46844a74e619123e8b606983e9e23e8b2573fa83110339b,632,pdf_58,8ff0dc3c9fe92f1cc2721c37fe35cfcc653ad17ca531672dc94686e7776d35a5,data/raw/pdfs/58_นครปฐม.pdf,1,35,25.84252,528.04649,1088.8346429729727,541.3464899999999
pdf_51:p1:r10,rec_caf882f617a6ae147d3f7be7dfedbac11844475a88905c853115654c8d394c25,633,pdf_51,380327daf06efde704e25ac9a209c4688b14087a4bcd57b35db44471d39e5199,data/raw/pdfs/51_สุโขทัย.pdf,1,10,25.84252,204.04649,1088.834642352941,217.34649
pdf_54:p2:r17,rec_1d440bcb022b36cea571a1a082101ba1d299fa178e9202780cb44d4c004a45b5,634,pdf_54,884b1d2d94fff12fa64928c8a22df877265f50fbc00dfcb61f5a4636dd1c14c8,data/raw/pdfs/54_เพชรบูรณ์.pdf,2,17,25.84252,252.14255999999995,1088.8346404878048,265.44255999999996
pdf_19:p3:r35,rec_085338b8b7b471e3443ce0ccab746d33c0941198d93023521d6fee227a0d3b82,635,pdf_19,2fbc685c790d957bd597a9ae4cbc69a07dacbb20cab611015cf1ce2eecd5982c,data/raw/pdfs/19_นครราชสีมา.pdf,3,35,25.84252,491.54256,1088.8346404878048,504.84255999999993
pdf_11:p1:r21,rec_b60ba8172c137c06c22c7d32f869175493a1ab7725e2b5ab41428373e8badc92,636,pdf_11,3638acfefe295becff8609b6ee16edeea0914e518d215754813661f1c0a3f79b,data/raw/pdfs/11_ชลบุรี.pdf,1,21,25.84252,341.84649,1088.8346429729727,355.14649
pdf_36:p1:r22,rec_c4e3c1d77ea053c1b1274c5280a3479702fd2cb43c670997440a81405b4c13b0,637,pdf_36,e5624d419ac85611ac4b3fe0a27d6bfa73a7b474d5b0ee2a6b1a7b64f4783d70,data/raw/pdfs/36_นครพนม.pdf,1,22,25.84252,355.14649,1088.8346429729727,368.44649
pdf_04:p4:r12,rec_992442181c568b92cd341e829dda52a187c2d2d2fa23e2d33cb3ae4225b34594,638,pdf_04,83861a2a02db33dda27703227bb90cd50ba1b9144123e42912f926c1d1043c39,data/raw/pdfs/04_ปทุมธานี.pdf,4,12,25.84252,185.64255999999995,1088.8346404878048,198.94255999999996
pdf_40:p1:r10,rec_e54c66a4a665fd8e7312d31b922f8177891d8c135a7544b33934fd5956bbc019,639,pdf_40,89bea4e9a200e8f073d048a2ed2a881a1e01108b8c12f1e050317b845aac6b1d,data/raw/pdfs/40_ลำปาง.pdf,1,10,25.84252,195.54648999999995,1088.8346429729727,208.84649
pdf_58:p2:r38,rec_b195e8cf1acc282aba9b706ed11bd146811f7c119150151843c74dd6f5a80c23,640,pdf_58,8ff0dc3c9fe92f1cc2721c37fe35cfcc653ad17ca531672dc94686e7776d35a5,data/raw/pdfs/58_นครปฐม.pdf,2,38,25.84252,531.44256,1088.8346404878048,544.74256
pdf_67:p1:r1,rec_3c43c63e50b6900c4a036f56b225d88a46a34ef4f7317e5f72d98fa3b7959e0d,641,pdf_67,b66fc9f9229750b7a04c0e5c07c072d77eb0800ed604da819fb28b6c4a75a636,data/raw/pdfs/67_สุราษฎร์ธานี.pdf,1,1,25.84252,75.84649000000002,1088.8346429729727,89.14648999999997
pdf_63:p1:r25,rec_7edda1d25dfa8d64e22cc2f1f958672469a67db6efe3485a68b9e919d7893fb3,642,pdf_63,b04433cfbe561d1199180db3f5210359427f668e1f7b072f31972e2749ce63ae,data/raw/pdfs/63_นครศรีธรรมราช.pdf,1,25,25.84252,395.04649,1088.8346429729727,408.34649
pdf_54:p1:r13,rec_bc13cf9440585e20bce5009a39bcb36f6bf5820b923ffe45c62bbfe3ea550895,643,pdf_54,884b1d2d94fff12fa64928c8a22df877265f50fbc00dfcb61f5a4636dd1c14c8,data/raw/pdfs/54_เพชรบูรณ์.pdf,1,13,25.84252,243.94649000000004,1088.8346429729727,257.24649
pdf_15:p1:r31,rec_525505d50ce73666d34499ba99926ea09b349352cf6da4df31db5413452048e6,644,pdf_15,bf99cdf12418fcdc90b3c1c739fd4e7e09ca40818852ca43bcd1c3284b3cf084,data/raw/pdfs/15_ฉะเชิงเทรา.pdf,1,31,25.84252,474.84649,1088.8346429729727,488.14649
pdf_11:p1:r22,rec_cd3197a10e2c50047782be42fd85e6a71b3b6f2f376f587c1add74faf96dc473,645,pdf_11,3638acfefe295becff8609b6ee16edeea0914e518d215754813661f1c0a3f79b,data/raw/pdfs/11_ชลบุรี.pdf,1,22,25.84252,355.14649,1088.8346429729727,368.44649
pdf_07:p2:r12,rec_ae26f508af80866be4d661432bd715b9c537f596ae78e48ed7936e865cd4a42b,646,pdf_07,f00681093e03a60a87dbc3834edae199fd055d6366406e456741ffd059ff3b05,data/raw/pdfs/07_ลพบุรี.pdf,2,12,25.84252,185.64255999999995,1088.8346404878048,198.94255999999996
pdf_27:p1:r20,rec_f9956e869f5baf8924060ad5ff75444934b0a4e1f7ae88802428020a251c922c,647,pdf_27,bf545cbe9d19aa5a22880cf18f4484776d7d3e1348605d1451dfe7147ed85334,data/raw/pdfs/27_หนองบัวลำภู.pdf,1,20,25.84252,328.54649,1088.8346429729727,341.84649
pdf_04:p2:r20,rec_a08e5b703f22763a95f2451907c9adde0774caa567dec792b74550fa3fbd20c7,648,pdf_04,83861a2a02db33dda27703227bb90cd50ba1b9144123e42912f926c1d1043c39,data/raw/pdfs/04_ปทุมธานี.pdf,2,20,25.84252,292.04256,1088.8346404878048,305.34256
pdf_02:p2:r8,rec_89ed45e494990f8dec1a608f6f94a358fc5332cd88ab5e9c2d7f24de71d02d78,649,pdf_02,368a15805d33fb210ed50297795f7f50bf822054e05b59bf71bfa25bee0f3a3c,data/raw/pdfs/02_สมุทรปราการ.pdf,2,8,25.84252,132.44255999999996,1088.8346404878048,145.74255999999997
pdf_50:p2:r1,rec_91f48cb1eb9d0f0035129f07a9c6f97551c1fc7eab5e8dc18c6733c2038638a6,650,pdf_50,8b7fe8a59c2c1fa488d7462868687d8f934217d7df929384117ef1e19dae37ab,data/raw/pdfs/50_ตาก.pdf,2,1,25.84252,39.34259999999995,1088.8346270588233,52.642600000000016
pdf_55:p2:r2,rec_880783e12bdada2d7fab89706da4b0e513ee9b422265f56c2131b73ac7befbf9,651,pdf_55,fe2373eb0d81516b45b09f5bb593a35bc32f505875cafd93f214ca6bc310c4d4,data/raw/pdfs/55_ราชบุรี.pdf,2,2,25.84252,52.642600000000016,1088.834622142857,65.94259999999997
pdf_55:p1:r9,rec_61efa104c7fd915947585cde95cc710d1e02c14159a30ea7045fb29dd55dfea7,652,pdf_55,fe2373eb0d81516b45b09f5bb593a35bc32f505875cafd93f214ca6bc310c4d4,data/raw/pdfs/55_ราชบุรี.pdf,1,9,25.84252,182.24649,1088.8346429729727,195.54648999999995
pdf_43:p1:r10,rec_a81f5fc4414706554624a2078025acbb4b7ed9b8416f5e5138a6c0a351efe53c,653,pdf_43,edb270fe62c998ddd1ab10ecfe3b80a9ebcafcd12ad7a426b34c631deae32c4f,data/raw/pdfs/43_น่าน.pdf,1,10,25.842519999999997,204.04649999999998,1088.834628333333,217.3465
pdf_02:p3:r2,rec_6b4c87beb255dd64762138f8de2adf8f0bf48e7e34749cc978761da8b2b850e4,654,pdf_02,368a15805d33fb210ed50297795f7f50bf822054e05b59bf71bfa25bee0f3a3c,data/raw/pdfs/02_สมุทรปราการ.pdf,3,2,25.84252,52.642600000000016,1088.8346343999997,65.94259999999997
pdf_67:p1:r8,rec_976654a58bffded09fa54be5caed52c2ea94d9f3ce544f54c0bd6ce1fd9b299a,655,pdf_67,b66fc9f9229750b7a04c0e5c07c072d77eb0800ed604da819fb28b6c4a75a636,data/raw/pdfs/67_สุราษฎร์ธานี.pdf,1,8,25.84252,168.94649000000004,1088.8346429729727,182.24649
pdf_68:p2:r34,rec_7365f813e3e6c010881f692d0edf850ba3bd226dd638fe2307574071f9bc8867,656,pdf_68,3a242476c7c0c82cd6f78455b9ca30a8d8e875f3ae38090ae0fd5fb12805c593,data/raw/pdfs/68_ระนอง.pdf,2,34,25.84252,478.24256,1088.8346404878048,491.54256
pdf_69:p1:r1,rec_82cc2379d06829f831b8dfb5d376012dddc80706c5b3440113b83b4d5219eda0,657,pdf_69,769b283c00d83344280df884874571c2a99d89f78de64644b43bf9c6a108efa4,data/raw/pdfs/69_ชุมพร.pdf,1,1,25.84252,75.84649000000002,1088.8346429729727,89.14648999999997
pdf_67:p3:r8,rec_adbaf6b87de2656360e93fefb6f09a4be1c0b40f5e4672ddbe4d5404085cb717,658,pdf_67,b66fc9f9229750b7a04c0e5c07c072d77eb0800ed604da819fb28b6c4a75a636,data/raw/pdfs/67_สุราษฎร์ธานี.pdf,3,8,25.84252,132.44255999999996,1088.8346404878048,145.74255999999997
pdf_55:p1:r4,rec_0305154534a76c7868662cba56f385d3ddcca9016bd3938793f211cea2b63df7,659,pdf_55,fe2373eb0d81516b45b09f5bb593a35bc32f505875cafd93f214ca6bc310c4d4,data/raw/pdfs/55_ราชบุรี.pdf,1,4,25.84252,115.74649,1088.8346429729727,129.04648999999995
pdf_67:p6:r27,rec_ad7d46d3e10820c89afc3ca6f559b45cf5ff5787fcfa5b5077ac8f36c4227fba,660,pdf_67,b66fc9f9229750b7a04c0e5c07c072d77eb0800ed604da819fb28b6c4a75a636,data/raw/pdfs/67_สุราษฎร์ธานี.pdf,6,27,25.84252,385.14256,1088.8346404878048,398.44255999999996
pdf_64:p2:r30,rec_c760cd24553285ce7053b216e4dd347100ed8b8c9be53acd5658abbd5a12740d,661,pdf_64,a4e4abc03757d1e14ce1bfb2e426567faeea8fce3152123821e712496872240e,data/raw/pdfs/64_กระบี่.pdf,2,30,25.84252,425.04256,1088.8346404878048,438.34255999999993
pdf_15:p1:r12,rec_f145bbf2e0631ba77b46b861a42f0115abfbcc51430716d2a7e9f52a87302be8,662,pdf_15,bf99cdf12418fcdc90b3c1c739fd4e7e09ca40818852ca43bcd1c3284b3cf084,data/raw/pdfs/15_ฉะเชิงเทรา.pdf,1,12,25.84252,222.14649,1088.8346429729727,235.44649000000004
pdf_41:p1:r2,rec_fceb56b460d3c584d33c9e57aabc6fa75c5259f25795776902ddb1dfe91cba66,663,pdf_41,30547a39de949400c4d126175dcaea5210ed959ebf29c2b6135b85e45a4643e4,data/raw/pdfs/41_อุตรดิตถ์.pdf,1,2,25.84252,89.14650000000003,1088.834636315789,102.44650000000001
pdf_10:p2:r36,rec_e609057beb2b31f48d2483362cd99a9eb83ff5894ffb5734b1ce5ec03cd153cc,664,pdf_10,5e0a433bc2cc307479a32d344bf5b0b4f006af0a3d0ccc1493fb587c885896c1,data/raw/pdfs/10_สระบุรี.pdf,2,36,25.84252,504.84255999999993,1088.8346404878048,518.14256
pdf_16:p1:r26,rec_0b4a59f8a14ef79d27e505d170094c0fc4c03652605d03b480dbc8b78fc019cd,665,pdf_16,7b893a3f02630b40240d0242410f662e3fe91d8d5ea2449991bba89e89a89ea4,data/raw/pdfs/16_ปราจีนบุรี.pdf,1,26,25.84252,408.34649,1088.8346429729727,421.64649
pdf_05:p1:r3,rec_4351e1447bff5316aa52a3c7644f128a69d28110539febcdfd53600a35ac550c,666,pdf_05,ae1ba5ac5ef768c29045f4282a9047c71474a8d654003bfa51574874b3f415fc,data/raw/pdfs/05_พระนครศรีอยุธยา.pdf,1,3,25.84252,102.44649000000004,1088.8346429729727,115.74649
pdf_10:p2:r19,rec_df458caed990f4fef358e66fd9db8eb80bb3ae4cbeaecdb568787b67ab38fa82,667,pdf_10,5e0a433bc2cc307479a32d344bf5b0b4f006af0a3d0ccc1493fb587c885896c1,data/raw/pdfs/10_สระบุรี.pdf,2,19,25.84252,278.74255999999997,1088.8346404878048,292.04256
pdf_51:p1:r13,rec_3d4f1bf7815a34af9c03bbaf58cf663e88ac25419afbfad82fef97c0dc2a68e3,668,pdf_51,380327daf06efde704e25ac9a209c4688b14087a4bcd57b35db44471d39e5199,data/raw/pdfs/51_สุโขทัย.pdf,1,13,25.84252,243.94648999999998,1088.834642352941,257.24649
pdf_50:p2:r2,rec_fa94e90bba7357e452bde856998100a8e8840ab8facc55ad7a53a7b6875e542d,669,pdf_50,8b7fe8a59c2c1fa488d7462868687d8f934217d7df929384117ef1e19dae37ab,data/raw/pdfs/50_ตาก.pdf,2,2,25.84252,52.642600000000016,1088.8346270588233,65.94259999999997
pdf_56:p2:r5,rec_68b727ae99f00f4a83753a87f7f7abb251471d735999c90d11f23e144dfab465,670,pdf_56,f0ce416ab9d3f527c2052960422068d0564c2b8833f2a75d05cab7aa8280b0d5,data/raw/pdfs/56_กาญจนบุรี.pdf,2,5,25.84252,92.54255999999998,1088.8346394594591,105.84256
pdf_51:p1:r11,rec_2666bb37533dd5139b14dc706ce59de94f1a73f46b539cc650f7b0c495ca1f18,671,pdf_51,380327daf06efde704e25ac9a209c4688b14087a4bcd57b35db44471d39e5199,data/raw/pdfs/51_สุโขทัย.pdf,1,11,25.84252,217.34649,1088.834642352941,230.64649
pdf_36:p1:r18,rec_bf87b6d17d1c36918d9043e25189bb1a1afc26d250a43b65ac2ee9fb5ceec58f,672,pdf_36,e5624d419ac85611ac4b3fe0a27d6bfa73a7b474d5b0ee2a6b1a7b64f4783d70,data/raw/pdfs/36_นครพนม.pdf,1,18,25.84252,301.94649,1088.8346429729727,315.24649
pdf_64:p2:r2,rec_f09886d2e25e87253b336928f8ee1da8c5c3f44a75789147f24817e52de8480c,673,pdf_64,a4e4abc03757d1e14ce1bfb2e426567faeea8fce3152123821e712496872240e,data/raw/pdfs/64_กระบี่.pdf,2,2,25.84252,52.64256,1088.8346404878048,65.94255999999996
pdf_04:p5:r7,rec_0401c2d1643e3862c401581c39e45d9f4788e9bae53c2a5ff27bf76313d0649e,674,pdf_04,83861a2a02db33dda27703227bb90cd50ba1b9144123e42912f926c1d1043c39,data/raw/pdfs/04_ปทุมธานี.pdf,5,7,25.84252,119.14259999999994,1088.8346388571426,132.44259999999997
pdf_06:p1:r20,rec_846afaf0f0138937d6d82132427f7b2126668e2634ab1372452a0496e4f32818,675,pdf_06,03acf167c8c7dcc3b7e6ccbd9afcaa05e3b5157df416e00c1b7e146d91880d3c,data/raw/pdfs/06_อ่างทอง.pdf,1,20,25.84252,328.54649,1088.8346429729727,341.84649
pdf_72:p2:r20,rec_a9a3e374df363594823bccccef11e2bbaa0c1c2e19bec6594ed86ef6baef3738,676,pdf_72,04f947c56ddf01a73b376cdbb3099e393f9141fff3fec2504b9e031114606073,data/raw/pdfs/72_ตรัง.pdf,2,20,25.84252,292.04256,1088.8346402499997,305.34256
pdf_54:p2:r38,rec_a8ea7ae41c34b615bae6c5fbf5296be008a65c3e131a5f6a86a8c8b506db1320,677,pdf_54,884b1d2d94fff12fa64928c8a22df877265f50fbc00dfcb61f5a4636dd1c14c8,data/raw/pdfs/54_เพชรบูรณ์.pdf,2,38,25.84252,531.44256,1088.8346404878048,544.74256
pdf_56:p1:r6,rec_822849e7e1aa739bb622747d4947677cf2c27823b2b80c29e01f1e3f03ef1a60,678,pdf_56,f0ce416ab9d3f527c2052960422068d0564c2b8833f2a75d05cab7aa8280b0d5,data/raw/pdfs/56_กาญจนบุรี.pdf,1,6,25.84252,142.34649000000002,1088.8346429729727,155.64648999999997
pdf_35:p1:r30,rec_5fff05e7b2c821e067f00c7f038a8f7e04abfdc34d5ba8c846f4abdf38c889a2,679,pdf_35,34e8cb69b8d0f03a2caba0ffc0eb6d4b5233159b13350c073968de56ab12b69f,data/raw/pdfs/35_สกลนคร.pdf,1,30,25.84252,461.54649,1088.8346429729727,474.84649
pdf_11:p2:r2,rec_4e569cfc3631a61ce7c6e66eb24482142b89f218e59f0d040ef72a16c1122330,680,pdf_11,3638acfefe295becff8609b6ee16edeea0914e518d215754813661f1c0a3f79b,data/raw/pdfs/11_ชลบุรี.pdf,2,2,25.84252,52.64256,1088.8346404878048,65.94255999999996
pdf_19:p1:r29,rec_9ff2ffe748b34771c87b9457ebca08e588681b86f92c1e7be0c4fb5b5bc1ca62,681,pdf_19,2fbc685c790d957bd597a9ae4cbc69a07dacbb20cab611015cf1ce2eecd5982c,data/raw/pdfs/19_นครราชสีมา.pdf,1,29,25.84252,456.74649,1088.8346429729727,470.04649
pdf_64:p1:r26,rec_eb89448b36be5caad24d91b0a3eb8d8652e2d3ed52cd338474d469d2bb2de6e1,682,pdf_64,a4e4abc03757d1e14ce1bfb2e426567faeea8fce3152123821e712496872240e,data/raw/pdfs/64_กระบี่.pdf,1,26,25.84252,408.34649,1088.8346429729727,421.64649
pdf_53:p1:r1,rec_555db2cf241d5214a3a6137f0f76834eb2786b50f8bba9bb853a502ea5ee4334,683,pdf_53,41aaaf3a91961ab9b2dee694f50d9a086d1ad80beffe1b54e81370016a11cb14,data/raw/pdfs/53_พิจิตร.pdf,1,1,25.84252,84.34649000000002,1088.8346429729727,97.64648999999997
pdf_17:p1:r10,rec_0faaab2f1207cb15dfffd6ab3b742eec003f52b6fef1b14cba081904a23fac9b,684,pdf_17,69ee6e20b50a8b481e887173d13a132193b234c6f6442cad70c9aa3f04917b71,data/raw/pdfs/17_นครนายก.pdf,1,10,25.84252,195.5465,1088.8346355555555,208.84650000000002
pdf_68:p3:r9,rec_b0df7de2361a592b846b320cf1615cf1a0c6bd6df76269cf20f0920f7a6ed79c,685,pdf_68,3a242476c7c0c82cd6f78455b9ca30a8d8e875f3ae38090ae0fd5fb12805c593,data/raw/pdfs/68_ระนอง.pdf,3,9,25.842519999999997,145.74260000000004,1088.8346337499997,159.0426
pdf_76:p2:r17,rec_9ccdf5f30695994763738cf4e8c99db03f6626b785417f3e347e84ea19645c47,686,pdf_76,474bb90a38c020bbc86d90180af2b062867ed6a1db6999d709acff810fd5d84d,data/raw/pdfs/76_นราธิวาส.pdf,2,17,25.84252,252.14260000000004,1088.8346369999997,265.44259999999997
pdf_11:p1:r29,rec_ee83369c53e40b5d13cde4c5c2d89b6484b1f9f880bb7231ce9f8962b5cfdd3d,687,pdf_11,3638acfefe295becff8609b6ee16edeea0914e518d215754813661f1c0a3f79b,data/raw/pdfs/11_ชลบุรี.pdf,1,29,25.84252,448.24649,1088.8346429729727,461.54649
pdf_72:p2:r17,rec_31d7e2913a01d079cce62bbd349fb65746f75dc2f29b9d8661748a09c6190832,688,pdf_72,04f947c56ddf01a73b376cdbb3099e393f9141fff3fec2504b9e031114606073,data/raw/pdfs/72_ตรัง.pdf,2,17,25.84252,252.14256,1088.8346402499997,265.44255999999996
pdf_11:p1:r16,rec_edf7e97ce2f157de15890e863e61437446ca25ab961158c014e1e0cfd49f40b8,689,pdf_11,3638acfefe295becff8609b6ee16edeea0914e518d215754813661f1c0a3f79b,data/raw/pdfs/11_ชลบุรี.pdf,1,16,25.84252,275.34649,1088.8346429729727,288.64649
pdf_55:p1:r17,rec_0b218963f9a5cf14942b90e14b5e281be847ddabdb63452c777e9e41869949c1,690,pdf_55,fe2373eb0d81516b45b09f5bb593a35bc32f505875cafd93f214ca6bc310c4d4,data/raw/pdfs/55_ราชบุรี.pdf,1,17,25.84252,288.64649,1088.8346429729727,301.94649
pdf_67:p4:r22,rec_d7aba7f387a8447e5621729331cb573e29ca7b94a10421d8cf049059208f2ff4,691,pdf_67,b66fc9f9229750b7a04c0e5c07c072d77eb0800ed604da819fb28b6c4a75a636,data/raw/pdfs/67_สุราษฎร์ธานี.pdf,4,22,25.84252,318.64256,1088.8346404878048,331.94255999999996
pdf_61:p1:r19,rec_ee1025ef59a7b14c0893d73e144e055794ed39e64c050cfdd39fd3039a515df7,692,pdf_61,6dda18b7ffb9a73296045d0dd81965bec27f7cbccc7ef862c8bf458d206599e2,data/raw/pdfs/61_เพชรบุรี.pdf,1,19,25.84252,315.24649999999997,1088.834638181818,328.5465
pdf_23:p1:r2,rec_d2d63fc107c5d819fa535c7008efa0a6a252581c213d5634931b3f2ba507cbdc,693,pdf_23,771338278a591f8b5dfd252a64922234ef0d7071b6e6cd32beb2341668023e47,data/raw/pdfs/23_อุบลราชธานี.pdf,1,2,25.84252,97.64648999999997,1088.8346429729727,110.94649000000004
pdf_57:p3:r4,rec_e8b65378d22848ea1814794acf7aac2e308aaa8f6e404bc038713dab68e4f2e7,694,pdf_57,9b6f57faac860a1339f68519b1b756d3ef34cc2ccd4962f5e15b78600e7c9112,data/raw/pdfs/57_สุพรรณบุรี.pdf,3,4,25.84252,79.24255999999997,1088.8346404878048,92.54255999999998
pdf_53:p1:r16,rec_b5c700e4281714c7faa0b4153a4ad14654f3af25525643fd9565e293874e150d,695,pdf_53,41aaaf3a91961ab9b2dee694f50d9a086d1ad80beffe1b54e81370016a11cb14,data/raw/pdfs/53_พิจิตร.pdf,1,16,25.84252,283.84649,1088.8346429729727,297.14649
pdf_69:p2:r32,rec_273be8ff1592d4825dc80be5978394046bc41c3db9db6a1fa0805f0b862276a4,696,pdf_69,769b283c00d83344280df884874571c2a99d89f78de64644b43bf9c6a108efa4,data/raw/pdfs/69_ชุมพร.pdf,2,32,25.84252,451.64256000000006,1088.8346404878048,464.94255999999996
pdf_07:p1:r18,rec_45af1fdeb2fc2a16ab9d088b8a9cbceb4986c4a50f13f1a2084b0f3982cccf40,697,pdf_07,f00681093e03a60a87dbc3834edae199fd055d6366406e456741ffd059ff3b05,data/raw/pdfs/07_ลพบุรี.pdf,1,18,25.84252,301.94649,1088.8346429729727,315.24649
pdf_75:p1:r30,rec_8d4490d950057bb30277b0469cb9b9ea48c763e0ec08517d17917abbddb776be,698,pdf_75,ffef7f4f9a7953e62785b17dc6cfa1d3fa15bda9cb7369abaaa41e24f24f5ae4,data/raw/pdfs/75_ยะลา.pdf,1,30,25.84252,461.5464899999999,1088.834642352941,474.84649
pdf_59:p2:r14,rec_2c9cf5ffaff4318b7e700261dcfb54b4da0e67681f9120a5b49faf69cd531b86,699,pdf_59,0c5827ab1fffa2ec0689a95405ee8640473ea428f18b199f44d2f71d4f366ad8,data/raw/pdfs/59_สมุทรสาคร.pdf,2,14,25.84252,212.24255999999997,1088.8346404878048,225.54255999999995
pdf_67:p2:r20,rec_bde91058fec140dfdec03f7eb5593b94663d7fdd9f4b2c28a2db62eaac2d109d,700,pdf_67,b66fc9f9229750b7a04c0e5c07c072d77eb0800ed604da819fb28b6c4a75a636,data/raw/pdfs/67_สุราษฎร์ธานี.pdf,2,20,25.84252,292.04256,1088.8346404878048,305.34256
pdf_50:p2:r3,rec_20b064cfcc3eb0ce3c5c9b5cf0f5e8873bac8576a96be3dc97375cbc3253c030,701,pdf_50,8b7fe8a59c2c1fa488d7462868687d8f934217d7df929384117ef1e19dae37ab,data/raw/pdfs/50_ตาก.pdf,2,3,25.84252,65.94259999999997,1088.8346270588233,79.24260000000001
pdf_54:p3:r2,rec_621430a001cb046e86f6e1561e71095060e084c649afa2efc135fecb0f05e069,702,pdf_54,884b1d2d94fff12fa64928c8a22df877265f50fbc00dfcb61f5a4636dd1c14c8,data/raw/pdfs/54_เพชรบูรณ์.pdf,3,2,25.84252,52.642600000000016,1088.8346066666663,65.94259999999997
pdf_33:p1:r9,rec_e489797303ba89bb17f77b37d3f52d11e6488df9573a6ad69674d86e43cd5647,703,pdf_33,803bc44f1213b58c511b011e1bd47fdf863f6e6f583f7263065cda30ef3d413a,data/raw/pdfs/33_ร้อยเอ็ด.pdf,1,9,25.84252,182.24650000000003,1088.8346314285714,195.54650000000004
pdf_68:p2:r8,rec_882724b40939244b85f03a5bb7b5c8a28693207169c34de6475df945ea08313d,704,pdf_68,3a242476c7c0c82cd6f78455b9ca30a8d8e875f3ae38090ae0fd5fb12805c593,data/raw/pdfs/68_ระนอง.pdf,2,8,25.84252,132.44255999999996,1088.8346404878048,145.74255999999997
pdf_28:p1:r19,rec_bfb614498109b030d75561b0b71fd23d7cab108f0876fb99404a323b899e5ffe,705,pdf_28,38e1a8d128ab928dd0bef117c9dbaa8191aea027adc2dae9137f68937f31d040,data/raw/pdfs/28_ขอนแก่น.pdf,1,19,25.84252,315.24649,1088.8346429729727,328.54649
pdf_40:p1:r28,rec_b8e6478b58f3b6f51d3647ef92bbbc55040f9a951d3de25b5d5481dd4f5a4cb3,706,pdf_40,89bea4e9a200e8f073d048a2ed2a881a1e01108b8c12f1e050317b845aac6b1d,data/raw/pdfs/40_ลำปาง.pdf,1,28,25.84252,434.94649,1088.8346429729727,448.24649
pdf_11:p2:r37,rec_6b1d2ab68e7fad5f89352b6fe012679e2c91d5a091e663073d5c3c4d66e92a7c,707,pdf_11,3638acfefe295becff8609b6ee16edeea0914e518d215754813661f1c0a3f79b,data/raw/pdfs/11_ชลบุรี.pdf,2,37,25.84252,518.14256,1088.8346404878048,531.44256
pdf_03:p2:r11,rec_020d5f87200ff850670258e8b742d9e247fee074ac82e0c75b7774fa645e037c,708,pdf_03,7dd9e7f51732791c63183067d85d18d20f856edf0c2dff89dbda84d866df2d62,data/raw/pdfs/03_นนทบุรี.pdf,2,11,25.84252,172.34256,1088.8346404878048,185.64255999999995
pdf_53:p1:r21,rec_8930e7f599067a822c6eae6ca0ac1e5aada43ad46d1f9a761e8ea747140b9aeb,709,pdf_53,41aaaf3a91961ab9b2dee694f50d9a086d1ad80beffe1b54e81370016a11cb14,data/raw/pdfs/53_พิจิตร.pdf,1,21,25.84252,350.34649,1088.8346429729727,363.64649
pdf_29:p2:r3,rec_abb05efc8126d4afbfe4303da35ca6c7aef6994a77e9b63c36ffd2708bada732,710,pdf_29,a1a30635ac132e2e87cc5b8c3c2c6e737453ecabe176861ce1a21609a26f3a1a,data/raw/pdfs/29_อุดรธานี.pdf,2,3,25.84252,65.94259999999997,1088.8346365517239,79.24260000000004
pdf_10:p1:r5,rec_175e4f0e19b00b54cd8d7f43bbff473cb9ac12debc665e6dd6dbc12fcfa1749f,711,pdf_10,5e0a433bc2cc307479a32d344bf5b0b4f006af0a3d0ccc1493fb587c885896c1,data/raw/pdfs/10_สระบุรี.pdf,1,5,25.84252,129.04648999999995,1088.8346429729727,142.34649000000002
pdf_56:p1:r17,rec_259e3f7ff3e476257a83eddc88dbcac62caa103b87f2071e51d50c6b81d62941,712,pdf_56,f0ce416ab9d3f527c2052960422068d0564c2b8833f2a75d05cab7aa8280b0d5,data/raw/pdfs/56_กาญจนบุรี.pdf,1,17,25.84252,288.64649,1088.8346429729727,301.94649
pdf_18:p1:r29,rec_d55de89c44f32107110467b7064fba750ad426ff77635a26a93c3e0ec4e21630,713,pdf_18,be2f47080dc7e95c466a639def50661998348f89a3d3495b6324e03e6ac06a59,data/raw/pdfs/18_สระแก้ว.pdf,1,29,25.84252,448.24649,1088.834642121212,461.54649
pdf_11:p1:r23,rec_25b6dbce9e794af404253f0ee4e4e64a51556334a92ae38e100136241d26e21c,714,pdf_11,3638acfefe295becff8609b6ee16edeea0914e518d215754813661f1c0a3f79b,data/raw/pdfs/11_ชลบุรี.pdf,1,23,25.84252,368.44649,1088.8346429729727,381.74649
pdf_67:p2:r27,rec_661b56a5077e5cd3997c74199e687c5f4aad9ec340bcd2f49bbcb57c4ffa85d8,715,pdf_67,b66fc9f9229750b7a04c0e5c07c072d77eb0800ed604da819fb28b6c4a75a636,data/raw/pdfs/67_สุราษฎร์ธานี.pdf,2,27,25.84252,385.14256,1088.8346404878048,398.44255999999996
pdf_23:p3:r31,rec_ed47b22f042a837af61090e488805fb677806c24fabcc610a89606200c91214c,716,pdf_23,771338278a591f8b5dfd252a64922234ef0d7071b6e6cd32beb2341668023e47,data/raw/pdfs/23_อุบลราชธานี.pdf,3,31,25.84252,438.34259999999995,1088.8346388571426,451.64259999999996
pdf_32:p1:r4,rec_2725a1edaf03337fa0544916a0b817c4f88d175d4003aa4d400a618ef3f70fd3,717,pdf_32,b00581f42f40b25ff4c6be7ad8e530fc1306844ad3bb673079384b891a4190e5,data/raw/pdfs/32_มหาสารคาม.pdf,1,4,25.84252,115.74649999999997,1088.8346399999998,129.04649999999998
pdf_69:p2:r10,rec_3c48fed4757b92540f0e340172c44c393308f8cc6c8b7c53521cf963615311e0,718,pdf_69,769b283c00d83344280df884874571c2a99d89f78de64644b43bf9c6a108efa4,data/raw/pdfs/69_ชุมพร.pdf,2,10,25.84252,159.04255999999998,1088.8346404878048,172.34256
pdf_19:p3:r14,rec_e068919aa41fc572ee8ea7ddb7ef798fc8bdfc90f4aaafedbcbb47cbf33157c2,719,pdf_19,2fbc685c790d957bd597a9ae4cbc69a07dacbb20cab611015cf1ce2eecd5982c,data/raw/pdfs/19_นครราชสีมา.pdf,3,14,25.84252,212.24255999999997,1088.8346404878048,225.54255999999995
pdf_15:p2:r8,rec_900e994bdd4d3042a8b6f10ffae5a1d520b814d9011ca69a34a3ae7190a93b2a,720,pdf_15,bf99cdf12418fcdc90b3c1c739fd4e7e09ca40818852ca43bcd1c3284b3cf084,data/raw/pdfs/15_ฉะเชิงเทรา.pdf,2,8,25.84252,132.44255999999996,1088.8346404878048,145.74255999999997
pdf_67:p2:r17,rec_44b44e32ba2ce398ab7e6a8998799c84d8ca10c5a3354dbda4bfd45dd55a7f1c,721,pdf_67,b66fc9f9229750b7a04c0e5c07c072d77eb0800ed604da819fb28b6c4a75a636,data/raw/pdfs/67_สุราษฎร์ธานี.pdf,2,17,25.84252,252.14255999999995,1088.8346404878048,265.44255999999996
pdf_59:p1:r32,rec_6ad4475e84adf5085c2d1b57d92e5a70d5c5acf7615ead05ad0b9c3403b08e73,722,pdf_59,0c5827ab1fffa2ec0689a95405ee8640473ea428f18b199f44d2f71d4f366ad8,data/raw/pdfs/59_สมุทรสาคร.pdf,1,32,25.84252,488.14649,1088.8346429729727,501.44649
pdf_03:p2:r12,rec_fb0a8f3d0e5be2b9ab73f237370eca1b94a440ef2422811d700bf9c4c8cbde29,723,pdf_03,7dd9e7f51732791c63183067d85d18d20f856edf0c2dff89dbda84d866df2d62,data/raw/pdfs/03_นนทบุรี.pdf,2,12,25.84252,185.64255999999995,1088.8346404878048,198.94255999999996
pdf_50:p1:r19,rec_b3b48f783c4fca13693f09fbd2b5d4ba271ae64dfbcd1b49de9d0b1e96a8a360,724,pdf_50,8b7fe8a59c2c1fa488d7462868687d8f934217d7df929384117ef1e19dae37ab,data/raw/pdfs/50_ตาก.pdf,1,19,25.84252,315.24649,1088.8346429729727,328.54649
pdf_72:p2:r33,rec_fe727641c479f27e0ea15dd78b4cf9b6936aee684b7600959152fbcc87335b76,725,pdf_72,04f947c56ddf01a73b376cdbb3099e393f9141fff3fec2504b9e031114606073,data/raw/pdfs/72_ตรัง.pdf,2,33,25.84252,464.94255999999996,1088.8346402499997,478.24255999999997
pdf_25:p1:r16,rec_117a683865deeb0755cd965599f4d42ac94d87cfe6118b9ec2616980d392fcc0,726,pdf_25,0155bd151db06d789a16df2bc6422d9237698f7f38d57991cc1ab60bcb86601c,data/raw/pdfs/25_ชัยภูมิ.pdf,1,16,25.84252,275.34649,1088.8346429729727,288.64649
pdf_66:p1:r1,rec_9fbefcbd1872e984d8543dfbe22340f3243adbd686dad9b93acb6030a37d96fb,727,pdf_66,012255400d37e8c732ded7ebc3c018108c8f4aa391112b3f6d6515d21e797ab6,data/raw/pdfs/66_ภูเก็ต.pdf,1,1,25.84252,75.84649000000002,1088.8346429729727,89.14648999999997
pdf_04:p2:r32,rec_2550ef78143e5d41efa409855fedf892c466e039cdee4121104bb57322e6e750,728,pdf_04,83861a2a02db33dda27703227bb90cd50ba1b9144123e42912f926c1d1043c39,data/raw/pdfs/04_ปทุมธานี.pdf,2,32,25.84252,451.64256000000006,1088.8346404878048,464.94255999999996
pdf_52:p2:r1,rec_ee6f253027cc2c75e3a30e6d29c1ed9b02295ef4e6d9551dfa6e70407460ec42,729,pdf_52,9cb0d6cf6dff8fc890e8435c67310ba7051a6c49c0a0cbb9b817f49c8ece0551,data/raw/pdfs/52_พิษณุโลก.pdf,2,1,25.84252,39.34259999999995,1088.834594285714,52.642600000000016
pdf_44:p1:r17,rec_8183ea87858dbac6f86e83820f0b448200da7bf1db8de59ba3b20b4d8d269c27,730,pdf_44,0b6a87addaacef010594603f0dfdfb6eeb947a760e12360b52409636f432ab36,data/raw/pdfs/44_พะเยา.pdf,1,17,25.84252,288.64649999999995,1088.8346369999997,301.94649999999996
pdf_19:p2:r38,rec_275039f8ef4bd19fe5cc9cc094ff8dbff777ca0afae362d3da52b0e1546ea539,731,pdf_19,2fbc685c790d957bd597a9ae4cbc69a07dacbb20cab611015cf1ce2eecd5982c,data/raw/pdfs/19_นครราชสีมา.pdf,2,38,25.84252,531.44256,1088.8346404878048,544.74256
pdf_02:p2:r27,rec_7523c63a8af68523b90b501f7c016a3268140a563962864fac6d351a5981f50b,732,pdf_02,368a15805d33fb210ed50297795f7f50bf822054e05b59bf71bfa25bee0f3a3c,data/raw/pdfs/02_สมุทรปราการ.pdf,2,27,25.84252,385.14256,1088.8346404878048,398.44255999999996
pdf_74:p2:r31,rec_db5a9fb2fc23fa765cb8ad9b6257355b207d56669b60b9ffdc4e6c49b1426829,733,pdf_74,a740362f586a24f46fcc09fc1a1bc6391556e4c9bc432141903734f7833f39db,data/raw/pdfs/74_ปัตตานี.pdf,2,31,25.84252,438.34255999999993,1088.8346404878048,451.64256000000006
pdf_28:p2:r4,rec_5227109768732a88bec3b8761a9fba6194485cc109c06b822897c1b14962130e,734,pdf_28,38e1a8d128ab928dd0bef117c9dbaa8191aea027adc2dae9137f68937f31d040,data/raw/pdfs/28_ขอนแก่น.pdf,2,4,25.84252,79.24260000000001,1088.8346199999999,92.5426
pdf_38:p1:r19,rec_d2f18b619ac4d69b0159beec777b09c1961ae9b69ad0d3e9604ed476e2258847,735,pdf_38,462a1c486a501887e4446ef7e812041c7d158ab4442235b85572d4a89fd7f492,data/raw/pdfs/38_เชียงใหม่.pdf,1,19,25.84252,315.24649,1088.8346429729727,328.54649
pdf_38:p1:r29,rec_20d97ad6f31b97119550c591b7d098a389adf9258179b663c48ab57be6515015,736,pdf_38,462a1c486a501887e4446ef7e812041c7d158ab4442235b85572d4a89fd7f492,data/raw/pdfs/38_เชียงใหม่.pdf,1,29,25.84252,448.24649,1088.8346429729727,461.54649
pdf_03:p3:r13,rec_2f8b867c75c9d9cf5cfed73194e9ddf175c3d6d88deeccafbc83f7f713115b58,737,pdf_03,7dd9e7f51732791c63183067d85d18d20f856edf0c2dff89dbda84d866df2d62,data/raw/pdfs/03_นนทบุรี.pdf,3,13,25.84252,198.94255999999996,1088.8346404878048,212.24255999999997
pdf_66:p1:r22,rec_1e95260ef395c067962aeaebb291a1a2eba5880184067f50b040abbccd65b65c,738,pdf_66,012255400d37e8c732ded7ebc3c018108c8f4aa391112b3f6d6515d21e797ab6,data/raw/pdfs/66_ภูเก็ต.pdf,1,22,25.84252,355.14649,1088.8346429729727,368.44649
pdf_46:p1:r4,rec_ae467b8be8ed1294013ab37cdd46d0090c1def31aa5a4bb25812d04f335cf939,739,pdf_46,06c4f6b2edd8aec0be7828038556b5b7aec2393f710ca692324db2369d00d382,data/raw/pdfs/46_แม่ฮ่องสอน.pdf,1,4,25.84252,115.74649999999997,1088.834638181818,129.0465
pdf_23:p3:r21,rec_88a1c45b0d037a6a76b085c498c1b3f4f8d3c75caefabbac2f01e508677f61d4,740,pdf_23,771338278a591f8b5dfd252a64922234ef0d7071b6e6cd32beb2341668023e47,data/raw/pdfs/23_อุบลราชธานี.pdf,3,21,25.84252,305.3426,1088.8346388571426,318.6426
pdf_53:p1:r32,rec_df82cd397793d5fd8671e825736883d663bfbb523e20980280b5d40442ddac5d,741,pdf_53,41aaaf3a91961ab9b2dee694f50d9a086d1ad80beffe1b54e81370016a11cb14,data/raw/pdfs/53_พิจิตร.pdf,1,32,25.84252,496.64649,1088.8346429729727,509.94649
pdf_35:p2:r3,rec_45839107ae6585ad40d59cc56806dd80cbbf452053901e3f25d6adbedd5b0b58,742,pdf_35,34e8cb69b8d0f03a2caba0ffc0eb6d4b5233159b13350c073968de56ab12b69f,data/raw/pdfs/35_สกลนคร.pdf,2,3,25.84252,65.94259999999997,1088.8346109999998,79.24259999999998
pdf_66:p1:r33,rec_15465270e2681004fc694741c7c96c6f89ac4551bda9ae596c755382e8f220b8,743,pdf_66,012255400d37e8c732ded7ebc3c018108c8f4aa391112b3f6d6515d21e797ab6,data/raw/pdfs/66_ภูเก็ต.pdf,1,33,25.84252,501.44649,1088.8346429729727,514.74649
pdf_61:p1:r4,rec_b5304924c83b1747838e06c017b0726ccf9a7ca8904b3e251d3e35c4b76f1844,744,pdf_61,6dda18b7ffb9a73296045d0dd81965bec27f7cbccc7ef862c8bf458d206599e2,data/raw/pdfs/61_เพชรบุรี.pdf,1,4,25.84252,115.74649999999997,1088.834638181818,129.0465
pdf_54:p1:r9,rec_745f7df3104f33168c89efb2031058e7e91faba1e4d824d458a179d6a9c87a2b,745,pdf_54,884b1d2d94fff12fa64928c8a22df877265f50fbc00dfcb61f5a4636dd1c14c8,data/raw/pdfs/54_เพชรบูรณ์.pdf,1,9,25.84252,190.74649,1088.8346429729727,204.04648999999995
pdf_03:p1:r13,rec_dbe9e7d84b11da5aaf3fc6205cc1d27decd0d214d6ebff07db7592c172a88bbb,746,pdf_03,7dd9e7f51732791c63183067d85d18d20f856edf0c2dff89dbda84d866df2d62,data/raw/pdfs/03_นนทบุรี.pdf,1,13,25.84252,235.44649000000004,1088.8346429729727,248.74649
pdf_64:p2:r20,rec_a31c603a7194c69c0007a7fb49abd114ed94364c279b62bb2b16c865770d6bef,747,pdf_64,a4e4abc03757d1e14ce1bfb2e426567faeea8fce3152123821e712496872240e,data/raw/pdfs/64_กระบี่.pdf,2,20,25.84252,292.04256,1088.8346404878048,305.34256
pdf_75:p1:r27,rec_3dc1048bd8263a695d76e7c50382f8d22bf437bdf37a2dc7df3c54525e0294ba,748,pdf_75,ffef7f4f9a7953e62785b17dc6cfa1d3fa15bda9cb7369abaaa41e24f24f5ae4,data/raw/pdfs/75_ยะลา.pdf,1,27,25.84252,421.64649,1088.834642352941,434.94649
pdf_69:p3:r1,rec_25696e1df1fba8c646c7067919c74d3620873e4a4c6e8754b4f806b7e5faef8d,749,pdf_69,769b283c00d83344280df884874571c2a99d89f78de64644b43bf9c6a108efa4,data/raw/pdfs/69_ชุมพร.pdf,3,1,25.84252,39.34259999999995,1088.834622142857,52.642600000000016
pdf_11:p1:r2,rec_30b82a00fd6a0ed48d0ee6a7b0caf9c90241b3f0d5ff91901aed5eddf16ec0ca,750,pdf_11,3638acfefe295becff8609b6ee16edeea0914e518d215754813661f1c0a3f79b,data/raw/pdfs/11_ชลบุรี.pdf,1,2,25.84252,89.14648999999997,1088.8346429729727,102.44649000000004
pdf_68:p2:r13,rec_b7e076de841908198e1c666d00cea3356680e7f768d7f2f4897c84188002a60d,751,pdf_68,3a242476c7c0c82cd6f78455b9ca30a8d8e875f3ae38090ae0fd5fb12805c593,data/raw/pdfs/68_ระนอง.pdf,2,13,25.84252,198.94255999999996,1088.8346404878048,212.24255999999997
pdf_67:p5:r21,rec_2cbe99f8eef0217356f2567a03859bebc25f99fc47a7df7456fd12d707fc8583,752,pdf_67,b66fc9f9229750b7a04c0e5c07c072d77eb0800ed604da819fb28b6c4a75a636,data/raw/pdfs/67_สุราษฎร์ธานี.pdf,5,21,25.84252,305.34256,1088.8346404878048,318.64256
pdf_03:p1:r1,rec_17abe329eba84f87d3c5600e0930d46d86253ea9ac02dd9657970186ba75df24,753,pdf_03,7dd9e7f51732791c63183067d85d18d20f856edf0c2dff89dbda84d866df2d62,data/raw/pdfs/03_นนทบุรี.pdf,1,1,25.84252,75.84649000000002,1088.8346429729727,89.14648999999997
pdf_23:p3:r25,rec_26ff16b08315e4b700838100c5c8b22fe496a69dc049fba98b2aa02d7aa65559,754,pdf_23,771338278a591f8b5dfd252a64922234ef0d7071b6e6cd32beb2341668023e47,data/raw/pdfs/23_อุบลราชธานี.pdf,3,25,25.84252,358.5426,1088.8346388571426,371.8426
pdf_67:p1:r22,rec_2fc797fc1dc8e84b83b408facf4cf5463957847d10f276bc5e4f4dad13c4ed90,755,pdf_67,b66fc9f9229750b7a04c0e5c07c072d77eb0800ed604da819fb28b6c4a75a636,data/raw/pdfs/67_สุราษฎร์ธานี.pdf,1,22,25.84252,355.14649,1088.8346429729727,368.44649
pdf_54:p2:r18,rec_6ff475c1690254d4b0a08cad6962ed5a622dbfd6dd7bd7632071a2e923d09900,756,pdf_54,884b1d2d94fff12fa64928c8a22df877265f50fbc00dfcb61f5a4636dd1c14c8,data/raw/pdfs/54_เพชรบูรณ์.pdf,2,18,25.84252,265.44255999999996,1088.8346404878048,278.74255999999997
pdf_39:p1:r13,rec_259d3e34c82eca3683ec1112c4e497698bdace2debc4e1959644bb3dad28a40b,757,pdf_39,f8439630693dcb0a91ca91bc39687ac32878a128fb24ec09b75d075fce0bca64,data/raw/pdfs/39_ลำพูน.pdf,1,13,25.84252,235.44649999999996,1088.8346369999997,248.74649999999997
pdf_19:p2:r1,rec_84793aa01e8f93209cb55a7f866a9de04206c265b133475662e6526fcfcde98a,758,pdf_19,2fbc685c790d957bd597a9ae4cbc69a07dacbb20cab611015cf1ce2eecd5982c,data/raw/pdfs/19_นครราชสีมา.pdf,2,1,25.84252,39.34256000000005,1088.8346404878048,52.64256
pdf_74:p1:r30,rec_3e02f9cc5018a295f897dc7ff81dc7ee74f979b16c2f5b81bd206734fe9b1386,759,pdf_74,a740362f586a24f46fcc09fc1a1bc6391556e4c9bc432141903734f7833f39db,data/raw/pdfs/74_ปัตตานี.pdf,1,30,25.84252,461.54649,1088.8346429729727,474.84649
pdf_70:p1:r5,rec_66555d104d2af5424a0efad4cd824d468fe7fc3e6cdd7ad4e9c5980aa7de745f,760,pdf_70,dd0c8cec48b7f0994639864765a097630785c0e22135d674cb3057f22c0f80ab,data/raw/pdfs/70_สงขลา.pdf,1,5,25.84252,129.04648999999995,1088.8346429729727,142.34649000000002
pdf_58:p3:r16,rec_ef36e68df68eb8d6f1aaad6f3432be884cc8b987418cff62bcf72ec5155db009,761,pdf_58,8ff0dc3c9fe92f1cc2721c37fe35cfcc653ad17ca531672dc94686e7776d35a5,data/raw/pdfs/58_นครปฐม.pdf,3,16,25.84252,238.84259999999995,1088.8346304999998,252.14259999999996
pdf_68:p2:r35,rec_7ab478398c36b8426f679869a9c40025b17ecd19c23bdd1729ff44a98142424d,762,pdf_68,3a242476c7c0c82cd6f78455b9ca30a8d8e875f3ae38090ae0fd5fb12805c593,data/raw/pdfs/68_ระนอง.pdf,2,35,25.84252,491.54256,1088.8346404878048,504.84255999999993
pdf_69:p2:r14,rec_3c174b9fe71b9692b321b39b5253859fe7f339b137200963146cc29ece72195e,763,pdf_69,769b283c00d83344280df884874571c2a99d89f78de64644b43bf9c6a108efa4,data/raw/pdfs/69_ชุมพร.pdf,2,14,25.84252,212.24255999999997,1088.8346404878048,225.54255999999995
pdf_23:p1:r14,rec_aceb355ed989c7d487d982461cd0c17c10766425e5d3528c897325e0ffa1f0ab,764,pdf_23,771338278a591f8b5dfd252a64922234ef0d7071b6e6cd32beb2341668023e47,data/raw/pdfs/23_อุบลราชธานี.pdf,1,14,25.84252,257.24649,1088.8346429729727,270.54648999999995
pdf_11:p2:r15,rec_d05d9435e756f741aa0967c762f313f31cd6ddb694f3b60cf71acd1f84f8b69e,765,pdf_11,3638acfefe295becff8609b6ee16edeea0914e518d215754813661f1c0a3f79b,data/raw/pdfs/11_ชลบุรี.pdf,2,15,25.84252,225.54255999999995,1088.8346404878048,238.84256
pdf_04:p1:r27,rec_33f5d5d262e957ebc5d47265d47199ed0e4712c99e06f752dcb5641144f1b2f1,766,pdf_04,83861a2a02db33dda27703227bb90cd50ba1b9144123e42912f926c1d1043c39,data/raw/pdfs/04_ปทุมธานี.pdf,1,27,25.84252,421.64649,1088.8346429729727,434.94649
pdf_03:p3:r14,rec_5ea12631734b3f8e5913a69f6438cd25c00dd8910caed95bfb8ec2f0a50a2ac7,767,pdf_03,7dd9e7f51732791c63183067d85d18d20f856edf0c2dff89dbda84d866df2d62,data/raw/pdfs/03_นนทบุรี.pdf,3,14,25.84252,212.24255999999997,1088.8346404878048,225.54255999999995
pdf_10:p2:r16,rec_1e89ac3c6d047fa20ea3970b8efa82d6113b08586dc48e417d4e76bdd48c4b7f,768,pdf_10,5e0a433bc2cc307479a32d344bf5b0b4f006af0a3d0ccc1493fb587c885896c1,data/raw/pdfs/10_สระบุรี.pdf,2,16,25.84252,238.84256,1088.8346404878048,252.14255999999995
pdf_02:p1:r12,rec_babb92b7b75e3a510b659fd4c6273f7fed09c9a6e85610bc9ec0e8cfd0cb1cf9,769,pdf_02,368a15805d33fb210ed50297795f7f50bf822054e05b59bf71bfa25bee0f3a3c,data/raw/pdfs/02_สมุทรปราการ.pdf,1,12,25.84252,222.14649,1088.8346429729727,235.44649000000004
pdf_67:p1:r19,rec_ae4303c293372c3c5239e6c75c37e16ce4fa809a70856c3b1e08e75f01f14457,770,pdf_67,b66fc9f9229750b7a04c0e5c07c072d77eb0800ed604da819fb28b6c4a75a636,data/raw/pdfs/67_สุราษฎร์ธานี.pdf,1,19,25.84252,315.24649,1088.8346429729727,328.54649
pdf_10:p1:r7,rec_30e0bae9a6e4f991074b33d5602a97f8fa2c22c4ea921ec7fd47ccbad6fa5a9d,771,pdf_10,5e0a433bc2cc307479a32d344bf5b0b4f006af0a3d0ccc1493fb587c885896c1,data/raw/pdfs/10_สระบุรี.pdf,1,7,25.84252,155.64648999999997,1088.8346429729727,168.94649000000004
pdf_71:p1:r22,rec_4e41fa160e70e43df27a5649a439fcd6ee7e55406cafee84a65bfdbca8f355ce,772,pdf_71,639082545e4a719e41bac9fcbfd55a943a269cfdf276e85b2e44844d06d2a73a,data/raw/pdfs/71_สตูล.pdf,1,22,25.84252,355.1465,1088.8346395999997,368.4465
pdf_16:p2:r4,rec_b1a48b896daa9209d70533a00da70f57a9f47d2b927744741447503a264f3e78,773,pdf_16,7b893a3f02630b40240d0242410f662e3fe91d8d5ea2449991bba89e89a89ea4,data/raw/pdfs/16_ปราจีนบุรี.pdf,2,4,25.84252,79.24260000000004,1088.8346365517239,92.5426
pdf_04:p3:r19,rec_5bc3a80f7da3bd6082422f50fd43328f4e8c284597084383526b6f72890d5e78,774,pdf_04,83861a2a02db33dda27703227bb90cd50ba1b9144123e42912f926c1d1043c39,data/raw/pdfs/04_ปทุมธานี.pdf,3,19,25.84252,278.74255999999997,1088.8346404878048,292.04256
pdf_18:p1:r13,rec_b680d05c742efe338efcab809fee82577ce94662968022f994e7fe0fe2f6ee37,775,pdf_18,be2f47080dc7e95c466a639def50661998348f89a3d3495b6324e03e6ac06a59,data/raw/pdfs/18_สระแก้ว.pdf,1,13,25.84252,235.44648999999998,1088.834642121212,248.74649
pdf_07:p2:r17,rec_c62666def69249937c58576d2cdc5854ba997c3046b8924aa91dc2890ca826c5,776,pdf_07,f00681093e03a60a87dbc3834edae199fd055d6366406e456741ffd059ff3b05,data/raw/pdfs/07_ลพบุรี.pdf,2,17,25.84252,252.14255999999995,1088.8346404878048,265.44255999999996
pdf_64:p2:r21,rec_9be34b1cf0dcff9980f7af16493463c07869273c0fa6e96928151f0197bcb497,777,pdf_64,a4e4abc03757d1e14ce1bfb2e426567faeea8fce3152123821e712496872240e,data/raw/pdfs/64_กระบี่.pdf,2,21,25.84252,305.34256,1088.8346404878048,318.64256
pdf_58:p2:r28,rec_fa4f13a4e8f3b2e2c2db04e37f27917f961b6d3d20d2b45563e281c2dda05071,778,pdf_58,8ff0dc3c9fe92f1cc2721c37fe35cfcc653ad17ca531672dc94686e7776d35a5,data/raw/pdfs/58_นครปฐม.pdf,2,28,25.84252,398.44255999999996,1088.8346404878048,411.74256
pdf_19:p2:r29,rec_67821e333c16d761ffec52d4a6bd2e963d6e5a277c870a7a0f0903c6444417f9,779,pdf_19,2fbc685c790d957bd597a9ae4cbc69a07dacbb20cab611015cf1ce2eecd5982c,data/raw/pdfs/19_นครราชสีมา.pdf,2,29,25.84252,411.74256,1088.8346404878048,425.04256
pdf_64:p2:r15,rec_c46a307c319c5efd2b0c0c84d654f959dd1c98c6e49aca46117c9437d39544d1,780,pdf_64,a4e4abc03757d1e14ce1bfb2e426567faeea8fce3152123821e712496872240e,data/raw/pdfs/64_กระบี่.pdf,2,15,25.84252,225.54255999999995,1088.8346404878048,238.84256
pdf_59:p1:r35,rec_e728b9427192d68ce0351e639c32576659a5414581b749cc0629ad79f0e058be,781,pdf_59,0c5827ab1fffa2ec0689a95405ee8640473ea428f18b199f44d2f71d4f366ad8,data/raw/pdfs/59_สมุทรสาคร.pdf,1,35,25.84252,528.04649,1088.8346429729727,541.3464899999999
pdf_33:p1:r1,rec_94966e04543581196e6fc1f12d50ea5b2c31616545ce60247129e2e7f24b11ed,782,pdf_33,803bc44f1213b58c511b011e1bd47fdf863f6e6f583f7263065cda30ef3d413a,data/raw/pdfs/33_ร้อยเอ็ด.pdf,1,1,25.84252,75.84649999999999,1088.8346314285714,89.14650000000003
pdf_16:p1:r27,rec_155b27694fb67a319f6165c4e98e4ece7469b76ad4610b792f1da63da717da2b,783,pdf_16,7b893a3f02630b40240d0242410f662e3fe91d8d5ea2449991bba89e89a89ea4,data/raw/pdfs/16_ปราจีนบุรี.pdf,1,27,25.84252,421.64649,1088.8346429729727,434.94649
pdf_15:p2:r11,rec_66372c08bda08e027ea78fd8438af8d371346928594ef191b51ed099977c8e21,784,pdf_15,bf99cdf12418fcdc90b3c1c739fd4e7e09ca40818852ca43bcd1c3284b3cf084,data/raw/pdfs/15_ฉะเชิงเทรา.pdf,2,11,25.84252,172.34256,1088.8346404878048,185.64255999999995
pdf_53:p1:r22,rec_956541fb0ce6c2f920746e9030f6f79ef4a35d4b0003db076a549c180b35434b,785,pdf_53,41aaaf3a91961ab9b2dee694f50d9a086d1ad80beffe1b54e81370016a11cb14,data/raw/pdfs/53_พิจิตร.pdf,1,22,25.84252,363.64649,1088.8346429729727,376.94649
pdf_66:p3:r13,rec_be1818705cc6f9ea6de0bbebb06b2c8a0fd44e28016cebf1634d3356b8951d9c,786,pdf_66,012255400d37e8c732ded7ebc3c018108c8f4aa391112b3f6d6515d21e797ab6,data/raw/pdfs/66_ภูเก็ต.pdf,3,13,25.84252,198.94256000000001,1088.8346397368418,212.24256
pdf_73:p1:r8,rec_06b45228a227e7836c3ae31070205bf93c29b209fa11f74b7487ab6a27c17cd7,787,pdf_73,8a9a8b1fb9d81eb7f2d76afa1f886621ea38587fc4c60902bc317398649ff90e,data/raw/pdfs/73_พัทลุง.pdf,1,8,25.84252,177.44649000000004,1088.8346429729727,190.74649
pdf_09:p1:r11,rec_b66ded74f67fec977c837f9b8ba3a7bc3b4dfa6e823d1bc692cbbff87c862243,788,pdf_09,1912b318a38a3716d462ae8461062b50db721b56bb5dcac725c184bafd97be54,data/raw/pdfs/09_ชัยนาท.pdf,1,11,25.84252,208.84650000000002,1088.8346395999997,222.1465
pdf_67:p1:r23,rec_4456fd8d721ac11baa5796a06111117edf0270b74039dda7a481a59f8232dd2c,789,pdf_67,b66fc9f9229750b7a04c0e5c07c072d77eb0800ed604da819fb28b6c4a75a636,data/raw/pdfs/67_สุราษฎร์ธานี.pdf,1,23,25.84252,368.44649,1088.8346429729727,381.74649
pdf_56:p2:r33,rec_30626c358b1e55f93b5bb42149888d544008e3486197a15503d0ee914f4c27d9,790,pdf_56,f0ce416ab9d3f527c2052960422068d0564c2b8833f2a75d05cab7aa8280b0d5,data/raw/pdfs/56_กาญจนบุรี.pdf,2,33,25.84252,464.94255999999996,1088.8346394594591,478.24256
pdf_64:p1:r21,rec_1711b00cce5837051becc02b4b162446c039f0ee7b4735ac33f7582a013f14ab,791,pdf_64,a4e4abc03757d1e14ce1bfb2e426567faeea8fce3152123821e712496872240e,data/raw/pdfs/64_กระบี่.pdf,1,21,25.84252,341.84649,1088.8346429729727,355.14649
pdf_21:p1:r17,rec_6f4058dc8f2516d2a6aaa93d915ab359f62a7dd92159cfafdc6879724a8adcc6,792,pdf_21,30de42d8df83af320948c083353a9109256e5f6ce057c8d941902c86bbb645dd,data/raw/pdfs/21_สุรินทร์.pdf,1,17,25.84252,288.64649999999995,1088.8346369999997,301.94649999999996
pdf_69:p2:r26,rec_2116ecb1a53eef1de23c36951b0838677f8150d7ea56db64ebe4343635994e0f,793,pdf_69,769b283c00d83344280df884874571c2a99d89f78de64644b43bf9c6a108efa4,data/raw/pdfs/69_ชุมพร.pdf,2,26,25.84252,371.84256,1088.8346404878048,385.14256
pdf_03:p5:r6,rec_72c8ef757970c63fb8d5dd7dbc2705da73152039d1258ee78771b0eb50380252,794,pdf_03,7dd9e7f51732791c63183067d85d18d20f856edf0c2dff89dbda84d866df2d62,data/raw/pdfs/03_นนทบุรี.pdf,5,6,25.84252,105.84259999999999,1088.8346391666664,119.14259999999999
pdf_11:p2:r26,rec_c1a1c5fb208c0d2803d92a7b109485289488cb23e925e80bbf62341612322d7f,795,pdf_11,3638acfefe295becff8609b6ee16edeea0914e518d215754813661f1c0a3f79b,data/raw/pdfs/11_ชลบุรี.pdf,2,26,25.84252,371.84256,1088.8346404878048,385.14256
pdf_27:p1:r2,rec_38a3bfb757faf85b6a66308639487b1464a4d0a6513fea0ea56da5343a322753,796,pdf_27,bf545cbe9d19aa5a22880cf18f4484776d7d3e1348605d1451dfe7147ed85334,data/raw/pdfs/27_หนองบัวลำภู.pdf,1,2,25.84252,89.14648999999997,1088.8346429729727,102.44649000000004
pdf_73:p2:r8,rec_ca81236f00490fce0892953a3fb109adfc654a1601d50365682320d57e0cea8e,797,pdf_73,8a9a8b1fb9d81eb7f2d76afa1f886621ea38587fc4c60902bc317398649ff90e,data/raw/pdfs/73_พัทลุง.pdf,2,8,25.84252,132.44255999999996,1088.8346404878048,145.74255999999997
pdf_50:p2:r13,rec_8c2dee4ea9eecb74102cec9b96f85c005e1244732db16ee9e758c4ffc5e17001,798,pdf_50,8b7fe8a59c2c1fa488d7462868687d8f934217d7df929384117ef1e19dae37ab,data/raw/pdfs/50_ตาก.pdf,2,13,25.84252,198.94259999999997,1088.8346270588233,212.24259999999998
pdf_67:p2:r22,rec_a50d94defd0f65d8d30680a5faa4e725096e09dad008aa74371595169acfdc89,799,pdf_67,b66fc9f9229750b7a04c0e5c07c072d77eb0800ed604da819fb28b6c4a75a636,data/raw/pdfs/67_สุราษฎร์ธานี.pdf,2,22,25.84252,318.64256,1088.8346404878048,331.94255999999996
pdf_30:p1:r6,rec_f96872331f5bea7736e4b8e8d37a0dc188f616e7156ae194af0617be0f03a6dd,800,pdf_30,3dbc36c6e240d0c7cc9a595bfe9743d7b0579f6761191fb00c2a69959c985598,data/raw/pdfs/30_เลย.pdf,1,6,25.84252,142.3465,1088.8346355555555,155.6465
pdf_70:p1:r20,rec_4c908dc70fa80aef4cf330685f41f111306d6a26eb894ac923b212e265df41ba,801,pdf_70,dd0c8cec48b7f0994639864765a097630785c0e22135d674cb3057f22c0f80ab,data/raw/pdfs/70_สงขลา.pdf,1,20,25.84252,328.54649,1088.8346429729727,341.84649
pdf_03:p1:r11,rec_c489091fb635354d17068ecbc93cf04814f31401921f937234eff7ff5cbfe6ba,802,pdf_03,7dd9e7f51732791c63183067d85d18d20f856edf0c2dff89dbda84d866df2d62,data/raw/pdfs/03_นนทบุรี.pdf,1,11,25.84252,208.84649,1088.8346429729727,222.14649
pdf_62:p1:r20,rec_5d4e720df4b77467fb914fd633d19c3d5bf7f1d655adac229e0ec22af083653e,803,pdf_62,16170e28f4926ce3d0cb9566cb26ec752a3cb84a42d0ceb55d00107b3d3f1443,data/raw/pdfs/62_ประจวบคีรีขันธ์.pdf,1,20,25.84252,328.5465,1088.834638181818,341.84649999999993
pdf_66:p1:r34,rec_f03d1f0cbb5e51b4cca54673ee6f905351d20596fcb20c6a14c564c06f6a2401,804,pdf_66,012255400d37e8c732ded7ebc3c018108c8f4aa391112b3f6d6515d21e797ab6,data/raw/pdfs/66_ภูเก็ต.pdf,1,34,25.84252,514.74649,1088.8346429729727,528.04649
pdf_67:p1:r26,rec_6e8aba044117e976e09d6bed9750a1ccb1f7e613c9754c73211ef12087d5fb78,805,pdf_67,b66fc9f9229750b7a04c0e5c07c072d77eb0800ed604da819fb28b6c4a75a636,data/raw/pdfs/67_สุราษฎร์ธานี.pdf,1,26,25.84252,408.34649,1088.8346429729727,421.64649
pdf_71:p1:r5,rec_fbe7e93d3613275250c59175148b0a2e4bb2365240e926e1175a908aeb7315ff,806,pdf_71,639082545e4a719e41bac9fcbfd55a943a269cfdf276e85b2e44844d06d2a73a,data/raw/pdfs/71_สตูล.pdf,1,5,25.84252,129.04650000000004,1088.8346395999997,142.3465
pdf_75:p1:r22,rec_d470ea1f597862b08714133b03f8ec2bdfbe230a287bd0267771330efe01e4c4,807,pdf_75,ffef7f4f9a7953e62785b17dc6cfa1d3fa15bda9cb7369abaaa41e24f24f5ae4,data/raw/pdfs/75_ยะลา.pdf,1,22,25.84252,355.14649,1088.834642352941,368.44649
pdf_74:p2:r25,rec_5a6ae21a93a9e610503fd02a935db9f876834ca916d2f8e5a4d1c19bb0c163f0,808,pdf_74,a740362f586a24f46fcc09fc1a1bc6391556e4c9bc432141903734f7833f39db,data/raw/pdfs/74_ปัตตานี.pdf,2,25,25.84252,358.54256,1088.8346404878048,371.84256
pdf_70:p2:r15,rec_ea574a93faeea985b5ff5b853d4903de950f8d04465a1cf5e2e8a40b0dd989c7,809,pdf_70,dd0c8cec48b7f0994639864765a097630785c0e22135d674cb3057f22c0f80ab,data/raw/pdfs/70_สงขลา.pdf,2,15,25.84252,225.5426,1088.8346391666664,238.84259999999995
pdf_71:p1:r13,rec_e702431cb68004a663c45d1c7df21abee9b56e3669e468a43e399d8bf2178998,810,pdf_71,639082545e4a719e41bac9fcbfd55a943a269cfdf276e85b2e44844d06d2a73a,data/raw/pdfs/71_สตูล.pdf,1,13,25.84252,235.44650000000001,1088.8346395999997,248.74649999999997
pdf_64:p2:r18,rec_c9a6518c5d5796236415c91c37357ce2cc108df4d9db8c71177f3b15e2d3975b,811,pdf_64,a4e4abc03757d1e14ce1bfb2e426567faeea8fce3152123821e712496872240e,data/raw/pdfs/64_กระบี่.pdf,2,18,25.84252,265.44255999999996,1088.8346404878048,278.74255999999997
pdf_73:p2:r32,rec_215e662d2107c4b1dac9ddb1993f480611b842ae612e38161399177fea0d14bd,812,pdf_73,8a9a8b1fb9d81eb7f2d76afa1f886621ea38587fc4c60902bc317398649ff90e,data/raw/pdfs/73_พัทลุง.pdf,2,32,25.84252,451.64256000000006,1088.8346404878048,464.94255999999996
pdf_74:p3:r6,rec_66814fee1d4b753453af93492f6bd7512ec6c37384e8bf98fd36a96084f40673,813,pdf_74,a740362f586a24f46fcc09fc1a1bc6391556e4c9bc432141903734f7833f39db,data/raw/pdfs/74_ปัตตานี.pdf,3,6,25.84252,105.84259999999999,1088.834628333333,119.14260000000002
pdf_75:p1:r23,rec_d43eb7fd3e613d538e7c4a02bb1ca96ff886365419690db0da6bea69fbd27a5d,814,pdf_75,ffef7f4f9a7953e62785b17dc6cfa1d3fa15bda9cb7369abaaa41e24f24f5ae4,data/raw/pdfs/75_ยะลา.pdf,1,23,25.84252,368.44649,1088.834642352941,381.74649
pdf_74:p2:r20,rec_910c9f5ff1c2abe447c6781f6da939185afc853b5592e4030136b7146ad97fa5,815,pdf_74,a740362f586a24f46fcc09fc1a1bc6391556e4c9bc432141903734f7833f39db,data/raw/pdfs/74_ปัตตานี.pdf,2,20,25.84252,292.04256,1088.8346404878048,305.34256
pdf_73:p2:r34,rec_70d52e2c4fb9874cc132bb24ae148d7dfb90cdfe0b02cf1b71cd7a09ccbf9024,816,pdf_73,8a9a8b1fb9d81eb7f2d76afa1f886621ea38587fc4c60902bc317398649ff90e,data/raw/pdfs/73_พัทลุง.pdf,2,34,25.84252,478.24256,1088.8346404878048,491.54256
pdf_52:p1:r9,rec_8fdb9ae000ef772d4efe7c8ae69fed44b2b760a863ecd7105ff494dceda78e85,817,pdf_52,9cb0d6cf6dff8fc890e8435c67310ba7051a6c49c0a0cbb9b817f49c8ece0551,data/raw/pdfs/52_พิษณุโลก.pdf,1,9,25.84252,182.24649,1088.8346429729727,195.54648999999995
pdf_74:p1:r8,rec_d326bdf863304483a577741df40713e930fe489073f93bb2019f5c31391eae4d,818,pdf_74,a740362f586a24f46fcc09fc1a1bc6391556e4c9bc432141903734f7833f39db,data/raw/pdfs/74_ปัตตานี.pdf,1,8,25.84252,168.94649000000004,1088.8346429729727,182.24649
pdf_69:p1:r32,rec_64f02c67f9285cd5e9fe68c8acbe3b93c9c9028f02ca3b2b02b42c3968bd91eb,819,pdf_69,769b283c00d83344280df884874571c2a99d89f78de64644b43bf9c6a108efa4,data/raw/pdfs/69_ชุมพร.pdf,1,32,25.84252,488.14649,1088.8346429729727,501.44649
pdf_70:p1:r16,rec_7a2a8d6cdf2fa56d3ade82d85db4af5070f4b7175a2dc4be3776e0c874e9fdbe,820,pdf_70,dd0c8cec48b7f0994639864765a097630785c0e22135d674cb3057f22c0f80ab,data/raw/pdfs/70_สงขลา.pdf,1,16,25.84252,275.34649,1088.8346429729727,288.64649
pdf_74:p1:r1,rec_65df793a46cc4a799f6f7cbe80eac4fdd119775995976f6416de55131d8c99dd,821,pdf_74,a740362f586a24f46fcc09fc1a1bc6391556e4c9bc432141903734f7833f39db,data/raw/pdfs/74_ปัตตานี.pdf,1,1,25.84252,75.84649000000002,1088.8346429729727,89.14648999999997
pdf_76:p1:r10,rec_7e60c559d58b73a4828a3d97fb4f28c460936b29b82be0589741a4c17fab55b7,822,pdf_76,474bb90a38c020bbc86d90180af2b062867ed6a1db6999d709acff810fd5d84d,data/raw/pdfs/76_นราธิวาส.pdf,1,10,25.84252,195.54648999999995,1088.8346429729727,208.84649
pdf_19:p3:r23,rec_9ff20bcfb898e759fa44414732a9d6d473b51fda9d1db69e6fdf1da4c56cd63f,823,pdf_19,2fbc685c790d957bd597a9ae4cbc69a07dacbb20cab611015cf1ce2eecd5982c,data/raw/pdfs/19_นครราชสีมา.pdf,3,23,25.84252,331.94255999999996,1088.8346404878048,345.24256
pdf_71:p1:r12,rec_5a9968caeb877d0f5edcf9ac31f58baca9a68b68d4a220abf94efa3b64300eae,824,pdf_71,639082545e4a719e41bac9fcbfd55a943a269cfdf276e85b2e44844d06d2a73a,data/raw/pdfs/71_สตูล.pdf,1,12,25.84252,222.1465,1088.8346395999997,235.44650000000001
pdf_76:p2:r9,rec_96cbb74c295a49e34ccebf5d8475c4af413b8965f25b61b697266f8514888f87,825,pdf_76,474bb90a38c020bbc86d90180af2b062867ed6a1db6999d709acff810fd5d84d,data/raw/pdfs/76_นราธิวาส.pdf,2,9,25.84252,145.74260000000004,1088.8346369999997,159.0426
pdf_75:p1:r8,rec_df2130e23c825dcf13cfc3d401aa2a0859eba8fb6cb1e8a2c021a1069b41713d,826,pdf_75,ffef7f4f9a7953e62785b17dc6cfa1d3fa15bda9cb7369abaaa41e24f24f5ae4,data/raw/pdfs/75_ยะลา.pdf,1,8,25.84252,168.94648999999998,1088.834642352941,182.24649
pdf_74:p1:r10,rec_87a7bfbd765ed2a8dc823f013e2b1059af606116b7a8f0c897740d12c835548c,827,pdf_74,a740362f586a24f46fcc09fc1a1bc6391556e4c9bc432141903734f7833f39db,data/raw/pdfs/74_ปัตตานี.pdf,1,10,25.84252,195.54648999999995,1088.8346429729727,208.84649
pdf_25:p2:r2,rec_3679b3f39af7c480669fed9db542a2e100fba1ff3f0e1246bfdd42759356e6ac,828,pdf_25,0155bd151db06d789a16df2bc6422d9237698f7f38d57991cc1ab60bcb86601c,data/raw/pdfs/25_ชัยภูมิ.pdf,2,2,25.842519999999997,52.642600000000016,1088.8345849999998,65.94259999999997
pdf_16:p1:r3,rec_fc4d5c576c0452155c009cb8b84cbb9ce98c5466c6a58ba1cf4440a917d43a5c,829,pdf_16,7b893a3f02630b40240d0242410f662e3fe91d8d5ea2449991bba89e89a89ea4,data/raw/pdfs/16_ปราจีนบุรี.pdf,1,3,25.84252,102.44649000000004,1088.8346429729727,115.74649
pdf_23:p2:r13,rec_16db7db4df01569088ded1f12ae655764a554e60d2ae1ac3c0a2875e84f84d7b,830,pdf_23,771338278a591f8b5dfd252a64922234ef0d7071b6e6cd32beb2341668023e47,data/raw/pdfs/23_อุบลราชธานี.pdf,2,13,25.84252,198.94255999999996,1088.8346404878048,212.24255999999997
pdf_73:p2:r18,rec_f31a31c441c90b40bf2d2ebe8e21bc466e7febf98884d6e9c36541ab23ddc2d2,831,pdf_73,8a9a8b1fb9d81eb7f2d76afa1f886621ea38587fc4c60902bc317398649ff90e,data/raw/pdfs/73_พัทลุง.pdf,2,18,25.84252,265.44255999999996,1088.8346404878048,278.74255999999997
pdf_32:p1:r19,rec_c5e0e4f2dbc131d1adecf290e414bff177dc5207fab59aa56a1960c6a5ac2f45,832,pdf_32,b00581f42f40b25ff4c6be7ad8e530fc1306844ad3bb673079384b891a4190e5,data/raw/pdfs/32_มหาสารคาม.pdf,1,19,25.84252,315.24649999999997,1088.8346399999998,328.5465
pdf_51:p1:r14,rec_e48e770245c0e63c0ed186715e3b4f5bed429bf5bba4d53c123c8ebe2fc72450,833,pdf_51,380327daf06efde704e25ac9a209c4688b14087a4bcd57b35db44471d39e5199,data/raw/pdfs/51_สุโขทัย.pdf,1,14,25.84252,257.24649,1088.834642352941,270.54649
pdf_70:p2:r20,rec_b9424a0a595cbcac1dbcc9d20b2ab0fe6833f9cdbd3d829e0cffbf1f4b2e9492,834,pdf_70,dd0c8cec48b7f0994639864765a097630785c0e22135d674cb3057f22c0f80ab,data/raw/pdfs/70_สงขลา.pdf,2,20,25.84252,292.0426,1088.8346391666664,305.34259999999995
pdf_50:p2:r4,rec_e0215373cda4b9d9828363563fd5cc910372b65eff1f134bfe0369bf7c733a66,835,pdf_50,8b7fe8a59c2c1fa488d7462868687d8f934217d7df929384117ef1e19dae37ab,data/raw/pdfs/50_ตาก.pdf,2,4,25.84252,79.24260000000001,1088.8346270588233,92.5426
pdf_15:p2:r29,rec_91f16d6c2e9931394478288efba58405aa7582a9ddc417d416fa6e8e52959466,836,pdf_15,bf99cdf12418fcdc90b3c1c739fd4e7e09ca40818852ca43bcd1c3284b3cf084,data/raw/pdfs/15_ฉะเชิงเทรา.pdf,2,29,25.84252,411.74256,1088.8346404878048,425.04256
pdf_35:p1:r24,rec_85b28a9d1e76a08d6984b16006e50b1448e51c1dcb391fffb0003023e5e1ecca,837,pdf_35,34e8cb69b8d0f03a2caba0ffc0eb6d4b5233159b13350c073968de56ab12b69f,data/raw/pdfs/35_สกลนคร.pdf,1,24,25.84252,381.74649,1088.8346429729727,395.04649
pdf_67:p2:r6,rec_cf9f63106b105e22c845bff5b3cfa23229247f226a0e8765c4ce5c159bc22d64,838,pdf_67,b66fc9f9229750b7a04c0e5c07c072d77eb0800ed604da819fb28b6c4a75a636,data/raw/pdfs/67_สุราษฎร์ธานี.pdf,2,6,25.84252,105.84256,1088.8346404878048,119.14255999999996
pdf_59:p2:r37,rec_3255173f2b72a15d85d0698152a70a06d6f6ecf785409d5f911e33f47dbfe857,839,pdf_59,0c5827ab1fffa2ec0689a95405ee8640473ea428f18b199f44d2f71d4f366ad8,data/raw/pdfs/59_สมุทรสาคร.pdf,2,37,25.84252,518.14256,1088.8346404878048,531.44256
pdf_67:p7:r5,rec_118f5c6724b13ec3d56a7a0eaf32735bddcebaad7060635af68f949b41f6377d,840,pdf_67,b66fc9f9229750b7a04c0e5c07c072d77eb0800ed604da819fb28b6c4a75a636,data/raw/pdfs/67_สุราษฎร์ธานี.pdf,7,5,25.84252,92.5426,1088.8346270588233,105.84259999999999
pdf_72:p1:r34,rec_5b48aadf1ef86c2f290650f6c97a7b91d591bdb9bdf906ce5bf6478c15d1bf4c,841,pdf_72,04f947c56ddf01a73b376cdbb3099e393f9141fff3fec2504b9e031114606073,data/raw/pdfs/72_ตรัง.pdf,1,34,25.84252,514.74649,1088.8346429729727,528.04649
pdf_46:p1:r1,rec_8fc240e4c66c84f1b0709e851f2e298420e2df8a75874773c69a422e50857081,842,pdf_46,06c4f6b2edd8aec0be7828038556b5b7aec2393f710ca692324db2369d00d382,data/raw/pdfs/46_แม่ฮ่องสอน.pdf,1,1,25.84252,75.84649999999999,1088.834638181818,89.1465
pdf_23:p2:r25,rec_401b024350b3414657973c00b27a111ed4faac1ae07c65c8b0d78f54295de1b9,843,pdf_23,771338278a591f8b5dfd252a64922234ef0d7071b6e6cd32beb2341668023e47,data/raw/pdfs/23_อุบลราชธานี.pdf,2,25,25.84252,358.54256,1088.8346404878048,371.84256
pdf_23:p2:r34,rec_c6d6520598689a4533dff75b8bd9910a4278e150bb465f7819421876efc0f40e,844,pdf_23,771338278a591f8b5dfd252a64922234ef0d7071b6e6cd32beb2341668023e47,data/raw/pdfs/23_อุบลราชธานี.pdf,2,34,25.84252,478.24256,1088.8346404878048,491.54256
pdf_11:p2:r1,rec_651009101b453188fb764fd95c46ebe0e7918c12fdffb52af0d0bb5dc046ada5,845,pdf_11,3638acfefe295becff8609b6ee16edeea0914e518d215754813661f1c0a3f79b,data/raw/pdfs/11_ชลบุรี.pdf,2,1,25.84252,39.34256000000005,1088.8346404878048,52.64256
pdf_63:p1:r27,rec_f8811160fb29ce1b739fdcb72a8921ccc01054982c9aa28c857decdc25ce0e7b,846,pdf_63,b04433cfbe561d1199180db3f5210359427f668e1f7b072f31972e2749ce63ae,data/raw/pdfs/63_นครศรีธรรมราช.pdf,1,27,25.84252,421.64649,1088.8346429729727,434.94649
pdf_19:p2:r22,rec_17d413ceb769d960a9dddb0c8be9d068d0cb960aaefac0afc32920d883cfb5f1,847,pdf_19,2fbc685c790d957bd597a9ae4cbc69a07dacbb20cab611015cf1ce2eecd5982c,data/raw/pdfs/19_นครราชสีมา.pdf,2,22,25.84252,318.64256,1088.8346404878048,331.94255999999996
pdf_68:p1:r30,rec_68bba92ec58b58bbb7fa6c295d8920e66513174e1acb5061048c225ee63c2f06,848,pdf_68,3a242476c7c0c82cd6f78455b9ca30a8d8e875f3ae38090ae0fd5fb12805c593,data/raw/pdfs/68_ระนอง.pdf,1,30,25.84252,461.54649,1088.8346429729727,474.84649
pdf_42:p1:r1,rec_751e9bf754c1a154f51ae76dd893ea95fcfbbcd8174df934944314643f4746bf,849,pdf_42,16f91667607b5c5a42e3cff7ad822babaad330c616362a662a0b4828b7b23b93,data/raw/pdfs/42_แพร่.pdf,1,1,25.842519999999997,75.84649999999999,1088.8346066666666,89.14649999999997
pdf_04:p3:r16,rec_f74381e8b3da3bbcc9d10012b47b31c9bbe22cdee4f3407970cc63138ce26a8c,850,pdf_04,83861a2a02db33dda27703227bb90cd50ba1b9144123e42912f926c1d1043c39,data/raw/pdfs/04_ปทุมธานี.pdf,3,16,25.84252,238.84256,1088.8346404878048,252.14255999999995
pdf_58:p1:r19,rec_97bff786c23157b1ed4a21570267d434cc655022cd79efb2a04d24cffee065b8,851,pdf_58,8ff0dc3c9fe92f1cc2721c37fe35cfcc653ad17ca531672dc94686e7776d35a5,data/raw/pdfs/58_นครปฐม.pdf,1,19,25.84252,315.24649,1088.8346429729727,328.54649
pdf_02:p2:r28,rec_91205e07b4e09d7fc35a85b67f6a0886cce6509a8bfc362b522c64550a753ea9,852,pdf_02,368a15805d33fb210ed50297795f7f50bf822054e05b59bf71bfa25bee0f3a3c,data/raw/pdfs/02_สมุทรปราการ.pdf,2,28,25.84252,398.44255999999996,1088.8346404878048,411.74256
pdf_06:p1:r12,rec_c0373441662705e1d5f95279840c1d2d3c8e43d9c60a6fbc9bc9e84a75458190,853,pdf_06,03acf167c8c7dcc3b7e6ccbd9afcaa05e3b5157df416e00c1b7e146d91880d3c,data/raw/pdfs/06_อ่างทอง.pdf,1,12,25.84252,222.14649,1088.8346429729727,235.44649000000004
pdf_59:p1:r1,rec_225ed2cd58f574c2ddb78f803d6f9eb4eeb58d931bc2b1beb6de69810383bea5,854,pdf_59,0c5827ab1fffa2ec0689a95405ee8640473ea428f18b199f44d2f71d4f366ad8,data/raw/pdfs/59_สมุทรสาคร.pdf,1,1,25.84252,75.84649000000002,1088.8346429729727,89.14648999999997
pdf_19:p1:r35,rec_d131f40b1daa38b602b1a4d589433e3032d96efe753faeaca2f9936bcd7c608b,855,pdf_19,2fbc685c790d957bd597a9ae4cbc69a07dacbb20cab611015cf1ce2eecd5982c,data/raw/pdfs/19_นครราชสีมา.pdf,1,35,25.84252,536.54649,1088.8346429729727,549.8464899999999
pdf_25:p1:r10,rec_5977352ea17cdbac6e317dbd2076508533d9e97c3e38162a38f365975df78f0c,856,pdf_25,0155bd151db06d789a16df2bc6422d9237698f7f38d57991cc1ab60bcb86601c,data/raw/pdfs/25_ชัยภูมิ.pdf,1,10,25.84252,195.54648999999995,1088.8346429729727,208.84649
pdf_11:p2:r8,rec_7a320100e9f0024a4fa246d06b8f4bb1c5a639eb0f20fd8581784198adcd1ff8,857,pdf_11,3638acfefe295becff8609b6ee16edeea0914e518d215754813661f1c0a3f79b,data/raw/pdfs/11_ชลบุรี.pdf,2,8,25.84252,132.44255999999996,1088.8346404878048,145.74255999999997
pdf_50:p1:r2,rec_54060306a6f1bb1d468ac240814457e583fe00df387e3ae4bcb14d63b7ace0fa,858,pdf_50,8b7fe8a59c2c1fa488d7462868687d8f934217d7df929384117ef1e19dae37ab,data/raw/pdfs/50_ตาก.pdf,1,2,25.84252,89.14648999999997,1088.8346429729727,102.44649000000004
pdf_64:p3:r5,rec_c33a60c8491d3edfcb19d712543a5dd6895553c942c09690c12dd44b4d0fb184,859,pdf_64,a4e4abc03757d1e14ce1bfb2e426567faeea8fce3152123821e712496872240e,data/raw/pdfs/64_กระบี่.pdf,3,5,25.84252,92.54255999999998,1088.8346404878048,105.84256
pdf_72:p1:r27,rec_60c7647479a1389ba6604527bfc9d8cce80e38dbe44f8867b3f2f46ea73c3fec,860,pdf_72,04f947c56ddf01a73b376cdbb3099e393f9141fff3fec2504b9e031114606073,data/raw/pdfs/72_ตรัง.pdf,1,27,25.84252,421.64649,1088.8346429729727,434.94649
pdf_53:p2:r17,rec_28c23a66a5dcf8520e81a2d698c6d7a4fb231665ba235063732ab72a264c1f2b,861,pdf_53,41aaaf3a91961ab9b2dee694f50d9a086d1ad80beffe1b54e81370016a11cb14,data/raw/pdfs/53_พิจิตร.pdf,2,17,25.84252,252.14260000000004,1088.834638181818,265.44259999999997
pdf_67:p6:r12,rec_e723cdbc7f94beada328fccf01c353927ffcd14b8a99eb38ebb772f991792d9c,862,pdf_67,b66fc9f9229750b7a04c0e5c07c072d77eb0800ed604da819fb28b6c4a75a636,data/raw/pdfs/67_สุราษฎร์ธานี.pdf,6,12,25.84252,185.64255999999995,1088.8346404878048,198.94255999999996
pdf_67:p4:r12,rec_71a3005202e745cf03080fb681c729c3f85737b41d65c136921b781bc4707aaf,863,pdf_67,b66fc9f9229750b7a04c0e5c07c072d77eb0800ed604da819fb28b6c4a75a636,data/raw/pdfs/67_สุราษฎร์ธานี.pdf,4,12,25.84252,185.64255999999995,1088.8346404878048,198.94255999999996
pdf_67:p6:r13,rec_182d2c37541639e60bacf0bb7ecd34c68282015f5879d987a8870bc3f3981585,864,pdf_67,b66fc9f9229750b7a04c0e5c07c072d77eb0800ed604da819fb28b6c4a75a636,data/raw/pdfs/67_สุราษฎร์ธานี.pdf,6,13,25.84252,198.94255999999996,1088.8346404878048,212.24255999999997
pdf_31:p1:r3,rec_3307fa3ada8ad05c0c7de35771ec568a8cfce30e400b494b0b91ab37405c8108,865,pdf_31,f1a10c3940792a9b882ab08acb2b2394c5009faa4f9334ce940cf44438cf5d54,data/raw/pdfs/31_หนองคาย.pdf,1,3,25.84252,102.44649,1088.834642352941,115.74649
pdf_56:p2:r28,rec_7eae825dd818f873ea6d050a33c88b7ef2297c76a4efa4989788115f7a1b40bb,866,pdf_56,f0ce416ab9d3f527c2052960422068d0564c2b8833f2a75d05cab7aa8280b0d5,data/raw/pdfs/56_กาญจนบุรี.pdf,2,28,25.84252,398.44256,1088.8346394594591,411.74256
pdf_64:p3:r13,rec_0a283173d8f23b19b902094eca194284d5f88657cde592940c5c047f3afc0f95,867,pdf_64,a4e4abc03757d1e14ce1bfb2e426567faeea8fce3152123821e712496872240e,data/raw/pdfs/64_กระบี่.pdf,3,13,25.84252,198.94255999999996,1088.8346404878048,212.24255999999997
pdf_64:p2:r34,rec_5c371a440aa144c5d5bf299aa7d987f5b8a37df2a8e7e1277174019bca7f45ff,868,pdf_64,a4e4abc03757d1e14ce1bfb2e426567faeea8fce3152123821e712496872240e,data/raw/pdfs/64_กระบี่.pdf,2,34,25.84252,478.24256,1088.8346404878048,491.54256
pdf_59:p1:r27,rec_fc95b7396affcfee5cabb9f564af1df5cb5294032cb03cb08bdf6fb45afb212c,869,pdf_59,0c5827ab1fffa2ec0689a95405ee8640473ea428f18b199f44d2f71d4f366ad8,data/raw/pdfs/59_สมุทรสาคร.pdf,1,27,25.84252,421.64649,1088.8346429729727,434.94649
pdf_55:p2:r5,rec_4e2644a3640440ef5e1142812d6b0ffe836de1e882d79ad1641f11d8c1f78193,870,pdf_55,fe2373eb0d81516b45b09f5bb593a35bc32f505875cafd93f214ca6bc310c4d4,data/raw/pdfs/55_ราชบุรี.pdf,2,5,25.84252,92.5426,1088.834622142857,105.84259999999999
pdf_68:p2:r2,rec_0bc623241847f29acd8a35b8fd21a2d9d793494debd5c0a092cc1ce9a9caf48d,871,pdf_68,3a242476c7c0c82cd6f78455b9ca30a8d8e875f3ae38090ae0fd5fb12805c593,data/raw/pdfs/68_ระนอง.pdf,2,2,25.84252,52.64256,1088.8346404878048,65.94255999999996
pdf_56:p1:r35,rec_7cba1bc38297b41c934f8e8fb9b538001ec5303e0f7a2d28fc282e391ecc4c81,872,pdf_56,f0ce416ab9d3f527c2052960422068d0564c2b8833f2a75d05cab7aa8280b0d5,data/raw/pdfs/56_กาญจนบุรี.pdf,1,35,25.84252,528.04649,1088.8346429729727,541.3464899999999
pdf_03:p3:r15,rec_afd86ef2e2f3e8d7956ee47288caba5ae33ce54e7595502ef43ff939054d1d88,873,pdf_03,7dd9e7f51732791c63183067d85d18d20f856edf0c2dff89dbda84d866df2d62,data/raw/pdfs/03_นนทบุรี.pdf,3,15,25.84252,225.54255999999995,1088.8346404878048,238.84256
pdf_07:p1:r24,rec_34584e39a50789295a54a68ac7ce7d6201a0d6751c0d4878b4c9488414c02151,874,pdf_07,f00681093e03a60a87dbc3834edae199fd055d6366406e456741ffd059ff3b05,data/raw/pdfs/07_ลพบุรี.pdf,1,24,25.84252,381.74649,1088.8346429729727,395.04649
pdf_04:p2:r33,rec_1a9fde25ea395ca487edfb1ccd7d0c744108042e158cb23de64bb2adee902f01,875,pdf_04,83861a2a02db33dda27703227bb90cd50ba1b9144123e42912f926c1d1043c39,data/raw/pdfs/04_ปทุมธานี.pdf,2,33,25.84252,464.94255999999996,1088.8346404878048,478.24256
pdf_64:p1:r1,rec_ad395f1d26f05b684a0b443e4a3337d59845ff43a762e8b3c7d4a24188ae7ce2,876,pdf_64,a4e4abc03757d1e14ce1bfb2e426567faeea8fce3152123821e712496872240e,data/raw/pdfs/64_กระบี่.pdf,1,1,25.84252,75.84649000000002,1088.8346429729727,89.14648999999997
pdf_25:p1:r17,rec_b2125e6af8ebfaa3959acb5ce2cc2208354ba43bffde972471ac2d3f71b50f9e,877,pdf_25,0155bd151db06d789a16df2bc6422d9237698f7f38d57991cc1ab60bcb86601c,data/raw/pdfs/25_ชัยภูมิ.pdf,1,17,25.84252,288.64649,1088.8346429729727,301.94649
pdf_70:p1:r34,rec_4ca78a00326e3178a11642bf32d5e4a1c6e195387057522bcff54f3c5bba2188,878,pdf_70,dd0c8cec48b7f0994639864765a097630785c0e22135d674cb3057f22c0f80ab,data/raw/pdfs/70_สงขลา.pdf,1,34,25.84252,514.74649,1088.8346429729727,528.04649
pdf_60:p1:r9,rec_a9a003542f89cb2840d67c653c50e48e19c0d576829f15dcd8a21aae64e3a13f,879,pdf_60,83005eabe1d9070b5592477278ea610755bdcb54fea6e719fee81b3b098eaa28,data/raw/pdfs/60_สมุทรสงคราม.pdf,1,9,25.842520000000004,182.24649999999997,1088.8346403703702,195.5465
pdf_68:p1:r25,rec_e138fd9cabde49f63da79d52bb3721796bff5db89088888395d154250bedcb48,880,pdf_68,3a242476c7c0c82cd6f78455b9ca30a8d8e875f3ae38090ae0fd5fb12805c593,data/raw/pdfs/68_ระนอง.pdf,1,25,25.84252,395.04649,1088.8346429729727,408.34649
pdf_06:p1:r17,rec_a40db0a9c8fcc6cb89865b2475f35b612b8e1e47e62e490eff20948f33930456,881,pdf_06,03acf167c8c7dcc3b7e6ccbd9afcaa05e3b5157df416e00c1b7e146d91880d3c,data/raw/pdfs/06_อ่างทอง.pdf,1,17,25.84252,288.64649,1088.8346429729727,301.94649
pdf_11:p1:r3,rec_3f45e59fa99179197490babb530a44ba2df120431f5158a4bdc7c50e546c3dd7,882,pdf_11,3638acfefe295becff8609b6ee16edeea0914e518d215754813661f1c0a3f79b,data/raw/pdfs/11_ชลบุรี.pdf,1,3,25.84252,102.44649000000004,1088.8346429729727,115.74649
pdf_58:p1:r21,rec_370ea23a938b2eae823ff4fdd9ee7b2f2ef04e2663ca92494db2a23b0d35c391,883,pdf_58,8ff0dc3c9fe92f1cc2721c37fe35cfcc653ad17ca531672dc94686e7776d35a5,data/raw/pdfs/58_นครปฐม.pdf,1,21,25.84252,341.84649,1088.8346429729727,355.14649
pdf_64:p3:r36,rec_c28cc321b8d3f55a1c7a63131bd7113bf41f7fb5939b2a9b1979c8cf41d21605,884,pdf_64,a4e4abc03757d1e14ce1bfb2e426567faeea8fce3152123821e712496872240e,data/raw/pdfs/64_กระบี่.pdf,3,36,25.84252,504.84255999999993,1088.8346404878048,518.14256
pdf_69:p2:r15,rec_fd5acd22cd403efea01e3033cc22e04d183e292ff8edd58d47c0ab8b92e6a281,885,pdf_69,769b283c00d83344280df884874571c2a99d89f78de64644b43bf9c6a108efa4,data/raw/pdfs/69_ชุมพร.pdf,2,15,25.84252,225.54255999999995,1088.8346404878048,238.84256
pdf_20:p1:r7,rec_377e8e61d1212fc820c7d765bff37df62be6301cf338e53835b5b704b7f67392,886,pdf_20,ae2a7c5842b204a3f43b72f11f0cc869b9b435d34c9fd7a66feb13673b14c006,data/raw/pdfs/20_บุรีรัมย์.pdf,1,7,25.84252,155.64649999999995,1088.8346326666665,168.94649999999996
pdf_54:p1:r19,rec_26a4d18c06ad8ed3c282335b75fc5924bd9006562830f4e0b5331cf23484c7c8,887,pdf_54,884b1d2d94fff12fa64928c8a22df877265f50fbc00dfcb61f5a4636dd1c14c8,data/raw/pdfs/54_เพชรบูรณ์.pdf,1,19,25.84252,323.74649,1088.8346429729727,337.04649
pdf_70:p1:r35,rec_fa4e8202564f546e2ff3f2962dfa445a3c669a86d7cb6cacf3d035568254fd0d,888,pdf_70,dd0c8cec48b7f0994639864765a097630785c0e22135d674cb3057f22c0f80ab,data/raw/pdfs/70_สงขลา.pdf,1,35,25.84252,528.04649,1088.8346429729727,541.3464899999999
pdf_02:p3:r3,rec_a164a0b6e3981761419a0b32d1cc74ab272f591c69c7765c2a07db9323837cb6,889,pdf_02,368a15805d33fb210ed50297795f7f50bf822054e05b59bf71bfa25bee0f3a3c,data/raw/pdfs/02_สมุทรปราการ.pdf,3,3,25.84252,65.94259999999997,1088.8346343999997,79.24260000000004
pdf_58:p3:r1,rec_7f562756b5e9b9ce8ec762aa9861c6c4f802613065b0f5ac8f0b660c5e5c2280,890,pdf_58,8ff0dc3c9fe92f1cc2721c37fe35cfcc653ad17ca531672dc94686e7776d35a5,data/raw/pdfs/58_นครปฐม.pdf,3,1,25.84252,39.34259999999995,1088.8346304999998,52.642599999999945
pdf_61:p1:r16,rec_57e4ebc7005d4f45b0fba7bf7558146d4016e915cf56c3fb47f25407794fad58,891,pdf_61,6dda18b7ffb9a73296045d0dd81965bec27f7cbccc7ef862c8bf458d206599e2,data/raw/pdfs/61_เพชรบุรี.pdf,1,16,25.84252,275.3465,1088.834638181818,288.6465
pdf_58:p1:r24,rec_c69f26ffa6179ff09ef7fa2406f756b1a1457ae567f8b6c614e1345353d5deca,892,pdf_58,8ff0dc3c9fe92f1cc2721c37fe35cfcc653ad17ca531672dc94686e7776d35a5,data/raw/pdfs/58_นครปฐม.pdf,1,24,25.84252,381.74649,1088.8346429729727,395.04649
pdf_71:p1:r9,rec_9dad6d59babbc8d9aa0848970f0add4632834301002bba2777325329eb65f6c3,893,pdf_71,639082545e4a719e41bac9fcbfd55a943a269cfdf276e85b2e44844d06d2a73a,data/raw/pdfs/71_สตูล.pdf,1,9,25.84252,182.24649999999997,1088.8346395999997,195.54650000000004
pdf_16:p1:r16,rec_4fbadc3a77ead69daea76bd11094cea01d57294e67277ca1abbdbaa81938e738,894,pdf_16,7b893a3f02630b40240d0242410f662e3fe91d8d5ea2449991bba89e89a89ea4,data/raw/pdfs/16_ปราจีนบุรี.pdf,1,16,25.84252,275.34649,1088.8346429729727,288.64649
pdf_44:p1:r13,rec_67cda5999939553eab64c1f211769cad5e4ec83c457ff8ce84b6c3147cb38904,895,pdf_44,0b6a87addaacef010594603f0dfdfb6eeb947a760e12360b52409636f432ab36,data/raw/pdfs/44_พะเยา.pdf,1,13,25.84252,235.44649999999996,1088.8346369999997,248.74649999999997
pdf_16:p1:r1,rec_1a2884f5d7ad768d8bdf3497486a04e13e703c49b90208e722f2c3ca4a7ab882,896,pdf_16,7b893a3f02630b40240d0242410f662e3fe91d8d5ea2449991bba89e89a89ea4,data/raw/pdfs/16_ปราจีนบุรี.pdf,1,1,25.84252,75.84649000000002,1088.8346429729727,89.14648999999997
pdf_04:p3:r17,rec_728b602e7d68ac5971272adf5c38555a401123d6e2dd4cfa59a41aee93c8711b,897,pdf_04,83861a2a02db33dda27703227bb90cd50ba1b9144123e42912f926c1d1043c39,data/raw/pdfs/04_ปทุมธานี.pdf,3,17,25.84252,252.14255999999995,1088.8346404878048,265.44255999999996
pdf_23:p1:r9,rec_5a9f29739542f05108c17de7be55a86fafb8cd92bb34fde858fee40fa7310fea,898,pdf_23,771338278a591f8b5dfd252a64922234ef0d7071b6e6cd32beb2341668023e47,data/raw/pdfs/23_อุบลราชธานี.pdf,1,9,25.84252,190.74649,1088.8346429729727,204.04648999999995
pdf_68:p2:r23,rec_71511b33a59acd3bac71b0c5a3684bf4043d51f51dab31c2f6c8470f127a0a80,899,pdf_68,3a242476c7c0c82cd6f78455b9ca30a8d8e875f3ae38090ae0fd5fb12805c593,data/raw/pdfs/68_ระนอง.pdf,2,23,25.84252,331.94255999999996,1088.8346404878048,345.24256
pdf_66:p1:r35,rec_d74ca3652dbfaa4bcd6582515c71aa475055789465e293c9f21ac7f55cae07a8,900,pdf_66,012255400d37e8c732ded7ebc3c018108c8f4aa391112b3f6d6515d21e797ab6,data/raw/pdfs/66_ภูเก็ต.pdf,1,35,25.84252,528.04649,1088.8346429729727,541.3464899999999
pdf_54:p1:r16,rec_24a48bca4b2d9d70f9431246b378663ed58fffb7756fdb7393d6eb95f8dfdfa5,901,pdf_54,884b1d2d94fff12fa64928c8a22df877265f50fbc00dfcb61f5a4636dd1c14c8,data/raw/pdfs/54_เพชรบูรณ์.pdf,1,16,25.84252,283.84649,1088.8346429729727,297.14649
pdf_51:p1:r15,rec_00ed3221258d2ac283efc9fd13ee8c9676c49594af9f1b0f5ee6eeed200376e1,902,pdf_51,380327daf06efde704e25ac9a209c4688b14087a4bcd57b35db44471d39e5199,data/raw/pdfs/51_สุโขทัย.pdf,1,15,25.84252,270.54649,1088.834642352941,283.84649
pdf_05:p2:r13,rec_608957e9cde52b03397582faeec7bf1ec3ee05da6df2030eae662aa903d85d9a,903,pdf_05,ae1ba5ac5ef768c29045f4282a9047c71474a8d654003bfa51574874b3f415fc,data/raw/pdfs/05_พระนครศรีอยุธยา.pdf,2,13,25.84252,198.94255999999996,1088.8346404878048,212.24255999999997
pdf_06:p1:r8,rec_16667a19a1aef743556206505b76ca949d5a91426d22ba899286ecc206a5ab4c,904,pdf_06,03acf167c8c7dcc3b7e6ccbd9afcaa05e3b5157df416e00c1b7e146d91880d3c,data/raw/pdfs/06_อ่างทอง.pdf,1,8,25.84252,168.94649000000004,1088.8346429729727,182.24649
pdf_67:p2:r8,rec_affcf3c70c7bef5f26393d58f507086ca7e86edd6e7ea0c98a6d9928505c48ce,905,pdf_67,b66fc9f9229750b7a04c0e5c07c072d77eb0800ed604da819fb28b6c4a75a636,data/raw/pdfs/67_สุราษฎร์ธานี.pdf,2,8,25.84252,132.44255999999996,1088.8346404878048,145.74255999999997
pdf_66:p2:r1,rec_ee7d6cf01409924e746caebb8e130458b1345e8a3e72b50abcc4cbf5568c3015,906,pdf_66,012255400d37e8c732ded7ebc3c018108c8f4aa391112b3f6d6515d21e797ab6,data/raw/pdfs/66_ภูเก็ต.pdf,2,1,25.84252,39.34256000000005,1088.8346404878048,52.64256
pdf_03:p1:r20,rec_5e2cf22efe52f0eafa77df4d32e6f34c32d8505b544fe7d85370592f2aa0f904,907,pdf_03,7dd9e7f51732791c63183067d85d18d20f856edf0c2dff89dbda84d866df2d62,data/raw/pdfs/03_นนทบุรี.pdf,1,20,25.84252,328.54649,1088.8346429729727,341.84649
pdf_72:p2:r2,rec_ba3d07c90dc72c4adb18f0a9d2336ab7b6787814090484553c7da0af3927c4f1,908,pdf_72,04f947c56ddf01a73b376cdbb3099e393f9141fff3fec2504b9e031114606073,data/raw/pdfs/72_ตรัง.pdf,2,2,25.84252,52.64256,1088.8346402499997,65.94255999999996
pdf_04:p2:r6,rec_069ae1a1dcffcf333f552093fcc2471216ac87ab6381f65b755573758cc09ac9,909,pdf_04,83861a2a02db33dda27703227bb90cd50ba1b9144123e42912f926c1d1043c39,data/raw/pdfs/04_ปทุมธานี.pdf,2,6,25.84252,105.84256,1088.8346404878048,119.14255999999996
pdf_17:p1:r4,rec_c2dab31df9dc9786f57acdb57044d9f1239b7c1925f66c264644af542b33c534,910,pdf_17,69ee6e20b50a8b481e887173d13a132193b234c6f6442cad70c9aa3f04917b71,data/raw/pdfs/17_นครนายก.pdf,1,4,25.84252,115.7465,1088.8346355555555,129.04650000000004
pdf_03:p3:r16,rec_1af01c63b224d6ea124c1118ebf937f3982afdd3c95d1e7407a0d8163b35023b,911,pdf_03,7dd9e7f51732791c63183067d85d18d20f856edf0c2dff89dbda84d866df2d62,data/raw/pdfs/03_นนทบุรี.pdf,3,16,25.84252,238.84256,1088.8346404878048,252.14255999999995
pdf_35:p1:r31,rec_ce700d50ad6c9f024ee0d3ab279bfbb32e7bdce5fb9fa89c1a36b950cfa2862d,912,pdf_35,34e8cb69b8d0f03a2caba0ffc0eb6d4b5233159b13350c073968de56ab12b69f,data/raw/pdfs/35_สกลนคร.pdf,1,31,25.84252,474.84649,1088.8346429729727,488.14649
pdf_10:p1:r24,rec_6a6bf83d5eefdd96cd2f2470b68cf61242dc068714737d45db51d2a5433c1c91,913,pdf_10,5e0a433bc2cc307479a32d344bf5b0b4f006af0a3d0ccc1493fb587c885896c1,data/raw/pdfs/10_สระบุรี.pdf,1,24,25.84252,381.74649,1088.8346429729727,395.04649
pdf_49:p1:r11,rec_c3290675c59b5c05ec77ac81005b9e34fb16e62c153461a3966861648387705e,914,pdf_49,6ada8eb27a34993420ed8c6db69aa4ae13ff4283abdb43b9d76a05d6794f6a27,data/raw/pdfs/49_กำแพงเพชร.pdf,1,11,25.84252,208.84649,1088.8346429729727,222.14649
pdf_68:p2:r36,rec_7d7202079325dba9eba728380f205d9979a9f5e18f523b0bc15a5ee0933000fb,915,pdf_68,3a242476c7c0c82cd6f78455b9ca30a8d8e875f3ae38090ae0fd5fb12805c593,data/raw/pdfs/68_ระนอง.pdf,2,36,25.84252,504.84255999999993,1088.8346404878048,518.14256
pdf_58:p2:r1,rec_c9c5e5b90420178f23cb0d205cea77aa832144e90e51ae201ff4e17d64c5affb,916,pdf_58,8ff0dc3c9fe92f1cc2721c37fe35cfcc653ad17ca531672dc94686e7776d35a5,data/raw/pdfs/58_นครปฐม.pdf,2,1,25.84252,39.34256000000005,1088.8346404878048,52.64256
pdf_67:p4:r9,rec_6c8f74beeaf6a877a2ad2c0829e6bea8542758eb4e71d91c7ec79e91cc535906,917,pdf_67,b66fc9f9229750b7a04c0e5c07c072d77eb0800ed604da819fb28b6c4a75a636,data/raw/pdfs/67_สุราษฎร์ธานี.pdf,4,9,25.84252,145.74255999999997,1088.8346404878048,159.04255999999998
pdf_47:p1:r5,rec_5a6e7ef486e6a3dacf91a118f897fcb20f6ae50128cfa1f8cb8fdaef983fc5a3,918,pdf_47,365b7fdb0bc54f527416d61502059d02cd2aaa1ed2d3600907d80b79987b64c8,data/raw/pdfs/47_นครสวรรค์.pdf,1,5,25.84252,129.04649999999998,1088.8346326666665,142.3465
pdf_41:p1:r12,rec_9cc8aa7615ff37632218f557ccab2c931e714f4133f9f6d8d0beb76ce19d2a37,919,pdf_41,30547a39de949400c4d126175dcaea5210ed959ebf29c2b6135b85e45a4643e4,data/raw/pdfs/41_อุตรดิตถ์.pdf,1,12,25.84252,222.1465,1088.834636315789,235.44650000000001
pdf_74:p1:r13,rec_7a0ac47d65c5589ac36b3985b627c45732312f62b33d088e82afa88ff44a2886,920,pdf_74,a740362f586a24f46fcc09fc1a1bc6391556e4c9bc432141903734f7833f39db,data/raw/pdfs/74_ปัตตานี.pdf,1,13,25.84252,235.44649000000004,1088.8346429729727,248.74649
pdf_49:p1:r4,rec_0581df5bfef8c9987d0f736c94b8b163bba113a01930884e72628126bec1c5cf,921,pdf_49,6ada8eb27a34993420ed8c6db69aa4ae13ff4283abdb43b9d76a05d6794f6a27,data/raw/pdfs/49_กำแพงเพชร.pdf,1,4,25.84252,115.74649,1088.8346429729727,129.04648999999995
pdf_77:p1:r9,rec_6e3431e26c7c5898bd9755453bb3ad00734ded8c3ca47b3495df7a60b85407be,922,pdf_77,c6a9a5450194adece004b460d492fc69a9aaf576ac9b79fe291a676e7bd6b4b3,data/raw/pdfs/77_บึงกาฬ.pdf,1,9,25.84252,182.24650000000003,1088.8346299999998,195.54649999999998
pdf_31:p1:r24,rec_6122af0e42b9e1e6aac4f1890fde66e29bb758db47e0b188c718efb676afc877,923,pdf_31,f1a10c3940792a9b882ab08acb2b2394c5009faa4f9334ce940cf44438cf5d54,data/raw/pdfs/31_หนองคาย.pdf,1,24,25.84252,381.74649,1088.834642352941,395.04648999999995
pdf_40:p1:r11,rec_59bb714ae31eb4ee803cb1e1c1a60b3603bd869b39a5f2eef47d25f349fd546c,924,pdf_40,89bea4e9a200e8f073d048a2ed2a881a1e01108b8c12f1e050317b845aac6b1d,data/raw/pdfs/40_ลำปาง.pdf,1,11,25.84252,208.84649,1088.8346429729727,222.14649
pdf_67:p5:r14,rec_ab3a5358c2db3c4925950b000d280eed1e5c4ed4f4b9618ad49668cccec177af,925,pdf_67,b66fc9f9229750b7a04c0e5c07c072d77eb0800ed604da819fb28b6c4a75a636,data/raw/pdfs/67_สุราษฎร์ธานี.pdf,5,14,25.84252,212.24255999999997,1088.8346404878048,225.54255999999995
pdf_70:p2:r17,rec_1693b17d56b299af74d0d04110d27896f7985eb6abab9ddc8bc6b9e4fa3408f2,926,pdf_70,dd0c8cec48b7f0994639864765a097630785c0e22135d674cb3057f22c0f80ab,data/raw/pdfs/70_สงขลา.pdf,2,17,25.84252,252.14260000000004,1088.8346391666664,265.44259999999997
pdf_64:p1:r31,rec_24238c354e5be435440b39f40bebd9a32500b27820711a93134adda5f1d6e0e1,927,pdf_64,a4e4abc03757d1e14ce1bfb2e426567faeea8fce3152123821e712496872240e,data/raw/pdfs/64_กระบี่.pdf,1,31,25.84252,474.84649,1088.8346429729727,488.14649
pdf_04:p3:r5,rec_c8c7f49da36b5502908723879203e7f30e14abc5be5158f521db9a2accaeedba,928,pdf_04,83861a2a02db33dda27703227bb90cd50ba1b9144123e42912f926c1d1043c39,data/raw/pdfs/04_ปทุมธานี.pdf,3,5,25.84252,92.54255999999998,1088.8346404878048,105.84256
pdf_09:p1:r16,rec_19a242db9de92fa76f6d8ca26199505d3de5fd4254bd9443401f5c91a27cfc58,929,pdf_09,1912b318a38a3716d462ae8461062b50db721b56bb5dcac725c184bafd97be54,data/raw/pdfs/09_ชัยนาท.pdf,1,16,25.84252,275.3465,1088.8346395999997,288.6465
pdf_69:p2:r37,rec_e38a67926811076d1bab31de6f60cbf910141bf09876a30c0dc47db9a817cc86,930,pdf_69,769b283c00d83344280df884874571c2a99d89f78de64644b43bf9c6a108efa4,data/raw/pdfs/69_ชุมพร.pdf,2,37,25.84252,518.14256,1088.8346404878048,531.44256
pdf_04:p3:r23,rec_0c87d421e19fccf19ac563f02ab236bc431ffe6d926c126ac6e37a2c2b27e0c7,931,pdf_04,83861a2a02db33dda27703227bb90cd50ba1b9144123e42912f926c1d1043c39,data/raw/pdfs/04_ปทุมธานี.pdf,3,23,25.84252,331.94255999999996,1088.8346404878048,345.24256
pdf_68:p3:r10,rec_1b94a968afd3f9ed4ed5f53690365b0eeb48860e20cdf0ab6347acf500d6eaa4,932,pdf_68,3a242476c7c0c82cd6f78455b9ca30a8d8e875f3ae38090ae0fd5fb12805c593,data/raw/pdfs/68_ระนอง.pdf,3,10,25.842519999999997,159.0426,1088.8346337499997,172.34260000000003
pdf_16:p2:r8,rec_572d96a926bce4e2c2284ab14c7a85bcc3e9efccdd4616ff4205b75b7262ab56,933,pdf_16,7b893a3f02630b40240d0242410f662e3fe91d8d5ea2449991bba89e89a89ea4,data/raw/pdfs/16_ปราจีนบุรี.pdf,2,8,25.84252,132.44259999999997,1088.8346365517239,145.74259999999998
pdf_04:p3:r29,rec_2f1ffe2c918c53d3f1c9264514af0baac6e9c842a5914a93ad5e42c97305d1c9,934,pdf_04,83861a2a02db33dda27703227bb90cd50ba1b9144123e42912f926c1d1043c39,data/raw/pdfs/04_ปทุมธานี.pdf,3,29,25.84252,411.74256,1088.8346404878048,425.04256
pdf_03:p3:r17,rec_1935eb122cfa2fb1871d4a86d2edc225c9c20eb11dbf994d322204575cde3c7b,935,pdf_03,7dd9e7f51732791c63183067d85d18d20f856edf0c2dff89dbda84d866df2d62,data/raw/pdfs/03_นนทบุรี.pdf,3,17,25.84252,252.14255999999995,1088.8346404878048,265.44255999999996
pdf_12:p1:r34,rec_4b51853fbaacf652d87f2f9f7e7c10551f81761962585334b89741c83302fb44,936,pdf_12,a807bf56c3fc6df739b3c4e072038fd3824bd793ca3bbc711cf4169e5e81ff9c,data/raw/pdfs/12_ระยอง.pdf,1,34,25.84252,514.74649,1088.8346429729727,528.04649
pdf_66:p2:r2,rec_cd453dd02c29dffcc9c093aca71244e9f95c81c65215234cf3cd150ac1269f1b,937,pdf_66,012255400d37e8c732ded7ebc3c018108c8f4aa391112b3f6d6515d21e797ab6,data/raw/pdfs/66_ภูเก็ต.pdf,2,2,25.84252,52.64256,1088.8346404878048,65.94255999999996
pdf_40:p1:r2,rec_887c7a3a14f31194738618f4c0973f96e1d06307f2bbe032f849127c3a2b5812,938,pdf_40,89bea4e9a200e8f073d048a2ed2a881a1e01108b8c12f1e050317b845aac6b1d,data/raw/pdfs/40_ลำปาง.pdf,1,2,25.84252,89.14648999999997,1088.8346429729727,102.44649000000004
pdf_40:p1:r1,rec_b9412b0a19a920b0b3fd84ddb4cb815d57c64633990dac576ebb63db2b088cca,939,pdf_40,89bea4e9a200e8f073d048a2ed2a881a1e01108b8c12f1e050317b845aac6b1d,data/raw/pdfs/40_ลำปาง.pdf,1,1,25.84252,75.84649000000002,1088.8346429729727,89.14648999999997
pdf_48:p1:r7,rec_2d4208d01dc0451ae3d1ae19f152c5d150a11589c6042314adb1b854c7870eda,940,pdf_48,4ace8fb0ec02d2b1aa95432a9b9e883581d60aba88879e64923cce23b14c3f06,data/raw/pdfs/48_อุทัยธานี.pdf,1,7,25.842519999999997,155.64649999999997,1088.8346376190475,168.94650000000001
pdf_05:p1:r17,rec_8a87acb5256260004bea8d4623bce17906d312ccbbfe6b5ac1caba86ab8898bd,941,pdf_05,ae1ba5ac5ef768c29045f4282a9047c71474a8d654003bfa51574874b3f415fc,data/raw/pdfs/05_พระนครศรีอยุธยา.pdf,1,17,25.84252,288.64649,1088.8346429729727,301.94649
pdf_02:p3:r17,rec_37614add597577626b9414475fc4b7f8b41d36e05685b2863ffa9b7d177c214e,942,pdf_02,368a15805d33fb210ed50297795f7f50bf822054e05b59bf71bfa25bee0f3a3c,data/raw/pdfs/02_สมุทรปราการ.pdf,3,17,25.84252,252.14260000000004,1088.8346343999997,265.44259999999997
pdf_03:p3:r18,rec_01581a0806addecb66348b67012b2a9c563f3b87ca96de4356169b8644366cc1,943,pdf_03,7dd9e7f51732791c63183067d85d18d20f856edf0c2dff89dbda84d866df2d62,data/raw/pdfs/03_นนทบุรี.pdf,3,18,25.84252,265.44255999999996,1088.8346404878048,278.74255999999997
pdf_28:p1:r28,rec_ad5839035cc5f6cd325fadcf4cfaba2eacf6a1de65d052698b571be14be1767c,944,pdf_28,38e1a8d128ab928dd0bef117c9dbaa8191aea027adc2dae9137f68937f31d040,data/raw/pdfs/28_ขอนแก่น.pdf,1,28,25.84252,434.94649,1088.8346429729727,448.24649
pdf_35:p1:r11,rec_8604ae84295bd00daef53a11972c7a79b49e29c8308d6c155137a74e7d205246,945,pdf_35,34e8cb69b8d0f03a2caba0ffc0eb6d4b5233159b13350c073968de56ab12b69f,data/raw/pdfs/35_สกลนคร.pdf,1,11,25.84252,208.84649,1088.8346429729727,222.14649
pdf_40:p1:r19,rec_1ba0d275ddf07f7a31867d41d51c756c7e1f3574bc4f838bb8352e0fb8f5c7ca,946,pdf_40,89bea4e9a200e8f073d048a2ed2a881a1e01108b8c12f1e050317b845aac6b1d,data/raw/pdfs/40_ลำปาง.pdf,1,19,25.84252,315.24649,1088.8346429729727,328.54649
pdf_19:p1:r6,rec_0ec4e6fb9ca3538307aa5dd96c6ff125e81a425923a65882805c3feac2c4cbe3,947,pdf_19,2fbc685c790d957bd597a9ae4cbc69a07dacbb20cab611015cf1ce2eecd5982c,data/raw/pdfs/19_นครราชสีมา.pdf,1,6,25.84252,150.84649000000002,1088.8346429729727,164.14648999999997
pdf_19:p3:r22,rec_d67c3db7e806d2becfb0306dfdffb658ba1ababf256b3743e78682ca47aa4fae,948,pdf_19,2fbc685c790d957bd597a9ae4cbc69a07dacbb20cab611015cf1ce2eecd5982c,data/raw/pdfs/19_นครราชสีมา.pdf,3,22,25.84252,318.64256,1088.8346404878048,331.94255999999996
pdf_22:p1:r14,rec_46cf22a7065b1c6bdac964f216b336f297f46f1365a7a28ccd6d46fbd80578aa,949,pdf_22,2695490faf896b9d7501aa7f09b83fc02b29dc6d768bbbf3a99d9138839b7d3e,data/raw/pdfs/22_ศรีสะเกษ.pdf,1,14,25.84252,257.24649999999997,1088.8346395999997,270.5465
pdf_40:p1:r6,rec_18ddc0bf28ce035f48197857c661908fc7ca891084ada1657934c0b99cfae65b,950,pdf_40,89bea4e9a200e8f073d048a2ed2a881a1e01108b8c12f1e050317b845aac6b1d,data/raw/pdfs/40_ลำปาง.pdf,1,6,25.84252,142.34649000000002,1088.8346429729727,155.64648999999997
pdf_67:p2:r12,rec_f2a5e105a60ab16839ca82ed7ff16c16d77c23fe99f191f9fea2ac13d3961d26,951,pdf_67,b66fc9f9229750b7a04c0e5c07c072d77eb0800ed604da819fb28b6c4a75a636,data/raw/pdfs/67_สุราษฎร์ธานี.pdf,2,12,25.84252,185.64255999999995,1088.8346404878048,198.94255999999996
pdf_19:p2:r13,rec_c9441c5eb4ecef32c0fcca4951685aa5e4dca29b5e24d2a91b40a06a27944d09,952,pdf_19,2fbc685c790d957bd597a9ae4cbc69a07dacbb20cab611015cf1ce2eecd5982c,data/raw/pdfs/19_นครราชสีมา.pdf,2,13,25.84252,198.94255999999996,1088.8346404878048,212.24255999999997
pdf_19:p4:r8,rec_d18b7640ca6f4b3e83fe151b276f7e5a443d1a55b8adc40fe7aa6e6ef8dfe873,953,pdf_19,2fbc685c790d957bd597a9ae4cbc69a07dacbb20cab611015cf1ce2eecd5982c,data/raw/pdfs/19_นครราชสีมา.pdf,4,8,25.84252,132.44255999999996,1088.8346404878048,145.74255999999997
pdf_11:p2:r31,rec_6aed10025c589459fac1e46f6d2c791fef0728a62d79cd5c40b25a4d6255aa44,954,pdf_11,3638acfefe295becff8609b6ee16edeea0914e518d215754813661f1c0a3f79b,data/raw/pdfs/11_ชลบุรี.pdf,2,31,25.84252,438.34255999999993,1088.8346404878048,451.64256000000006
pdf_19:p2:r33,rec_696ca615f045c39cb27350def12858dd99475faa70f8e5bf194e3a17a308dbb6,955,pdf_19,2fbc685c790d957bd597a9ae4cbc69a07dacbb20cab611015cf1ce2eecd5982c,data/raw/pdfs/19_นครราชสีมา.pdf,2,33,25.84252,464.94255999999996,1088.8346404878048,478.24256
pdf_57:p3:r32,rec_c00814d2eeb422ebb45aec83cb91170f72f603760cff2c9d08cc61033adfe1e7,956,pdf_57,9b6f57faac860a1339f68519b1b756d3ef34cc2ccd4962f5e15b78600e7c9112,data/raw/pdfs/57_สุพรรณบุรี.pdf,3,32,25.84252,451.64256000000006,1088.8346404878048,464.94255999999996
pdf_57:p3:r33,rec_c00814d2eeb422ebb45aec83cb91170f72f603760cff2c9d08cc61033adfe1e7,957,pdf_57,9b6f57faac860a1339f68519b1b756d3ef34cc2ccd4962f5e15b78600e7c9112,data/raw/pdfs/57_สุพรรณบุรี.pdf,3,33,25.84252,464.94255999999996,1088.8346404878048,478.24256
pdf_23:p1:r24,rec_9d7abe32d8b2760f8173862f6c38b6e7280d8f7b3905793bf5f2107151182bde,958,pdf_23,771338278a591f8b5dfd252a64922234ef0d7071b6e6cd32beb2341668023e47,data/raw/pdfs/23_อุบลราชธานี.pdf,1,24,25.84252,390.24649,1088.8346429729727,403.54649
pdf_07:p2:r37,rec_f766fbbc1a9180dced35811cb9b5b0d25283b93115285b71e0925284c4a5d9e1,959,pdf_07,f00681093e03a60a87dbc3834edae199fd055d6366406e456741ffd059ff3b05,data/raw/pdfs/07_ลพบุรี.pdf,2,37,25.84252,518.14256,1088.8346404878048,531.44256
pdf_67:p5:r22,rec_9f36ef5c7da0debd71c69fe81a5204fe15c1ce623d82d8caf60e0a564d36e35e,960,pdf_67,b66fc9f9229750b7a04c0e5c07c072d77eb0800ed604da819fb28b6c4a75a636,data/raw/pdfs/67_สุราษฎร์ธานี.pdf,5,22,25.84252,318.64256,1088.8346404878048,331.94255999999996
pdf_23:p1:r25,rec_848647986f1ff4eb200dbd164567a1061e97208e0982c3c72144fd9b6f59fbce,961,pdf_23,771338278a591f8b5dfd252a64922234ef0d7071b6e6cd32beb2341668023e47,data/raw/pdfs/23_อุบลราชธานี.pdf,1,25,25.84252,403.54649,1088.8346429729727,416.84649
pdf_67:p1:r4,rec_9fd29305d16170b4092c77d1ecfa58571a0e3a14473e21afb306a919b7681d7c,962,pdf_67,b66fc9f9229750b7a04c0e5c07c072d77eb0800ed604da819fb28b6c4a75a636,data/raw/pdfs/67_สุราษฎร์ธานี.pdf,1,4,25.84252,115.74649,1088.8346429729727,129.04648999999995
pdf_64:p3:r14,rec_3ffeb383b1ef2be1ce654a290f3f4f8f0794b83b6ce821d8d99dc7d87372cf01,963,pdf_64,a4e4abc03757d1e14ce1bfb2e426567faeea8fce3152123821e712496872240e,data/raw/pdfs/64_กระบี่.pdf,3,14,25.84252,212.24255999999997,1088.8346404878048,225.54255999999995
pdf_46:p1:r15,rec_b4a6d48f63c47895165f6fc4ccf7d70b69d5c91aed9faafda1bda6a32ec3426d,964,pdf_46,06c4f6b2edd8aec0be7828038556b5b7aec2393f710ca692324db2369d00d382,data/raw/pdfs/46_แม่ฮ่องสอน.pdf,1,15,25.84252,262.0465,1088.834638181818,275.3465
pdf_68:p2:r26,rec_457e843af448ef1948afeeb2b0f72940ea678670613d8858a574f1ebbd3c992c,965,pdf_68,3a242476c7c0c82cd6f78455b9ca30a8d8e875f3ae38090ae0fd5fb12805c593,data/raw/pdfs/68_ระนอง.pdf,2,26,25.84252,371.84256,1088.8346404878048,385.14256
pdf_07:p2:r13,rec_f2ca06dff8863c68090eef5c116ec7fc64fbd76b3205d088bda09c1b7b86c2dc,966,pdf_07,f00681093e03a60a87dbc3834edae199fd055d6366406e456741ffd059ff3b05,data/raw/pdfs/07_ลพบุรี.pdf,2,13,25.84252,198.94255999999996,1088.8346404878048,212.24255999999997
pdf_04:p5:r24,rec_240ccb3a93c25f5bbd1b2b338da63d75bbc541275046eb670abb86e75733a45c,967,pdf_04,83861a2a02db33dda27703227bb90cd50ba1b9144123e42912f926c1d1043c39,data/raw/pdfs/04_ปทุมธานี.pdf,5,24,25.84252,345.2426,1088.8346388571426,358.5426
pdf_36:p1:r1,rec_8ee64aa42d1109d716b4b704eb3d065cc0d513d061148f75d882a39a956f7da4,968,pdf_36,e5624d419ac85611ac4b3fe0a27d6bfa73a7b474d5b0ee2a6b1a7b64f4783d70,data/raw/pdfs/36_นครพนม.pdf,1,1,25.84252,75.84649000000002,1088.8346429729727,89.14648999999997
pdf_04:p4:r34,rec_53a7dc6752b72fe3abb39ea93686e940541334b7ecfb3622405387a62bf79ba9,969,pdf_04,83861a2a02db33dda27703227bb90cd50ba1b9144123e42912f926c1d1043c39,data/raw/pdfs/04_ปทุมธานี.pdf,4,34,25.84252,478.24256,1088.8346404878048,491.54256
pdf_40:p1:r35,rec_eaed856754f2ad38deec4d70d9b0667d14a9627d5a42f10c32614bab5091dd8d,970,pdf_40,89bea4e9a200e8f073d048a2ed2a881a1e01108b8c12f1e050317b845aac6b1d,data/raw/pdfs/40_ลำปาง.pdf,1,35,25.84252,528.04649,1088.8346429729727,541.3464899999999
pdf_23:p2:r32,rec_3d4acf2ad81a8ec2051bc683950f4c7742f37ab04772e9a5e486fa2e8eb56f6b,971,pdf_23,771338278a591f8b5dfd252a64922234ef0d7071b6e6cd32beb2341668023e47,data/raw/pdfs/23_อุบลราชธานี.pdf,2,32,25.84252,451.64256000000006,1088.8346404878048,464.94255999999996
pdf_67:p1:r33,rec_deb83e699ee0fc9dac63a155e76de265594db950e0394a4b310673ebe77551d3,972,pdf_67,b66fc9f9229750b7a04c0e5c07c072d77eb0800ed604da819fb28b6c4a75a636,data/raw/pdfs/67_สุราษฎร์ธานี.pdf,1,33,25.84252,501.44649,1088.8346429729727,514.74649
pdf_10:p3:r5,rec_4f58de5c21e67b56574c07471618c6c6d97616c130621cd7c1b0ee61afbb4b24,973,pdf_10,5e0a433bc2cc307479a32d344bf5b0b4f006af0a3d0ccc1493fb587c885896c1,data/raw/pdfs/10_สระบุรี.pdf,3,5,25.842519999999997,92.5426,1088.8346314285711,105.84259999999998
pdf_54:p2:r35,rec_c5d955ddc66a224a891f5246ea3eb32325b6549392af2a4659ece646e203edae,974,pdf_54,884b1d2d94fff12fa64928c8a22df877265f50fbc00dfcb61f5a4636dd1c14c8,data/raw/pdfs/54_เพชรบูรณ์.pdf,2,35,25.84252,491.54256,1088.8346404878048,504.84255999999993
pdf_60:p1:r10,rec_4bb5ce0bd670bba29d49b506bca450a346919bba1da9e31ef77483ee0f539c97,975,pdf_60,83005eabe1d9070b5592477278ea610755bdcb54fea6e719fee81b3b098eaa28,data/raw/pdfs/60_สมุทรสงคราม.pdf,1,10,25.842520000000004,195.5465,1088.8346403703702,208.84650000000002
pdf_67:p1:r9,rec_a4cc293aa1594a68c66b588d9f892d40cf2cce13ce8fd4901f99542d34f6680f,976,pdf_67,b66fc9f9229750b7a04c0e5c07c072d77eb0800ed604da819fb28b6c4a75a636,data/raw/pdfs/67_สุราษฎร์ธานี.pdf,1,9,25.84252,182.24649,1088.8346429729727,195.54648999999995
pdf_31:p1:r31,rec_4564e0c3ea99203161fe2ef1d5799b686ccf7cb64aff8fdb5e7ae0855004cb63,977,pdf_31,f1a10c3940792a9b882ab08acb2b2394c5009faa4f9334ce940cf44438cf5d54,data/raw/pdfs/31_หนองคาย.pdf,1,31,25.84252,474.84649,1088.834642352941,488.14649
pdf_57:p3:r9,rec_915e9092fa8d2cd92219aeba2e1368e31fb6f2293cb8bf52f5c45185b3f37d9d,978,pdf_57,9b6f57faac860a1339f68519b1b756d3ef34cc2ccd4962f5e15b78600e7c9112,data/raw/pdfs/57_สุพรรณบุรี.pdf,3,9,25.84252,145.74255999999997,1088.8346404878048,159.04255999999998
pdf_36:p1:r23,rec_764ee8980d37756b283894db0d15284e4b25e65f405f558869eb45ca7d33eb5f,979,pdf_36,e5624d419ac85611ac4b3fe0a27d6bfa73a7b474d5b0ee2a6b1a7b64f4783d70,data/raw/pdfs/36_นครพนม.pdf,1,23,25.84252,368.44649,1088.8346429729727,381.74649
pdf_72:p1:r1,rec_113e5a2347e4ae1cfd7af96af13599cb5d1fc709f8a9b85af356a1c78b36bd94,980,pdf_72,04f947c56ddf01a73b376cdbb3099e393f9141fff3fec2504b9e031114606073,data/raw/pdfs/72_ตรัง.pdf,1,1,25.84252,75.84649000000002,1088.8346429729727,89.14648999999997
pdf_67:p1:r35,rec_d4f4624da94c2895b39e076c4a253fb6653a28fad637ac8ac3a3c21f52000618,981,pdf_67,b66fc9f9229750b7a04c0e5c07c072d77eb0800ed604da819fb28b6c4a75a636,data/raw/pdfs/67_สุราษฎร์ธานี.pdf,1,35,25.84252,528.04649,1088.8346429729727,541.3464899999999
pdf_04:p2:r29,rec_0e6ad44ebed7b5c08598bd5396c7b138cf704a68988362775d8056d9fb3b70cf,982,pdf_04,83861a2a02db33dda27703227bb90cd50ba1b9144123e42912f926c1d1043c39,data/raw/pdfs/04_ปทุมธานี.pdf,2,29,25.84252,411.74256,1088.8346404878048,425.04256
pdf_74:p2:r32,rec_0e34fb3b53a26531fe6813fd06213d126c0ec75444ed1dd8277ab1bfe64df47a,983,pdf_74,a740362f586a24f46fcc09fc1a1bc6391556e4c9bc432141903734f7833f39db,data/raw/pdfs/74_ปัตตานี.pdf,2,32,25.84252,451.64256000000006,1088.8346404878048,464.94255999999996
pdf_54:p3:r3,rec_84296c0e14397e2e35dd6728966d03effaf8e1ae6a8f5412f744d8f331dd9462,984,pdf_54,884b1d2d94fff12fa64928c8a22df877265f50fbc00dfcb61f5a4636dd1c14c8,data/raw/pdfs/54_เพชรบูรณ์.pdf,3,3,25.84252,65.94259999999997,1088.8346066666663,79.24260000000004
pdf_25:p1:r18,rec_35a3852043e6030f5f73bc7910e0ba6739fd94add87016e56d584fbb5cc90716,985,pdf_25,0155bd151db06d789a16df2bc6422d9237698f7f38d57991cc1ab60bcb86601c,data/raw/pdfs/25_ชัยภูมิ.pdf,1,18,25.84252,301.94649,1088.8346429729727,315.24649
pdf_03:p3:r19,rec_3b43c717786d5c8a0666451341fb130f1e7d1fd3e43cfc097a6c562aac43b761,986,pdf_03,7dd9e7f51732791c63183067d85d18d20f856edf0c2dff89dbda84d866df2d62,data/raw/pdfs/03_นนทบุรี.pdf,3,19,25.84252,278.74255999999997,1088.8346404878048,292.04256
pdf_76:p1:r4,rec_33faf96df97b0f8d21f08f1b8c899b93daaa1f8c8c1224316def11232bd007a9,987,pdf_76,474bb90a38c020bbc86d90180af2b062867ed6a1db6999d709acff810fd5d84d,data/raw/pdfs/76_นราธิวาส.pdf,1,4,25.84252,115.74649,1088.8346429729727,129.04648999999995
pdf_59:p2:r25,rec_118dd00e2edd9440d0bb42acea2b3a8d7b457c38dc7a91302248b290acdf1ef6,988,pdf_59,0c5827ab1fffa2ec0689a95405ee8640473ea428f18b199f44d2f71d4f366ad8,data/raw/pdfs/59_สมุทรสาคร.pdf,2,25,25.84252,358.54256,1088.8346404878048,371.84256
pdf_15:p1:r23,rec_68a0c66bfe8288ef8bb5ccf7e76299bd0e363dd2c47dd9e6335d2ef5d230b532,989,pdf_15,bf99cdf12418fcdc90b3c1c739fd4e7e09ca40818852ca43bcd1c3284b3cf084,data/raw/pdfs/15_ฉะเชิงเทรา.pdf,1,23,25.84252,368.44649,1088.8346429729727,381.74649
pdf_77:p1:r7,rec_70850757e91e0c2da17c56f5581d833d16008944c0ca7ace3a98cf1be9c1c45b,990,pdf_77,c6a9a5450194adece004b460d492fc69a9aaf576ac9b79fe291a676e7bd6b4b3,data/raw/pdfs/77_บึงกาฬ.pdf,1,7,25.84252,155.6465,1088.8346299999998,168.94650000000001
pdf_23:p3:r19,rec_4dd7b647423cf85a717f2647c24ff30f0eb0dcf041e93c007b1339a6d2226695,991,pdf_23,771338278a591f8b5dfd252a64922234ef0d7071b6e6cd32beb2341668023e47,data/raw/pdfs/23_อุบลราชธานี.pdf,3,19,25.84252,278.7426,1088.8346388571426,292.0426
pdf_10:p3:r2,rec_63dcdc9709da11dc3f0a1c67c5d7764ad4dc72307d2e5fda9c504aebbc6a2384,992,pdf_10,5e0a433bc2cc307479a32d344bf5b0b4f006af0a3d0ccc1493fb587c885896c1,data/raw/pdfs/10_สระบุรี.pdf,3,2,25.842519999999997,52.642600000000016,1088.8346314285711,65.94259999999997
pdf_19:p4:r31,rec_8dc86df32e0d5a0a934861071685730913dcb4f5e2f5c45e06835744caa2b3d4,993,pdf_19,2fbc685c790d957bd597a9ae4cbc69a07dacbb20cab611015cf1ce2eecd5982c,data/raw/pdfs/19_นครราชสีมา.pdf,4,31,25.84252,438.34255999999993,1088.8346404878048,451.64256000000006
pdf_73:p1:r30,rec_95efbed7e33705634c0660a44e97cfe12fc61b2fc6a388635b6919d7b855ef2a,994,pdf_73,8a9a8b1fb9d81eb7f2d76afa1f886621ea38587fc4c60902bc317398649ff90e,data/raw/pdfs/73_พัทลุง.pdf,1,30,25.84252,470.04649,1088.8346429729727,483.34649
pdf_25:p1:r29,rec_97718b054dea33a8f460b7c34e8176a45e0a56cf31ff506eca129a92cc83506b,995,pdf_25,0155bd151db06d789a16df2bc6422d9237698f7f38d57991cc1ab60bcb86601c,data/raw/pdfs/25_ชัยภูมิ.pdf,1,29,25.84252,448.24649,1088.8346429729727,461.54649
pdf_39:p1:r4,rec_562c68fc30001888be97bd3e8958d7602be5896bb6d5b41180d7ab2b54229791,996,pdf_39,f8439630693dcb0a91ca91bc39687ac32878a128fb24ec09b75d075fce0bca64,data/raw/pdfs/39_ลำพูน.pdf,1,4,25.84252,115.74649999999997,1088.8346369999997,129.04649999999998
pdf_05:p3:r20,rec_a6da4c088d63ad8e2d136e40330e9d1d9d69526c528647368d462170c708abc4,997,pdf_05,ae1ba5ac5ef768c29045f4282a9047c71474a8d654003bfa51574874b3f415fc,data/raw/pdfs/05_พระนครศรีอยุธยา.pdf,3,20,25.84252,292.0426,1088.8346388571426,305.3426
pdf_43:p1:r6,rec_29ab22aa491a69db368f3709bb212de9cd7324b1b03516afb92b92bd504c5594,998,pdf_43,edb270fe62c998ddd1ab10ecfe3b80a9ebcafcd12ad7a426b34c631deae32c4f,data/raw/pdfs/43_น่าน.pdf,1,6,25.842519999999997,150.8465,1088.834628333333,164.1465
pdf_53:p2:r20,rec_568570a2d55f9199dfb56de826d54507d441ae7846204294673243d104da02a6,999,pdf_53,41aaaf3a91961ab9b2dee694f50d9a086d1ad80beffe1b54e81370016a11cb14,data/raw/pdfs/53_พิจิตร.pdf,2,20,25.84252,292.0426,1088.834638181818,305.34259999999995
pdf_57:p3:r10,rec_2ffc4f45677c8408dbc241826cf350438eae65e5473e1e4a653841d104b49dfa,1000,pdf_57,9b6f57faac860a1339f68519b1b756d3ef34cc2ccd4962f5e15b78600e7c9112,data/raw/pdfs/57_สุพรรณบุรี.pdf,3,10,25.84252,159.04255999999998,1088.8346404878048,172.34256
pdf_27:p1:r9,rec_4e31a2b2cc152dbc1c961ee9eecd96eb534f112c7c1179b2328f13a75ee3d1da,1001,pdf_27,bf545cbe9d19aa5a22880cf18f4484776d7d3e1348605d1451dfe7147ed85334,data/raw/pdfs/27_หนองบัวลำภู.pdf,1,9,25.84252,182.24649,1088.8346429729727,195.54648999999995
pdf_63:p1:r21,rec_c44e6baf261c3eb461546c5b90f7c89c9c30c742d75aef5d97e585c265e971c2,1002,pdf_63,b04433cfbe561d1199180db3f5210359427f668e1f7b072f31972e2749ce63ae,data/raw/pdfs/63_นครศรีธรรมราช.pdf,1,21,25.84252,341.84649,1088.8346429729727,355.14649
pdf_45:p1:r7,rec_22142641ef4bd626514cc118ba9d6784319a4b376c1112da548d007ca9dc72c1,1003,pdf_45,29b1222a0b0979d29984a9dd61c0130edaa8b2dbaf6e6c7cd7a1c4c198e06186,data/raw/pdfs/45_เชียงราย.pdf,1,7,25.84252,155.6465,1088.8346314285714,168.94650000000001
pdf_16:p1:r29,rec_4cd2e842f23e565a653b3dcc488ad4e55fe654e3bdf99f4329b641373d7bfbe8,1004,pdf_16,7b893a3f02630b40240d0242410f662e3fe91d8d5ea2449991bba89e89a89ea4,data/raw/pdfs/16_ปราจีนบุรี.pdf,1,29,25.84252,448.24649,1088.8346429729727,461.54649
pdf_56:p2:r13,rec_634336936b153a596c51e7cd5e00b278c1a1b77af5f536ce6f250abca95e4904,1005,pdf_56,f0ce416ab9d3f527c2052960422068d0564c2b8833f2a75d05cab7aa8280b0d5,data/raw/pdfs/56_กาญจนบุรี.pdf,2,13,25.84252,198.94256,1088.8346394594591,212.24255999999997
pdf_17:p1:r11,rec_b1d91f7ff3b1e1de68974d130221292b68c218629dcceb282e9cfb93d62a6a4f,1006,pdf_17,69ee6e20b50a8b481e887173d13a132193b234c6f6442cad70c9aa3f04917b71,data/raw/pdfs/17_นครนายก.pdf,1,11,25.84252,208.84650000000002,1088.8346355555555,222.1465
pdf_68:p3:r11,rec_358828b6a190c2e9db5407e9978d4459ad52693601fcc5f748b1e4f007e26b8c,1007,pdf_68,3a242476c7c0c82cd6f78455b9ca30a8d8e875f3ae38090ae0fd5fb12805c593,data/raw/pdfs/68_ระนอง.pdf,3,11,25.842519999999997,172.34260000000003,1088.8346337499997,185.64260000000002
pdf_27:p1:r10,rec_bee4eeced3695e953e30fc4066258ff4577301a1e32dc4d8dce288fcf6a31a76,1008,pdf_27,bf545cbe9d19aa5a22880cf18f4484776d7d3e1348605d1451dfe7147ed85334,data/raw/pdfs/27_หนองบัวลำภู.pdf,1,10,25.84252,195.54648999999995,1088.8346429729727,208.84649
pdf_22:p1:r3,rec_72b850145499805b4ed6c483026317dbf86b1fa9cbfbcf5a208cb1823d93eb83,1009,pdf_22,2695490faf896b9d7501aa7f09b83fc02b29dc6d768bbbf3a99d9138839b7d3e,data/raw/pdfs/22_ศรีสะเกษ.pdf,1,3,25.84252,110.94650000000001,1088.8346395999997,124.24649999999997
pdf_53:p2:r7,rec_f5f7c6618bb8269393e41c64ed34f0fb2b25401c2b002281a8dd6cbb6929e760,1010,pdf_53,41aaaf3a91961ab9b2dee694f50d9a086d1ad80beffe1b54e81370016a11cb14,data/raw/pdfs/53_พิจิตร.pdf,2,7,25.84252,119.14260000000002,1088.834638181818,132.44259999999997
pdf_64:p2:r25,rec_ae513d8108ba2bdb0b58f3ee10186c3170d8db8287c7c98011415bd12157300e,1011,pdf_64,a4e4abc03757d1e14ce1bfb2e426567faeea8fce3152123821e712496872240e,data/raw/pdfs/64_กระบี่.pdf,2,25,25.84252,358.54256,1088.8346404878048,371.84256
pdf_40:p1:r32,rec_9b1036b9be56ee0e3246b69fcb15d85dfd1ec727722278dc3ce2d042dd42d5f2,1012,pdf_40,89bea4e9a200e8f073d048a2ed2a881a1e01108b8c12f1e050317b845aac6b1d,data/raw/pdfs/40_ลำปาง.pdf,1,32,25.84252,488.14649,1088.8346429729727,501.44649
pdf_24:p1:r2,rec_e6fb541b4c3f44972f798cd17b913a11912b6e17c71803a6a0434e526e2bd35b,1013,pdf_24,11414a0eb9f2dd0d2b908d5f1a25e50bf241a96ac3fdabf71ba570e190f65dc5,data/raw/pdfs/24_ยโสธร.pdf,1,2,25.842519999999997,89.1465,1088.834628333333,102.44650000000001
pdf_19:p1:r10,rec_b173057cd274c949bb898f04dfa36c922c9ca8ee3253d043ccc78b92262c3d6d,1014,pdf_19,2fbc685c790d957bd597a9ae4cbc69a07dacbb20cab611015cf1ce2eecd5982c,data/raw/pdfs/19_นครราชสีมา.pdf,1,10,25.84252,204.04648999999995,1088.8346429729727,217.34649
pdf_03:p1:r14,rec_ae889ffde7a2c6f029b5928e5c268360e812610f2da50e187ad1ca290a724ff3,1015,pdf_03,7dd9e7f51732791c63183067d85d18d20f856edf0c2dff89dbda84d866df2d62,data/raw/pdfs/03_นนทบุรี.pdf,1,14,25.84252,248.74649,1088.8346429729727,262.04648999999995
pdf_02:p1:r25,rec_e56fb10e01b9edcd08eeed8b1577fd1cce4c28998f89c2ecaefd2c5a594a46a7,1016,pdf_02,368a15805d33fb210ed50297795f7f50bf822054e05b59bf71bfa25bee0f3a3c,data/raw/pdfs/02_สมุทรปราการ.pdf,1,25,25.84252,395.04649,1088.8346429729727,408.34649
pdf_67:p4:r32,rec_b4a2ef8deb70538d6de1335c6a71894a0017564c0c4253cc7799d434daad316a,1017,pdf_67,b66fc9f9229750b7a04c0e5c07c072d77eb0800ed604da819fb28b6c4a75a636,data/raw/pdfs/67_สุราษฎร์ธานี.pdf,4,32,25.84252,451.64256000000006,1088.8346404878048,464.94255999999996
pdf_74:p3:r3,rec_82eddad4f5b5c6b2946c4adcc183a6184195122df6043555ba08f7898c610831,1018,pdf_74,a740362f586a24f46fcc09fc1a1bc6391556e4c9bc432141903734f7833f39db,data/raw/pdfs/74_ปัตตานี.pdf,3,3,25.84252,65.94260000000001,1088.834628333333,79.24260000000004
pdf_15:p3:r2,rec_22d498a2bf6123f594ad4cfe1e4f957b60cdb6ee3087b45223987b837201af1d,1019,pdf_15,bf99cdf12418fcdc90b3c1c739fd4e7e09ca40818852ca43bcd1c3284b3cf084,data/raw/pdfs/15_ฉะเชิงเทรา.pdf,3,2,25.842519999999997,52.642600000000016,1088.8345849999998,65.94259999999997
pdf_68:p2:r27,rec_7d08076c049ab4c3ff8b8cf6be0d12383488bf3ec32d1f71a1e69476be25b9a2,1020,pdf_68,3a242476c7c0c82cd6f78455b9ca30a8d8e875f3ae38090ae0fd5fb12805c593,data/raw/pdfs/68_ระนอง.pdf,2,27,25.84252,385.14256,1088.8346404878048,398.44255999999996
pdf_51:p1:r5,rec_76099567dc4c4bc07919b21837c15fed0cdaabd8db6c7397ded6ac186f77cc78,1021,pdf_51,380327daf06efde704e25ac9a209c4688b14087a4bcd57b35db44471d39e5199,data/raw/pdfs/51_สุโขทัย.pdf,1,5,25.84252,137.54649,1088.834642352941,150.84649
pdf_52:p1:r19,rec_2bf0d175ad9df849591db910b937a1ecde6d409429602cfe222e68c080d0c2c4,1022,pdf_52,9cb0d6cf6dff8fc890e8435c67310ba7051a6c49c0a0cbb9b817f49c8ece0551,data/raw/pdfs/52_พิษณุโลก.pdf,1,19,25.84252,315.24649,1088.8346429729727,328.54649
pdf_22:p1:r19,rec_b5838f8538fb8601ee858c6698ba01fe20054c2fb93a9191b88836dc3cbe7416,1023,pdf_22,2695490faf896b9d7501aa7f09b83fc02b29dc6d768bbbf3a99d9138839b7d3e,data/raw/pdfs/22_ศรีสะเกษ.pdf,1,19,25.84252,323.74649999999997,1088.8346395999997,337.0465
pdf_67:p6:r37,rec_77d626dfc30c46f5f7d3566880a89efa4b1faedee3d790cbc02dc5b5d4ec7410,1024,pdf_67,b66fc9f9229750b7a04c0e5c07c072d77eb0800ed604da819fb28b6c4a75a636,data/raw/pdfs/67_สุราษฎร์ธานี.pdf,6,37,25.84252,518.14256,1088.8346404878048,531.44256
pdf_59:p1:r14,rec_07aef4a2d5457d37b606795e729f56859b3245ad58752be0784bdf197f7144a0,1025,pdf_59,0c5827ab1fffa2ec0689a95405ee8640473ea428f18b199f44d2f71d4f366ad8,data/raw/pdfs/59_สมุทรสาคร.pdf,1,14,25.84252,248.74649,1088.8346429729727,262.04648999999995
pdf_67:p5:r15,rec_3cdd2eb68d77957d0b1c93d60b3654d483d8d6728b48d57256e1aa60d374bcdb,1026,pdf_67,b66fc9f9229750b7a04c0e5c07c072d77eb0800ed604da819fb28b6c4a75a636,data/raw/pdfs/67_สุราษฎร์ธานี.pdf,5,15,25.84252,225.54255999999995,1088.8346404878048,238.84256
pdf_38:p1:r24,rec_959ae5b6b92e8a8f0524a2c37309752fe79ab9508fa6ae32e5ce66b316c20ca9,1027,pdf_38,462a1c486a501887e4446ef7e812041c7d158ab4442235b85572d4a89fd7f492,data/raw/pdfs/38_เชียงใหม่.pdf,1,24,25.84252,381.74649,1088.8346429729727,395.04649
pdf_22:p1:r21,rec_8c42f3bc49c4951cbc07712993f29d6d6e43e5268a9d3ed8901550e4d04e973e,1028,pdf_22,2695490faf896b9d7501aa7f09b83fc02b29dc6d768bbbf3a99d9138839b7d3e,data/raw/pdfs/22_ศรีสะเกษ.pdf,1,21,25.84252,350.3465,1088.8346395999997,363.6465
pdf_68:p1:r32,rec_41c15769bd1fc4b713a4ebea118aa2a2c07b63fa2d5594ad13c0ff354c326da1,1029,pdf_68,3a242476c7c0c82cd6f78455b9ca30a8d8e875f3ae38090ae0fd5fb12805c593,data/raw/pdfs/68_ระนอง.pdf,1,32,25.84252,488.14649,1088.8346429729727,501.44649
pdf_64:p3:r6,rec_6fe90dc38391bf275e2f17a463d70579b091c52a6efc3cdb9e47ebd542b92405,1030,pdf_64,a4e4abc03757d1e14ce1bfb2e426567faeea8fce3152123821e712496872240e,data/raw/pdfs/64_กระบี่.pdf,3,6,25.84252,105.84256,1088.8346404878048,119.14255999999996
pdf_15:p2:r38,rec_61d0f0a913cb846ef4c2c5b48c91f90992db69ee03af23cd565631055f0a2472,1031,pdf_15,bf99cdf12418fcdc90b3c1c739fd4e7e09ca40818852ca43bcd1c3284b3cf084,data/raw/pdfs/15_ฉะเชิงเทรา.pdf,2,38,25.84252,531.44256,1088.8346404878048,544.74256
pdf_05:p2:r32,rec_0549206d7d295e3aef9f8dd00331928883e18e36fc0dd8bf8139137795d5f932,1032,pdf_05,ae1ba5ac5ef768c29045f4282a9047c71474a8d654003bfa51574874b3f415fc,data/raw/pdfs/05_พระนครศรีอยุธยา.pdf,2,32,25.84252,451.64256000000006,1088.8346404878048,464.94255999999996
pdf_49:p1:r30,rec_25631ad39d219e550f02a1dad820685a7b5a586de17e47b00c4075b455fdaf31,1033,pdf_49,6ada8eb27a34993420ed8c6db69aa4ae13ff4283abdb43b9d76a05d6794f6a27,data/raw/pdfs/49_กำแพงเพชร.pdf,1,30,25.84252,461.54649,1088.8346429729727,474.84649
pdf_56:p1:r12,rec_779e609192ef31fee24fbdbf50639f16ea9ac0c0b679ad7277a9015210600783,1034,pdf_56,f0ce416ab9d3f527c2052960422068d0564c2b8833f2a75d05cab7aa8280b0d5,data/raw/pdfs/56_กาญจนบุรี.pdf,1,12,25.84252,222.14649,1088.8346429729727,235.44649000000004
pdf_50:p1:r33,rec_000835987794365642ce058eb6b3435df866108716074a269f63b3599a78478a,1035,pdf_50,8b7fe8a59c2c1fa488d7462868687d8f934217d7df929384117ef1e19dae37ab,data/raw/pdfs/50_ตาก.pdf,1,33,25.84252,501.44649,1088.8346429729727,514.74649
pdf_66:p3:r14,rec_34d6339cc20a9c8f758cbb3c1bcbc64397921e230e77773fc0fe76a04731c4ae,1036,pdf_66,012255400d37e8c732ded7ebc3c018108c8f4aa391112b3f6d6515d21e797ab6,data/raw/pdfs/66_ภูเก็ต.pdf,3,14,25.84252,212.24256,1088.8346397368418,225.54255999999995
pdf_68:p1:r18,rec_70558768ee0a0a3b8604daa5559a1f319a573a1c107277657b2409e19c5adda6,1037,pdf_68,3a242476c7c0c82cd6f78455b9ca30a8d8e875f3ae38090ae0fd5fb12805c593,data/raw/pdfs/68_ระนอง.pdf,1,18,25.84252,301.94649,1088.8346429729727,315.24649
pdf_05:p2:r23,rec_701c1b1fd662d94271e1600de6f78f10ff83061876f104a0164f980f7545b4f1,1038,pdf_05,ae1ba5ac5ef768c29045f4282a9047c71474a8d654003bfa51574874b3f415fc,data/raw/pdfs/05_พระนครศรีอยุธยา.pdf,2,23,25.84252,331.94255999999996,1088.8346404878048,345.24256
pdf_38:p1:r34,rec_f31bbe1ee1b9b961c21df5f52162ea89538336f8b1937bd7f3c74b633ac24fd9,1039,pdf_38,462a1c486a501887e4446ef7e812041c7d158ab4442235b85572d4a89fd7f492,data/raw/pdfs/38_เชียงใหม่.pdf,1,34,25.84252,514.74649,1088.8346429729727,528.04649
pdf_57:p1:r6,rec_085fe55af199756f4df3dc70967f4452b871a68a523f1b194ce6d3afba1f20bb,1040,pdf_57,9b6f57faac860a1339f68519b1b756d3ef34cc2ccd4962f5e15b78600e7c9112,data/raw/pdfs/57_สุพรรณบุรี.pdf,1,6,25.84252,142.34649000000002,1088.8346429729727,155.64648999999997
pdf_70:p1:r15,rec_ac0894a10134406b6caec9ab3bfa219be8d2519bd567b5c907117b91fd921c95,1041,pdf_70,dd0c8cec48b7f0994639864765a097630785c0e22135d674cb3057f22c0f80ab,data/raw/pdfs/70_สงขลา.pdf,1,15,25.84252,262.04648999999995,1088.8346429729727,275.34649
pdf_57:p2:r38,rec_29cae6f98e2ad01048ea2aba87f5d620ea3351bd873b15b66e1d49a4f6d0c6b0,1042,pdf_57,9b6f57faac860a1339f68519b1b756d3ef34cc2ccd4962f5e15b78600e7c9112,data/raw/pdfs/57_สุพรรณบุรี.pdf,2,38,25.84252,531.44256,1088.8346404878048,544.74256
pdf_15:p2:r25,rec_586ef3fa80b1e40b09ddc7fe9c30a40c6101edef6e45522b92e9bbc944b36a37,1043,pdf_15,bf99cdf12418fcdc90b3c1c739fd4e7e09ca40818852ca43bcd1c3284b3cf084,data/raw/pdfs/15_ฉะเชิงเทรา.pdf,2,25,25.84252,358.54256,1088.8346404878048,371.84256
pdf_73:p3:r12,rec_64c06a0c9ef65bb14688e8b4a40dd53fbb8562716aa5900d83a13a6670763ddb,1044,pdf_73,8a9a8b1fb9d81eb7f2d76afa1f886621ea38587fc4c60902bc317398649ff90e,data/raw/pdfs/73_พัทลุง.pdf,3,12,25.842519999999997,185.6426,1088.8346314285711,198.94259999999997
pdf_19:p1:r21,rec_b57f201180c0ccd06dd84a2f0b93788b49923ee591948eb1a8800e96a322f183,1045,pdf_19,2fbc685c790d957bd597a9ae4cbc69a07dacbb20cab611015cf1ce2eecd5982c,data/raw/pdfs/19_นครราชสีมา.pdf,1,21,25.84252,350.34649,1088.8346429729727,363.64649
pdf_76:p1:r33,rec_60f2a7fdf06641c3f865ee4d8754491abace34495f73829164c3192a3f48c85d,1046,pdf_76,474bb90a38c020bbc86d90180af2b062867ed6a1db6999d709acff810fd5d84d,data/raw/pdfs/76_นราธิวาส.pdf,1,33,25.84252,501.44649,1088.8346429729727,514.74649
pdf_36:p1:r33,rec_c6e49c0f5658713fe5f2aa939f94e9e0cc5ce758e53c3f98e9b9b72616236d1f,1047,pdf_36,e5624d419ac85611ac4b3fe0a27d6bfa73a7b474d5b0ee2a6b1a7b64f4783d70,data/raw/pdfs/36_นครพนม.pdf,1,33,25.84252,501.44649,1088.8346429729727,514.74649
pdf_02:p3:r16,rec_bb82fe9442cc42744a9312b8fce3ec395ce52f16c9413298838a17bfb0cf8828,1048,pdf_02,368a15805d33fb210ed50297795f7f50bf822054e05b59bf71bfa25bee0f3a3c,data/raw/pdfs/02_สมุทรปราการ.pdf,3,16,25.84252,238.8426,1088.8346343999997,252.14260000000004
pdf_64:p2:r19,rec_82946aae20b79e984abdbcb6217a7b019174991efba9ddee7073bdccf2e9b42e,1049,pdf_64,a4e4abc03757d1e14ce1bfb2e426567faeea8fce3152123821e712496872240e,data/raw/pdfs/64_กระบี่.pdf,2,19,25.84252,278.74255999999997,1088.8346404878048,292.04256
pdf_15:p1:r35,rec_1b166e7c022a541f6561192b55900a41854a999d7133d49310aefd41bc730095,1050,pdf_15,bf99cdf12418fcdc90b3c1c739fd4e7e09ca40818852ca43bcd1c3284b3cf084,data/raw/pdfs/15_ฉะเชิงเทรา.pdf,1,35,25.84252,528.04649,1088.8346429729727,541.3464899999999
pdf_63:p1:r9,rec_63e07155dc02beae4fbf67816d29a2727e3e4182577f5abebdaa6074968b3cb0,1051,pdf_63,b04433cfbe561d1199180db3f5210359427f668e1f7b072f31972e2749ce63ae,data/raw/pdfs/63_นครศรีธรรมราช.pdf,1,9,25.84252,182.24649,1088.8346429729727,195.54648999999995
pdf_08:p1:r20,rec_b5f0ab3fe4dfac4c385069f165ef3124662ebcee41a60e77ddf353e119a4d313,1052,pdf_08,1fd4933c38e10cf826fbe5ecfe74a2eb8305671e2bb949afd059fb72b251fdad,data/raw/pdfs/08_สิงห์บุรี.pdf,1,20,25.84252,328.5465,1088.8346399999998,341.8465
pdf_06:p1:r7,rec_9b21c563039416560aec747266ae6a57d767128c5570aae5128343a9e13711c0,1053,pdf_06,03acf167c8c7dcc3b7e6ccbd9afcaa05e3b5157df416e00c1b7e146d91880d3c,data/raw/pdfs/06_อ่างทอง.pdf,1,7,25.84252,155.64648999999997,1088.8346429729727,168.94649000000004
pdf_05:p3:r28,rec_639c822acf7dc0ce835aa32eb0d537485750fe653dc03fd164e66ba5d252ce4d,1054,pdf_05,ae1ba5ac5ef768c29045f4282a9047c71474a8d654003bfa51574874b3f415fc,data/raw/pdfs/05_พระนครศรีอยุธยา.pdf,3,28,25.84252,398.44259999999997,1088.8346388571426,411.7425999999999
pdf_49:p1:r7,rec_a28299e7c2e891f3ca65253363d075a13435410c4372e05d553ba34946ccf4b8,1055,pdf_49,6ada8eb27a34993420ed8c6db69aa4ae13ff4283abdb43b9d76a05d6794f6a27,data/raw/pdfs/49_กำแพงเพชร.pdf,1,7,25.84252,155.64648999999997,1088.8346429729727,168.94649000000004
pdf_22:p1:r8,rec_a84813a3620b6a22215b71cc881698b93735e790bbe58bd6f7973880a0301420,1056,pdf_22,2695490faf896b9d7501aa7f09b83fc02b29dc6d768bbbf3a99d9138839b7d3e,data/raw/pdfs/22_ศรีสะเกษ.pdf,1,8,25.84252,177.44650000000001,1088.8346395999997,190.74649999999997
pdf_16:p2:r12,rec_288dde5571818c6f6c5452c3b969380f817bfbf5fc8f37140dce559b29123269,1057,pdf_16,7b893a3f02630b40240d0242410f662e3fe91d8d5ea2449991bba89e89a89ea4,data/raw/pdfs/16_ปราจีนบุรี.pdf,2,12,25.84252,185.64260000000002,1088.8346365517239,198.94259999999997
pdf_70:p2:r24,rec_6833f2dc9e0ac448a659401e334eaed016526922a29db396a22381213d3b6213,1058,pdf_70,dd0c8cec48b7f0994639864765a097630785c0e22135d674cb3057f22c0f80ab,data/raw/pdfs/70_สงขลา.pdf,2,24,25.84252,345.2426,1088.8346391666664,358.5426
pdf_23:p2:r11,rec_8e892a9dd4b9fac9dd711abb33623391fa4a1e0c5a81ed6949aafe4529ab2d84,1059,pdf_23,771338278a591f8b5dfd252a64922234ef0d7071b6e6cd32beb2341668023e47,data/raw/pdfs/23_อุบลราชธานี.pdf,2,11,25.84252,172.34256,1088.8346404878048,185.64255999999995
pdf_72:p1:r6,rec_8f6e95890520799cd47ceea41552c7614c6b244673a987bafdf1c960a48042b5,1060,pdf_72,04f947c56ddf01a73b376cdbb3099e393f9141fff3fec2504b9e031114606073,data/raw/pdfs/72_ตรัง.pdf,1,6,25.84252,142.34649000000002,1088.8346429729727,155.64648999999997
pdf_76:p1:r34,rec_d9cf18926185ff4ee4f25525d86a013cb2c76a36859b5617cce698f03d97ffef,1061,pdf_76,474bb90a38c020bbc86d90180af2b062867ed6a1db6999d709acff810fd5d84d,data/raw/pdfs/76_นราธิวาส.pdf,1,34,25.84252,514.74649,1088.8346429729727,528.04649
pdf_67:p6:r3,rec_3268edbab8b3860aa5ab5a0f8651141eda943056779c5f4f2b0d84f60a0844ed,1062,pdf_67,b66fc9f9229750b7a04c0e5c07c072d77eb0800ed604da819fb28b6c4a75a636,data/raw/pdfs/67_สุราษฎร์ธานี.pdf,6,3,25.84252,65.94255999999996,1088.8346404878048,79.24255999999997
pdf_03:p1:r35,rec_c3c2064f58fea2ec17b29aea46a16725f5728bbce6c31d6130f8bb9f04c1aac1,1063,pdf_03,7dd9e7f51732791c63183067d85d18d20f856edf0c2dff89dbda84d866df2d62,data/raw/pdfs/03_นนทบุรี.pdf,1,35,25.84252,528.04649,1088.8346429729727,541.3464899999999
pdf_04:p2:r7,rec_bebe1f0ae5c071f212e4e37419851746c4e23c9ecfc8ff3038904599e885d334,1064,pdf_04,83861a2a02db33dda27703227bb90cd50ba1b9144123e42912f926c1d1043c39,data/raw/pdfs/04_ปทุมธานี.pdf,2,7,25.84252,119.14255999999996,1088.8346404878048,132.44255999999996
pdf_18:p1:r23,rec_523de446fb900804c0bb25e66383654ce3147e7b65d1477091627e251a29ea54,1065,pdf_18,be2f47080dc7e95c466a639def50661998348f89a3d3495b6324e03e6ac06a59,data/raw/pdfs/18_สระแก้ว.pdf,1,23,25.84252,368.44649,1088.834642121212,381.74649
pdf_64:p3:r27,rec_d1a5f2266ac4e2822d74bbc307b6a98b2f3fa9a4655e63122bf0a9a34ff9baaf,1066,pdf_64,a4e4abc03757d1e14ce1bfb2e426567faeea8fce3152123821e712496872240e,data/raw/pdfs/64_กระบี่.pdf,3,27,25.84252,385.14256,1088.8346404878048,398.44255999999996
pdf_16:p2:r15,rec_268f198933bbf7501c6bdbd0123c83aa50e72631a704bbcae052b6d707619b5f,1067,pdf_16,7b893a3f02630b40240d0242410f662e3fe91d8d5ea2449991bba89e89a89ea4,data/raw/pdfs/16_ปราจีนบุรี.pdf,2,15,25.84252,225.5426,1088.8346365517239,238.84259999999995
pdf_72:p1:r24,rec_d35e1fa37076bd429273aaa270cfa59fa4ca70be20db5d7ef77976c11768eb81,1068,pdf_72,04f947c56ddf01a73b376cdbb3099e393f9141fff3fec2504b9e031114606073,data/raw/pdfs/72_ตรัง.pdf,1,24,25.84252,381.74649,1088.8346429729727,395.04649
pdf_66:p3:r1,rec_1889e75162e84b09b77ab1b48524a5832a1cdb0cfbb25a5993b91520a88f4fc6,1069,pdf_66,012255400d37e8c732ded7ebc3c018108c8f4aa391112b3f6d6515d21e797ab6,data/raw/pdfs/66_ภูเก็ต.pdf,3,1,25.84252,39.34256000000005,1088.8346397368418,52.64256
pdf_12:p1:r1,rec_8fcb9c8971fa82869dfdc05136f0a23c26c84a6edce104a744f8ae55d5ffe317,1070,pdf_12,a807bf56c3fc6df739b3c4e072038fd3824bd793ca3bbc711cf4169e5e81ff9c,data/raw/pdfs/12_ระยอง.pdf,1,1,25.84252,75.84649000000002,1088.8346429729727,89.14648999999997
pdf_05:p2:r35,rec_3803531e2824bf38ebc5f57b40b9d643253d64d6eb579c73a6dfa592e7075f91,1071,pdf_05,ae1ba5ac5ef768c29045f4282a9047c71474a8d654003bfa51574874b3f415fc,data/raw/pdfs/05_พระนครศรีอยุธยา.pdf,2,35,25.84252,491.54256,1088.8346404878048,504.84255999999993
pdf_23:p2:r4,rec_b300ed61bb8092db104ae533ae626099c95986c6eba47cbdf716e81e900aaffa,1072,pdf_23,771338278a591f8b5dfd252a64922234ef0d7071b6e6cd32beb2341668023e47,data/raw/pdfs/23_อุบลราชธานี.pdf,2,4,25.84252,79.24255999999997,1088.8346404878048,92.54255999999998
pdf_46:p1:r10,rec_c7c99b5ed69a4f16b1081178e1968f6183c10a5ff5f3e87134a7b33adc710449,1073,pdf_46,06c4f6b2edd8aec0be7828038556b5b7aec2393f710ca692324db2369d00d382,data/raw/pdfs/46_แม่ฮ่องสอน.pdf,1,10,25.84252,195.5465,1088.834638181818,208.84650000000002
pdf_39:p1:r5,rec_dffc90ba99d2644818a14fbe270a0c08b230a1d0ac579ee12305c0d8f5c07f2e,1074,pdf_39,f8439630693dcb0a91ca91bc39687ac32878a128fb24ec09b75d075fce0bca64,data/raw/pdfs/39_ลำพูน.pdf,1,5,25.84252,129.04649999999998,1088.8346369999997,142.3465
pdf_66:p2:r3,rec_7b1c452325c1d0c645e0cd0e71d3b1214e7c038a8413de1fbf0a4fa040c234dd,1075,pdf_66,012255400d37e8c732ded7ebc3c018108c8f4aa391112b3f6d6515d21e797ab6,data/raw/pdfs/66_ภูเก็ต.pdf,2,3,25.84252,65.94255999999996,1088.8346404878048,79.24255999999997
pdf_15:p2:r34,rec_451b28b10bc3468eed4c803e08808078e90b61b8de855b915b2fcc38b702d822,1076,pdf_15,bf99cdf12418fcdc90b3c1c739fd4e7e09ca40818852ca43bcd1c3284b3cf084,data/raw/pdfs/15_ฉะเชิงเทรา.pdf,2,34,25.84252,478.24256,1088.8346404878048,491.54256
pdf_59:p1:r15,rec_2e4d6007ca48cece16255a0811adc60599c07dc70786461b269f7c4be7969052,1077,pdf_59,0c5827ab1fffa2ec0689a95405ee8640473ea428f18b199f44d2f71d4f366ad8,data/raw/pdfs/59_สมุทรสาคร.pdf,1,15,25.84252,262.04648999999995,1088.8346429729727,275.34649
pdf_10:p2:r24,rec_cdf42e24f37a21dce5cde92f4ac0b7839ccb3195ea2389b331987e69d890fab6,1078,pdf_10,5e0a433bc2cc307479a32d344bf5b0b4f006af0a3d0ccc1493fb587c885896c1,data/raw/pdfs/10_สระบุรี.pdf,2,24,25.84252,345.24256,1088.8346404878048,358.54256
pdf_44:p1:r7,rec_c9b3d93064ac51eac85096fb75763ef9fbdc41578ba53a314e2ab3846a09f6d6,1079,pdf_44,0b6a87addaacef010594603f0dfdfb6eeb947a760e12360b52409636f432ab36,data/raw/pdfs/44_พะเยา.pdf,1,7,25.84252,155.64649999999995,1088.8346369999997,168.94649999999996
pdf_37:p1:r1,rec_b5128d0efd679017a6f1fcfba9ada3ec2b53e96330b82faa2d8b989c480c7276,1080,pdf_37,c40302f0903fd3646974bbdc8cfbc62616834e33f18899046ff82dcc373b88b1,data/raw/pdfs/37_มุกดาหาร.pdf,1,1,25.84252,75.84649999999999,1088.8345849999998,89.1465
pdf_29:p2:r25,rec_b0d25429a596ab4c4005174388049ec94cb597eed9f6ff77c9a14bb53664ff24,1081,pdf_29,a1a30635ac132e2e87cc5b8c3c2c6e737453ecabe176861ce1a21609a26f3a1a,data/raw/pdfs/29_อุดรธานี.pdf,2,25,25.84252,358.5426,1088.8346365517239,371.84259999999995
pdf_57:p2:r2,rec_ad7fb191b3f77c30b1f4fba338fbdc409a9bf5639235e9ebdd28871f9ce4876c,1082,pdf_57,9b6f57faac860a1339f68519b1b756d3ef34cc2ccd4962f5e15b78600e7c9112,data/raw/pdfs/57_สุพรรณบุรี.pdf,2,2,25.84252,52.64256,1088.8346404878048,65.94255999999996
pdf_69:p3:r4,rec_ca3f777b8c2dd2b8b7eb2288d81a9c1a97bd35d02ee3109208559d0886b437d8,1083,pdf_69,769b283c00d83344280df884874571c2a99d89f78de64644b43bf9c6a108efa4,data/raw/pdfs/69_ชุมพร.pdf,3,4,25.84252,79.24260000000004,1088.834622142857,92.5426
pdf_71:p1:r19,rec_8732db99d66e150c8a2a625cc677aafca343f71b5a88783698ae529b3ece3909,1084,pdf_71,639082545e4a719e41bac9fcbfd55a943a269cfdf276e85b2e44844d06d2a73a,data/raw/pdfs/71_สตูล.pdf,1,19,25.84252,315.24649999999997,1088.8346395999997,328.5465
pdf_04:p5:r1,rec_625252aa763d6a2663d92ca469c2d607a5598e631ba26e402b6326f43ba95cd4,1085,pdf_04,83861a2a02db33dda27703227bb90cd50ba1b9144123e42912f926c1d1043c39,data/raw/pdfs/04_ปทุมธานี.pdf,5,1,25.84252,39.34259999999995,1088.8346388571426,52.642600000000016
pdf_64:p3:r35,rec_db77525f098db2c2962b7fab8f30e25302fcc00615422ce6b875ed68389d59f6,1086,pdf_64,a4e4abc03757d1e14ce1bfb2e426567faeea8fce3152123821e712496872240e,data/raw/pdfs/64_กระบี่.pdf,3,35,25.84252,491.54256,1088.8346404878048,504.84255999999993
pdf_56:p2:r9,rec_1597d5d434c7f2af767a5799a22b3bd5c58837d90f6b37dbfafc5acda2fa9dad,1087,pdf_56,f0ce416ab9d3f527c2052960422068d0564c2b8833f2a75d05cab7aa8280b0d5,data/raw/pdfs/56_กาญจนบุรี.pdf,2,9,25.84252,145.74255999999997,1088.8346394594591,159.04255999999998
pdf_10:p1:r18,rec_f2dd563da15db000c2fe547d656019d927a3cf5d89fddbc381945572da8e9f0e,1088,pdf_10,5e0a433bc2cc307479a32d344bf5b0b4f006af0a3d0ccc1493fb587c885896c1,data/raw/pdfs/10_สระบุรี.pdf,1,18,25.84252,301.94649,1088.8346429729727,315.24649
pdf_46:p1:r7,rec_91a8ceb2d05881fac63cd688b5ce22c1751256b6208219254db787d274f9d178,1089,pdf_46,06c4f6b2edd8aec0be7828038556b5b7aec2393f710ca692324db2369d00d382,data/raw/pdfs/46_แม่ฮ่องสอน.pdf,1,7,25.84252,155.6465,1088.834638181818,168.94650000000001
pdf_67:p4:r29,rec_5f6e44207e200984d33b19e474f5c4b41149a29d86c46be0b742b883b18198cc,1090,pdf_67,b66fc9f9229750b7a04c0e5c07c072d77eb0800ed604da819fb28b6c4a75a636,data/raw/pdfs/67_สุราษฎร์ธานี.pdf,4,29,25.84252,411.74256,1088.8346404878048,425.04256
pdf_62:p1:r3,rec_143de2f01c090ea507280fa1f680c6f9a118b7244cf3d142617896ea8252926d,1091,pdf_62,16170e28f4926ce3d0cb9566cb26ec752a3cb84a42d0ceb55d00107b3d3f1443,data/raw/pdfs/62_ประจวบคีรีขันธ์.pdf,1,3,25.84252,102.44650000000001,1088.834638181818,115.74649999999997
pdf_70:p1:r6,rec_5522adef7c65ae8103c0934b9643de844aa874ec8308cd490b256bd61b000439,1092,pdf_70,dd0c8cec48b7f0994639864765a097630785c0e22135d674cb3057f22c0f80ab,data/raw/pdfs/70_สงขลา.pdf,1,6,25.84252,142.34649000000002,1088.8346429729727,155.64648999999997
pdf_10:p1:r1,rec_df10bf8fdeb587ca4f6434da706422d07cf22ae3958d0c9631679e4f9315bf86,1093,pdf_10,5e0a433bc2cc307479a32d344bf5b0b4f006af0a3d0ccc1493fb587c885896c1,data/raw/pdfs/10_สระบุรี.pdf,1,1,25.84252,75.84649000000002,1088.8346429729727,89.14648999999997
pdf_02:p3:r4,rec_21d47c14f4deae2081df7a9c244bf8be42bc5c7ce9ca6c44cc93c74ee77fd33b,1094,pdf_02,368a15805d33fb210ed50297795f7f50bf822054e05b59bf71bfa25bee0f3a3c,data/raw/pdfs/02_สมุทรปราการ.pdf,3,4,25.84252,79.24260000000004,1088.8346343999997,92.5426
pdf_03:p2:r13,rec_1e495b7a6c5e22447cf587f1e535af4d217fa000811f268e9b460677e61c2130,1095,pdf_03,7dd9e7f51732791c63183067d85d18d20f856edf0c2dff89dbda84d866df2d62,data/raw/pdfs/03_นนทบุรี.pdf,2,13,25.84252,198.94255999999996,1088.8346404878048,212.24255999999997
pdf_68:p3:r12,rec_2a6b5a8e8355c2c55a7411e0c1993c39abac19fdfa6bc3b6af58ac519f208faf,1096,pdf_68,3a242476c7c0c82cd6f78455b9ca30a8d8e875f3ae38090ae0fd5fb12805c593,data/raw/pdfs/68_ระนอง.pdf,3,12,25.842519999999997,185.64260000000002,1088.8346337499997,198.94260000000003
pdf_19:p1:r16,rec_654c7136fe996bce75753638a06071e6974f3c118eb80788158a2677c5b1aa71,1097,pdf_19,2fbc685c790d957bd597a9ae4cbc69a07dacbb20cab611015cf1ce2eecd5982c,data/raw/pdfs/19_นครราชสีมา.pdf,1,16,25.84252,283.84649,1088.8346429729727,297.14649
pdf_52:p1:r21,rec_5b4e9227e653ce39eee720ad534d8fdb3250e8b84b057a0b0716c146a6a2b5b6,1098,pdf_52,9cb0d6cf6dff8fc890e8435c67310ba7051a6c49c0a0cbb9b817f49c8ece0551,data/raw/pdfs/52_พิษณุโลก.pdf,1,21,25.84252,341.84649,1088.8346429729727,355.14649
pdf_64:p3:r23,rec_50fb669f560b80ba8227f3345d4e281b10307ee67bc00957b38e031c2339937b,1099,pdf_64,a4e4abc03757d1e14ce1bfb2e426567faeea8fce3152123821e712496872240e,data/raw/pdfs/64_กระบี่.pdf,3,23,25.84252,331.94255999999996,1088.8346404878048,345.24256
pdf_04:p1:r26,rec_bee2f7508d924bd797a5728a893294138d30f955a78a3bc48c134437afbfb7e2,1100,pdf_04,83861a2a02db33dda27703227bb90cd50ba1b9144123e42912f926c1d1043c39,data/raw/pdfs/04_ปทุมธานี.pdf,1,26,25.84252,408.34649,1088.8346429729727,421.64649
pdf_19:p4:r3,rec_797cc80b14b5f9533c9b5cffc67dfbbed54ba7f7db3a2cd9f747f603685a7d22,1101,pdf_19,2fbc685c790d957bd597a9ae4cbc69a07dacbb20cab611015cf1ce2eecd5982c,data/raw/pdfs/19_นครราชสีมา.pdf,4,3,25.84252,65.94255999999996,1088.8346404878048,79.24255999999997
pdf_07:p2:r34,rec_84442b2f8e53f060adb5537810845606a13a223fd18af5ac663add1bbf9fd024,1102,pdf_07,f00681093e03a60a87dbc3834edae199fd055d6366406e456741ffd059ff3b05,data/raw/pdfs/07_ลพบุรี.pdf,2,34,25.84252,478.24256,1088.8346404878048,491.54256
pdf_04:p2:r38,rec_cadf26e1d5ba022e8737c698af1ccc77d01346c4c0edd6066433c4b615a49306,1103,pdf_04,83861a2a02db33dda27703227bb90cd50ba1b9144123e42912f926c1d1043c39,data/raw/pdfs/04_ปทุมธานี.pdf,2,38,25.84252,531.44256,1088.8346404878048,544.74256
pdf_41:p1:r10,rec_edf266ae508d2c27513cf5063a21673524163dee201a79bc900a53d20da71cc3,1104,pdf_41,30547a39de949400c4d126175dcaea5210ed959ebf29c2b6135b85e45a4643e4,data/raw/pdfs/41_อุตรดิตถ์.pdf,1,10,25.84252,195.54650000000004,1088.834636315789,208.84650000000002
pdf_04:p4:r24,rec_2a3acdbb9e8f77cf4a8340e9ac512c751b4299ccfab687bf3af7a81d36f26171,1105,pdf_04,83861a2a02db33dda27703227bb90cd50ba1b9144123e42912f926c1d1043c39,data/raw/pdfs/04_ปทุมธานี.pdf,4,24,25.84252,345.24256,1088.8346404878048,358.54256
pdf_51:p1:r26,rec_2b084b41f54ffd7e2799df373fc705985778b452ff54229cad536ac514959810,1106,pdf_51,380327daf06efde704e25ac9a209c4688b14087a4bcd57b35db44471d39e5199,data/raw/pdfs/51_สุโขทัย.pdf,1,26,25.84252,416.84649,1088.834642352941,430.14649
pdf_56:p1:r32,rec_17b2c8b6c76b86d9be5fad25d852ca6a0129fc74d610345278b14e708f013bcd,1107,pdf_56,f0ce416ab9d3f527c2052960422068d0564c2b8833f2a75d05cab7aa8280b0d5,data/raw/pdfs/56_กาญจนบุรี.pdf,1,32,25.84252,488.14649,1088.8346429729727,501.44649
pdf_40:p1:r15,rec_fe70eb01c4608092d877505df893c0a2a00c0caa46a624914b364d6113c138ab,1108,pdf_40,89bea4e9a200e8f073d048a2ed2a881a1e01108b8c12f1e050317b845aac6b1d,data/raw/pdfs/40_ลำปาง.pdf,1,15,25.84252,262.04648999999995,1088.8346429729727,275.34649
pdf_58:p2:r2,rec_0100a8cb438db8aba464515b931b35edfa28f4c85ce8a4c0abe9f5a7b33b5957,1109,pdf_58,8ff0dc3c9fe92f1cc2721c37fe35cfcc653ad17ca531672dc94686e7776d35a5,data/raw/pdfs/58_นครปฐม.pdf,2,2,25.84252,52.64256,1088.8346404878048,65.94255999999996
pdf_55:p1:r32,rec_df54183e6dc052672dc4d56f4f006b09a2cf74cb11423c124da9f59db2e7f41f,1110,pdf_55,fe2373eb0d81516b45b09f5bb593a35bc32f505875cafd93f214ca6bc310c4d4,data/raw/pdfs/55_ราชบุรี.pdf,1,32,25.84252,488.14649,1088.8346429729727,501.44649
pdf_16:p1:r35,rec_9f4e3769ae57e567e315ed2fcdb20298a45795cc8e83b08584ad571fde38cad7,1111,pdf_16,7b893a3f02630b40240d0242410f662e3fe91d8d5ea2449991bba89e89a89ea4,data/raw/pdfs/16_ปราจีนบุรี.pdf,1,35,25.84252,528.04649,1088.8346429729727,541.3464899999999
pdf_67:p7:r6,rec_4202536af7c2de439cd9b287aba5cab31bbf2ff2a3d0a782c12bed26499080d7,1112,pdf_67,b66fc9f9229750b7a04c0e5c07c072d77eb0800ed604da819fb28b6c4a75a636,data/raw/pdfs/67_สุราษฎร์ธานี.pdf,7,6,25.84252,105.84259999999999,1088.8346270588233,119.14260000000002
pdf_67:p3:r25,rec_4b189ff369b5877243208e74edc422d6320bc18eb0b592f8ccc4565ba43771ad,1113,pdf_67,b66fc9f9229750b7a04c0e5c07c072d77eb0800ed604da819fb28b6c4a75a636,data/raw/pdfs/67_สุราษฎร์ธานี.pdf,3,25,25.84252,358.54256,1088.8346404878048,371.84256
pdf_03:p3:r20,rec_c066bc84efec0c5e66310fda83540c0461b14bb74e0ef31300b4974538deaac0,1114,pdf_03,7dd9e7f51732791c63183067d85d18d20f856edf0c2dff89dbda84d866df2d62,data/raw/pdfs/03_นนทบุรี.pdf,3,20,25.84252,292.04256,1088.8346404878048,305.34256
pdf_22:p1:r7,rec_7ce907a2bdc7511b3da2642633c9e1bf6082d6af27910867727e0455054f1e86,1115,pdf_22,2695490faf896b9d7501aa7f09b83fc02b29dc6d768bbbf3a99d9138839b7d3e,data/raw/pdfs/22_ศรีสะเกษ.pdf,1,7,25.84252,164.1465,1088.8346395999997,177.44650000000001
pdf_74:p2:r5,rec_e63fb347870cdeba2c2c911a60cb475c6456f5e3ee0d0f7defe037663599454f,1116,pdf_74,a740362f586a24f46fcc09fc1a1bc6391556e4c9bc432141903734f7833f39db,data/raw/pdfs/74_ปัตตานี.pdf,2,5,25.84252,92.54255999999998,1088.8346404878048,105.84256
pdf_72:p1:r29,rec_2bd44fb4b38ca2998e91ca65f3cd8f69d41681f0af782178e95a552d9de70cec,1117,pdf_72,04f947c56ddf01a73b376cdbb3099e393f9141fff3fec2504b9e031114606073,data/raw/pdfs/72_ตรัง.pdf,1,29,25.84252,448.24649,1088.8346429729727,461.54649
pdf_76:p1:r35,rec_1b490f5e3345dddf28b5a7ea661f46582ce740e032400cef99f441af8ea07105,1118,pdf_76,474bb90a38c020bbc86d90180af2b062867ed6a1db6999d709acff810fd5d84d,data/raw/pdfs/76_นราธิวาส.pdf,1,35,25.84252,528.04649,1088.8346429729727,541.3464899999999
pdf_67:p4:r13,rec_e3c7caa12e2ac832273cc45598d2267d2897bb3c490951a0bacfb15eef4b13b5,1119,pdf_67,b66fc9f9229750b7a04c0e5c07c072d77eb0800ed604da819fb28b6c4a75a636,data/raw/pdfs/67_สุราษฎร์ธานี.pdf,4,13,25.84252,198.94255999999996,1088.8346404878048,212.24255999999997
pdf_70:p1:r33,rec_0e37269138f30807668ad63e92bd00b02bc20aa591b94a25e9c15b1e3837a039,1120,pdf_70,dd0c8cec48b7f0994639864765a097630785c0e22135d674cb3057f22c0f80ab,data/raw/pdfs/70_สงขลา.pdf,1,33,25.84252,501.44649,1088.8346429729727,514.74649
pdf_13:p1:r9,rec_a06151bdb86815f0af60291dac40b9ff098683dd7d3063a73a48d561e782639b,1121,pdf_13,b20ef2b0fb7767955210435e1f38c72a82bb812eb8d831b1ac9a4d227b8a8454,data/raw/pdfs/13_จันทบุรี.pdf,1,9,25.84252,182.24649999999997,1088.8346326666665,195.54649999999998
pdf_74:p3:r7,rec_73877f17e2e9305957bc77cb093f916a282b4a111d5903d07d4269777ff76b4f,1122,pdf_74,a740362f586a24f46fcc09fc1a1bc6391556e4c9bc432141903734f7833f39db,data/raw/pdfs/74_ปัตตานี.pdf,3,7,25.84252,119.14260000000002,1088.834628333333,132.44259999999997
pdf_70:p2:r9,rec_8ae2867a4ebb346586479ef46623b67bcbade331624ed4fc97433e796252d1f0,1123,pdf_70,dd0c8cec48b7f0994639864765a097630785c0e22135d674cb3057f22c0f80ab,data/raw/pdfs/70_สงขลา.pdf,2,9,25.84252,145.74259999999998,1088.8346391666664,159.0426
pdf_67:p2:r15,rec_9ec17135569080271b18c3b736333fbac5797ba696a934478c6d8722b119c39b,1124,pdf_67,b66fc9f9229750b7a04c0e5c07c072d77eb0800ed604da819fb28b6c4a75a636,data/raw/pdfs/67_สุราษฎร์ธานี.pdf,2,15,25.84252,225.54255999999995,1088.8346404878048,238.84256
pdf_76:p2:r11,rec_040cb5df593349e887f786ab028270d053e09f51a2ec018db634cb4a7e289660,1125,pdf_76,474bb90a38c020bbc86d90180af2b062867ed6a1db6999d709acff810fd5d84d,data/raw/pdfs/76_นราธิวาส.pdf,2,11,25.84252,172.3426,1088.8346369999997,185.64260000000002
pdf_04:p2:r11,rec_7c38f5dddf6010677a6eb5d47c0caa5e31def67dafa845b60ff6ba05b4c630a4,1126,pdf_04,83861a2a02db33dda27703227bb90cd50ba1b9144123e42912f926c1d1043c39,data/raw/pdfs/04_ปทุมธานี.pdf,2,11,25.84252,172.34256,1088.8346404878048,185.64255999999995
pdf_28:p1:r14,rec_eebe695efeec9175bcbeb9e0d82f18a020bd6f37b3be2d4f10a7d4ea8654438b,1127,pdf_28,38e1a8d128ab928dd0bef117c9dbaa8191aea027adc2dae9137f68937f31d040,data/raw/pdfs/28_ขอนแก่น.pdf,1,14,25.84252,248.74649,1088.8346429729727,262.04648999999995
pdf_39:p1:r18,rec_dca1b38901f459ad04fa4f554d3f1a228c6be1cece9228fe85456edb0ef1dd44,1128,pdf_39,f8439630693dcb0a91ca91bc39687ac32878a128fb24ec09b75d075fce0bca64,data/raw/pdfs/39_ลำพูน.pdf,1,18,25.84252,301.94649999999996,1088.8346369999997,315.24649999999997
pdf_28:p1:r17,rec_d29f0aabe2c214b0e2a7882496afe3619cdf700e95c9a9bc3f0f9fd93b46161b,1129,pdf_28,38e1a8d128ab928dd0bef117c9dbaa8191aea027adc2dae9137f68937f31d040,data/raw/pdfs/28_ขอนแก่น.pdf,1,17,25.84252,288.64649,1088.8346429729727,301.94649
pdf_02:p3:r12,rec_04c32c4b37757f7b70c152af032f0b2b1a9b172f152bd1b8695c8a1a115748ac,1130,pdf_02,368a15805d33fb210ed50297795f7f50bf822054e05b59bf71bfa25bee0f3a3c,data/raw/pdfs/02_สมุทรปราการ.pdf,3,12,25.84252,185.64260000000002,1088.8346343999997,198.94259999999997
pdf_16:p2:r1,rec_2067e3996323517f1c7ac524aa5ba2364ef0069643ca38d17faa4334401c2bb3,1131,pdf_16,7b893a3f02630b40240d0242410f662e3fe91d8d5ea2449991bba89e89a89ea4,data/raw/pdfs/16_ปราจีนบุรี.pdf,2,1,25.84252,39.34259999999995,1088.8346365517239,52.642600000000016
pdf_03:p2:r5,rec_8a546cc03ac0d02a626187fd27cca2728f4a388a9bed8067bd6625324629a782,1132,pdf_03,7dd9e7f51732791c63183067d85d18d20f856edf0c2dff89dbda84d866df2d62,data/raw/pdfs/03_นนทบุรี.pdf,2,5,25.84252,92.54255999999998,1088.8346404878048,105.84256
pdf_05:p1:r15,rec_03194d2d25c55b730f873ffabc4a9c8a885f7013f868a289e1d64f84e38876aa,1133,pdf_05,ae1ba5ac5ef768c29045f4282a9047c71474a8d654003bfa51574874b3f415fc,data/raw/pdfs/05_พระนครศรีอยุธยา.pdf,1,15,25.84252,262.04648999999995,1088.8346429729727,275.34649
pdf_63:p1:r32,rec_9a74e8d3b0118c280770bea37030903e7ebd2d4eac946ca635ed432fbdf391cc,1134,pdf_63,b04433cfbe561d1199180db3f5210359427f668e1f7b072f31972e2749ce63ae,data/raw/pdfs/63_นครศรีธรรมราช.pdf,1,32,25.84252,488.14649,1088.8346429729727,501.44649
pdf_18:p1:r3,rec_b418b19595906d8d82c3e376adfb4d7d13d227bb78641620a62f4a038c77a25e,1135,pdf_18,be2f47080dc7e95c466a639def50661998348f89a3d3495b6324e03e6ac06a59,data/raw/pdfs/18_สระแก้ว.pdf,1,3,25.84252,102.44649,1088.834642121212,115.74649
pdf_49:p1:r14,rec_3338acce5a4e8b470cda5fabb77370a13c504507e9af1096ed9a71164a520f6d,1136,pdf_49,6ada8eb27a34993420ed8c6db69aa4ae13ff4283abdb43b9d76a05d6794f6a27,data/raw/pdfs/49_กำแพงเพชร.pdf,1,14,25.84252,248.74649,1088.8346429729727,262.04648999999995
pdf_04:p5:r8,rec_105b750aa76abd77294a02de4d4e03c39ece0c4830ec4e5214a05eb1b11bddaf,1137,pdf_04,83861a2a02db33dda27703227bb90cd50ba1b9144123e42912f926c1d1043c39,data/raw/pdfs/04_ปทุมธานี.pdf,5,8,25.84252,132.44259999999997,1088.8346388571426,145.74259999999998
pdf_11:p2:r9,rec_1c5977c6e72409953d409fda11a71045d90723b73fef31723b81d477eed4fa97,1138,pdf_11,3638acfefe295becff8609b6ee16edeea0914e518d215754813661f1c0a3f79b,data/raw/pdfs/11_ชลบุรี.pdf,2,9,25.84252,145.74255999999997,1088.8346404878048,159.04255999999998
pdf_40:p1:r17,rec_61b90ec383358c60afe90af3138a5a956c31f8accf61e2e4e29506759ee07af1,1139,pdf_40,89bea4e9a200e8f073d048a2ed2a881a1e01108b8c12f1e050317b845aac6b1d,data/raw/pdfs/40_ลำปาง.pdf,1,17,25.84252,288.64649,1088.8346429729727,301.94649
pdf_07:p1:r2,rec_616cb1c93ae6c319b21f2e85c1be0fcff18fccb89af28f4248b5a0f35567d99e,1140,pdf_07,f00681093e03a60a87dbc3834edae199fd055d6366406e456741ffd059ff3b05,data/raw/pdfs/07_ลพบุรี.pdf,1,2,25.84252,89.14648999999997,1088.8346429729727,102.44649000000004
pdf_23:p2:r29,rec_a7c46320e2a1f6d9032947dfd6f45216205326f4a90c76c69ab03bcc1756cf72,1141,pdf_23,771338278a591f8b5dfd252a64922234ef0d7071b6e6cd32beb2341668023e47,data/raw/pdfs/23_อุบลราชธานี.pdf,2,29,25.84252,411.74256,1088.8346404878048,425.04256
pdf_04:p4:r37,rec_5a3b950574e9f7ba0e16a7b6d7a8573f44ffc0f0f70f8ef7603c22d7b15595e8,1142,pdf_04,83861a2a02db33dda27703227bb90cd50ba1b9144123e42912f926c1d1043c39,data/raw/pdfs/04_ปทุมธานี.pdf,4,37,25.84252,518.14256,1088.8346404878048,531.44256
pdf_74:p3:r4,rec_6e5ac94141c37ebaf437354f5b956e81f295333bb82916b85babb1c679a018f8,1143,pdf_74,a740362f586a24f46fcc09fc1a1bc6391556e4c9bc432141903734f7833f39db,data/raw/pdfs/74_ปัตตานี.pdf,3,4,25.84252,79.24260000000004,1088.834628333333,92.5426
pdf_53:p1:r6,rec_4820f3a6eaceef712326b307b2b2d313786f83b26840ac75269a8cacb173dc37,1144,pdf_53,41aaaf3a91961ab9b2dee694f50d9a086d1ad80beffe1b54e81370016a11cb14,data/raw/pdfs/53_พิจิตร.pdf,1,6,25.84252,150.84649000000002,1088.8346429729727,164.14648999999997
pdf_07:p1:r19,rec_e66ae5c5f301775f89172671209eeb1597a1cce6bcc86849278fa56994e5a339,1145,pdf_07,f00681093e03a60a87dbc3834edae199fd055d6366406e456741ffd059ff3b05,data/raw/pdfs/07_ลพบุรี.pdf,1,19,25.84252,315.24649,1088.8346429729727,328.54649
pdf_70:p1:r7,rec_ce13d6d37dc61b26a94dfef6ddf2e0098698035c5805a49bdae76d3504622788,1146,pdf_70,dd0c8cec48b7f0994639864765a097630785c0e22135d674cb3057f22c0f80ab,data/raw/pdfs/70_สงขลา.pdf,1,7,25.84252,155.64648999999997,1088.8346429729727,168.94649000000004
pdf_57:p2:r1,rec_2aeeec5fedd6fa5fe9ebb847a4f7831d20899a9f3285bd4400e9e6092c057245,1147,pdf_57,9b6f57faac860a1339f68519b1b756d3ef34cc2ccd4962f5e15b78600e7c9112,data/raw/pdfs/57_สุพรรณบุรี.pdf,2,1,25.84252,39.34256000000005,1088.8346404878048,52.64256
pdf_11:p2:r32,rec_739d6d84ce91b7faf4a6cc343be9bc3608b05446dc696873ad221d7d84773f6f,1148,pdf_11,3638acfefe295becff8609b6ee16edeea0914e518d215754813661f1c0a3f79b,data/raw/pdfs/11_ชลบุรี.pdf,2,32,25.84252,451.64256000000006,1088.8346404878048,464.94255999999996
pdf_35:p1:r16,rec_1310b90f6b5fb64ad1d3c691fe99462bb66b0346d5dc5009e1a32232b0e8e964,1149,pdf_35,34e8cb69b8d0f03a2caba0ffc0eb6d4b5233159b13350c073968de56ab12b69f,data/raw/pdfs/35_สกลนคร.pdf,1,16,25.84252,275.34649,1088.8346429729727,288.64649
pdf_70:p2:r4,rec_9c026d20ccb5397469171ed797dcbc8f74a34a59e096e6f65540137da063a345,1150,pdf_70,dd0c8cec48b7f0994639864765a097630785c0e22135d674cb3057f22c0f80ab,data/raw/pdfs/70_สงขลา.pdf,2,4,25.84252,79.24259999999998,1088.8346391666664,92.5426
pdf_02:p1:r7,rec_dc617295d6f1f1b85e11aaa8159fe05402f7cfa4ea2a490c96b4d53e4e09923e,1151,pdf_02,368a15805d33fb210ed50297795f7f50bf822054e05b59bf71bfa25bee0f3a3c,data/raw/pdfs/02_สมุทรปราการ.pdf,1,7,25.84252,155.64648999999997,1088.8346429729727,168.94649000000004
pdf_58:p1:r31,rec_c9b946759abfb9b1f36336b619bba70f828a54c85b717b01a3e1b219b7e7c556,1152,pdf_58,8ff0dc3c9fe92f1cc2721c37fe35cfcc653ad17ca531672dc94686e7776d35a5,data/raw/pdfs/58_นครปฐม.pdf,1,31,25.84252,474.84649,1088.8346429729727,488.14649
pdf_35:p2:r2,rec_e93c8d060cc37fce6e11c86634e09b404b3e5fc54a67b299c9fa1c1ff0ab6ba1,1153,pdf_35,34e8cb69b8d0f03a2caba0ffc0eb6d4b5233159b13350c073968de56ab12b69f,data/raw/pdfs/35_สกลนคร.pdf,2,2,25.84252,52.642600000000016,1088.8346109999998,65.94259999999997
pdf_03:p2:r14,rec_fadd932213657bcc89a4139866e6ebdb8e512c0d0d3f131199e486bf8515f78a,1154,pdf_03,7dd9e7f51732791c63183067d85d18d20f856edf0c2dff89dbda84d866df2d62,data/raw/pdfs/03_นนทบุรี.pdf,2,14,25.84252,212.24255999999997,1088.8346404878048,225.54255999999995
pdf_58:p2:r35,rec_9a783adafb551c3135f890713b75cc86ca952d75122206a1d2676d552b0bc701,1155,pdf_58,8ff0dc3c9fe92f1cc2721c37fe35cfcc653ad17ca531672dc94686e7776d35a5,data/raw/pdfs/58_นครปฐม.pdf,2,35,25.84252,491.54256,1088.8346404878048,504.84255999999993
pdf_45:p1:r8,rec_62e980501a34ebe1d04c997a1ea14f367d601381202011ea54ca15e31055ba67,1156,pdf_45,29b1222a0b0979d29984a9dd61c0130edaa8b2dbaf6e6c7cd7a1c4c198e06186,data/raw/pdfs/45_เชียงราย.pdf,1,8,25.84252,168.94650000000001,1088.8346314285714,182.24650000000003
pdf_05:p1:r27,rec_c585cb7ade9526fa788765323712716770a1c77bbbb2bc81c480cc338b19a1a6,1157,pdf_05,ae1ba5ac5ef768c29045f4282a9047c71474a8d654003bfa51574874b3f415fc,data/raw/pdfs/05_พระนครศรีอยุธยา.pdf,1,27,25.84252,421.64649,1088.8346429729727,434.94649
pdf_13:p1:r3,rec_e99cf5d09e34fc8483fa6e05a82e6a829f2eec60046dd631ef32945c9da3110b,1158,pdf_13,b20ef2b0fb7767955210435e1f38c72a82bb812eb8d831b1ac9a4d227b8a8454,data/raw/pdfs/13_จันทบุรี.pdf,1,3,25.84252,102.44649999999997,1088.8346326666665,115.74649999999997
pdf_59:p2:r26,rec_9cc23e016b61fa42c2456d84f91e7a2d0961a48a0cb4893dfcd445a7cc98765f,1159,pdf_59,0c5827ab1fffa2ec0689a95405ee8640473ea428f18b199f44d2f71d4f366ad8,data/raw/pdfs/59_สมุทรสาคร.pdf,2,26,25.84252,371.84256,1088.8346404878048,385.14256
pdf_02:p1:r32,rec_a4b0a4df838cef35d8f29d28764a71be97fb17dd6c3c16635f7d782556fa3e60,1160,pdf_02,368a15805d33fb210ed50297795f7f50bf822054e05b59bf71bfa25bee0f3a3c,data/raw/pdfs/02_สมุทรปราการ.pdf,1,32,25.84252,488.14649,1088.8346429729727,501.44649
pdf_35:p1:r25,rec_93f67781b445aeb32f489b774fbf0c99c90837041ed67ff903ee063796017f30,1161,pdf_35,34e8cb69b8d0f03a2caba0ffc0eb6d4b5233159b13350c073968de56ab12b69f,data/raw/pdfs/35_สกลนคร.pdf,1,25,25.84252,395.04649,1088.8346429729727,408.34649
pdf_25:p2:r3,rec_98e38b089ead295a584778354cdfdfbd3ec8e81184e70d1af2b85e1dc40f6429,1162,pdf_25,0155bd151db06d789a16df2bc6422d9237698f7f38d57991cc1ab60bcb86601c,data/raw/pdfs/25_ชัยภูมิ.pdf,2,3,25.842519999999997,65.94259999999997,1088.8345849999998,79.24259999999998
pdf_68:p1:r19,rec_2f9a1f486ce772060d8976d9f61d9c9ff935dcf7732f4a10255b1c5feef541ac,1163,pdf_68,3a242476c7c0c82cd6f78455b9ca30a8d8e875f3ae38090ae0fd5fb12805c593,data/raw/pdfs/68_ระนอง.pdf,1,19,25.84252,315.24649,1088.8346429729727,328.54649
pdf_05:p2:r6,rec_5519bb8983fb6a740b09066cf43215257bdab6face5dc8c7e5088a0657831f8b,1164,pdf_05,ae1ba5ac5ef768c29045f4282a9047c71474a8d654003bfa51574874b3f415fc,data/raw/pdfs/05_พระนครศรีอยุธยา.pdf,2,6,25.84252,105.84256,1088.8346404878048,119.14255999999996
pdf_10:p2:r7,rec_f04722367478f171b2dd4de000943c1fafb56641a7d276a691c39c3d34ac0844,1165,pdf_10,5e0a433bc2cc307479a32d344bf5b0b4f006af0a3d0ccc1493fb587c885896c1,data/raw/pdfs/10_สระบุรี.pdf,2,7,25.84252,119.14255999999996,1088.8346404878048,132.44255999999996
pdf_29:p1:r1,rec_074d31117718bc93495f3f99a5102cbf8ab0ec7bb00cedb79a214754a9a22c51,1166,pdf_29,a1a30635ac132e2e87cc5b8c3c2c6e737453ecabe176861ce1a21609a26f3a1a,data/raw/pdfs/29_อุดรธานี.pdf,1,1,25.84252,75.84649000000002,1088.8346429729727,89.14648999999997
pdf_10:p1:r19,rec_290b2a95860f010912fc35cecfc1c4950722f83b007383c4358099a4db9131b9,1167,pdf_10,5e0a433bc2cc307479a32d344bf5b0b4f006af0a3d0ccc1493fb587c885896c1,data/raw/pdfs/10_สระบุรี.pdf,1,19,25.84252,315.24649,1088.8346429729727,328.54649
pdf_59:p2:r7,rec_06494dff82d05a8615263b0ef4e886c5adbeee940010c854aca266cad054f1cb,1168,pdf_59,0c5827ab1fffa2ec0689a95405ee8640473ea428f18b199f44d2f71d4f366ad8,data/raw/pdfs/59_สมุทรสาคร.pdf,2,7,25.84252,119.14255999999996,1088.8346404878048,132.44255999999996
pdf_70:p2:r31,rec_2b1a2362c5048d41bc532c4394e4579bf986d465d4755bec7d421a8539f7198e,1169,pdf_70,dd0c8cec48b7f0994639864765a097630785c0e22135d674cb3057f22c0f80ab,data/raw/pdfs/70_สงขลา.pdf,2,31,25.84252,438.34259999999995,1088.8346391666664,451.64259999999996
pdf_54:p1:r14,rec_c624fbea17e6c6abff6108a6c3fb9609d74ea53818367eea61c920bc6363c24b,1170,pdf_54,884b1d2d94fff12fa64928c8a22df877265f50fbc00dfcb61f5a4636dd1c14c8,data/raw/pdfs/54_เพชรบูรณ์.pdf,1,14,25.84252,257.24649,1088.8346429729727,270.54648999999995
pdf_03:p2:r31,rec_f6b278cb5fee5a18a8f0d1e715b4fc389490fd23cae43f1992e762dbef34e9bf,1171,pdf_03,7dd9e7f51732791c63183067d85d18d20f856edf0c2dff89dbda84d866df2d62,data/raw/pdfs/03_นนทบุรี.pdf,2,31,25.84252,438.34255999999993,1088.8346404878048,451.64256000000006
pdf_67:p2:r25,rec_c76a900cdccb5667574afa20cb56a7a99ffff60e70e1f9680353af3bfdb3de4e,1172,pdf_67,b66fc9f9229750b7a04c0e5c07c072d77eb0800ed604da819fb28b6c4a75a636,data/raw/pdfs/67_สุราษฎร์ธานี.pdf,2,25,25.84252,358.54256,1088.8346404878048,371.84256
pdf_56:p1:r10,rec_db9ef7ade6c1736c6cc7e2f1f12adbe7102e8b6ad5230ff3aacac134477b65ff,1173,pdf_56,f0ce416ab9d3f527c2052960422068d0564c2b8833f2a75d05cab7aa8280b0d5,data/raw/pdfs/56_กาญจนบุรี.pdf,1,10,25.84252,195.54648999999995,1088.8346429729727,208.84649
pdf_04:p3:r37,rec_82641309b490a34e963344f54a039c4398209bad0423409ed5497bac2e36fd2a,1174,pdf_04,83861a2a02db33dda27703227bb90cd50ba1b9144123e42912f926c1d1043c39,data/raw/pdfs/04_ปทุมธานี.pdf,3,37,25.84252,518.14256,1088.8346404878048,531.44256
pdf_72:p2:r31,rec_76663b5a4813e75a54e3991fbf9ab4cf16fb751389255855510fa5b7fe0286aa,1175,pdf_72,04f947c56ddf01a73b376cdbb3099e393f9141fff3fec2504b9e031114606073,data/raw/pdfs/72_ตรัง.pdf,2,31,25.84252,438.34255999999993,1088.8346402499997,451.64256000000006
pdf_57:p3:r36,rec_4b6635727cbec703ba6740a37cbb6763967a58678caddc27f4f27a7744e6a829,1176,pdf_57,9b6f57faac860a1339f68519b1b756d3ef34cc2ccd4962f5e15b78600e7c9112,data/raw/pdfs/57_สุพรรณบุรี.pdf,3,36,25.84252,504.84255999999993,1088.8346404878048,518.14256
pdf_58:p3:r17,rec_0eb425fc54160c573c90f3836f4d5931569314c0f57fa8ce58fd7835941afa45,1177,pdf_58,8ff0dc3c9fe92f1cc2721c37fe35cfcc653ad17ca531672dc94686e7776d35a5,data/raw/pdfs/58_นครปฐม.pdf,3,17,25.84252,252.14259999999996,1088.8346304999998,265.44259999999997
pdf_59:p1:r4,rec_6f6fd93e42aeb336292ff5bdd809d18b8e48a41dbe2ada679b3e6cdbb12f6ac2,1178,pdf_59,0c5827ab1fffa2ec0689a95405ee8640473ea428f18b199f44d2f71d4f366ad8,data/raw/pdfs/59_สมุทรสาคร.pdf,1,4,25.84252,115.74649,1088.8346429729727,129.04648999999995
pdf_67:p5:r23,rec_f75ef632af1990185fb56869ca8596ce767915628cab68db25e689447fe6af1f,1179,pdf_67,b66fc9f9229750b7a04c0e5c07c072d77eb0800ed604da819fb28b6c4a75a636,data/raw/pdfs/67_สุราษฎร์ธานี.pdf,5,23,25.84252,331.94255999999996,1088.8346404878048,345.24256
pdf_21:p1:r13,rec_271a7bf6979ce65f0c3b2f65d8bd4ec44687cd91c8dadd8ccdf8f533b26b3e59,1180,pdf_21,30de42d8df83af320948c083353a9109256e5f6ce057c8d941902c86bbb645dd,data/raw/pdfs/21_สุรินทร์.pdf,1,13,25.84252,235.44649999999996,1088.8346369999997,248.74649999999997
pdf_68:p2:r30,rec_2ee2c8edd83359ad972c70539687b8df7ec659c06ab0430a33f4dd42c7cafa24,1181,pdf_68,3a242476c7c0c82cd6f78455b9ca30a8d8e875f3ae38090ae0fd5fb12805c593,data/raw/pdfs/68_ระนอง.pdf,2,30,25.84252,425.04256,1088.8346404878048,438.34255999999993
pdf_47:p1:r1,rec_2fc95fe267bb89a671d2fa6e34f242c0836e85b4d1ee6804ca3e14b2c623527d,1182,pdf_47,365b7fdb0bc54f527416d61502059d02cd2aaa1ed2d3600907d80b79987b64c8,data/raw/pdfs/47_นครสวรรค์.pdf,1,1,25.84252,75.84649999999999,1088.8346326666665,89.14649999999995
pdf_63:p1:r22,rec_8154d844fd40c9c512f71409f55aee8ac8ef1d44005398f943db9c7a97ec16ba,1183,pdf_63,b04433cfbe561d1199180db3f5210359427f668e1f7b072f31972e2749ce63ae,data/raw/pdfs/63_นครศรีธรรมราช.pdf,1,22,25.84252,355.14649,1088.8346429729727,368.44649
pdf_36:p1:r21,rec_b8009d160f1824af83cf6ff9d62612091ce84110690beb959cb2e1e75556e43f,1184,pdf_36,e5624d419ac85611ac4b3fe0a27d6bfa73a7b474d5b0ee2a6b1a7b64f4783d70,data/raw/pdfs/36_นครพนม.pdf,1,21,25.84252,341.84649,1088.8346429729727,355.14649
pdf_59:p1:r16,rec_3a26d702419a76d08633bd5abb5e93cde0d73f1cc3cce05733071638324463bd,1185,pdf_59,0c5827ab1fffa2ec0689a95405ee8640473ea428f18b199f44d2f71d4f366ad8,data/raw/pdfs/59_สมุทรสาคร.pdf,1,16,25.84252,275.34649,1088.8346429729727,288.64649
pdf_55:p1:r12,rec_f234594cbbd2abeceed6727d02bd8d35a25faddd114509f7e4ba2e5ef85a79cd,1186,pdf_55,fe2373eb0d81516b45b09f5bb593a35bc32f505875cafd93f214ca6bc310c4d4,data/raw/pdfs/55_ราชบุรี.pdf,1,12,25.84252,222.14649,1088.8346429729727,235.44649000000004
pdf_28:p1:r33,rec_acf84a666b0f9e12068a16f51d2c23f7515e6e90d05a71e7c262e75b14bb4afc,1187,pdf_28,38e1a8d128ab928dd0bef117c9dbaa8191aea027adc2dae9137f68937f31d040,data/raw/pdfs/28_ขอนแก่น.pdf,1,33,25.84252,501.44649,1088.8346429729727,514.74649
pdf_73:p3:r13,rec_6e634616f3f56590061d7056dee953ace12e4088b1cce65d0897bc216655b3e0,1188,pdf_73,8a9a8b1fb9d81eb7f2d76afa1f886621ea38587fc4c60902bc317398649ff90e,data/raw/pdfs/73_พัทลุง.pdf,3,13,25.842519999999997,198.94259999999997,1088.8346314285711,212.24259999999998
pdf_19:p2:r23,rec_e8aec258b1d5be7ffc1e4420fd041507ad50ca4c34726a0c7187fcbb8698a91f,1189,pdf_19,2fbc685c790d957bd597a9ae4cbc69a07dacbb20cab611015cf1ce2eecd5982c,data/raw/pdfs/19_นครราชสีมา.pdf,2,23,25.84252,331.94255999999996,1088.8346404878048,345.24256
pdf_04:p2:r16,rec_e0628f05a648b7b8d4af59e9014430cac34c6f1774ccdf27f79fc595096c9e37,1190,pdf_04,83861a2a02db33dda27703227bb90cd50ba1b9144123e42912f926c1d1043c39,data/raw/pdfs/04_ปทุมธานี.pdf,2,16,25.84252,238.84256,1088.8346404878048,252.14255999999995
pdf_70:p1:r17,rec_b8de8141bd4c96b77b6dcf7d4443eeeb21d465afa83690c1e52f76141a793b50,1191,pdf_70,dd0c8cec48b7f0994639864765a097630785c0e22135d674cb3057f22c0f80ab,data/raw/pdfs/70_สงขลา.pdf,1,17,25.84252,288.64649,1088.8346429729727,301.94649
pdf_34:p1:r6,rec_ef548e553f88985fd994fde90630e39d63e55cf66557e5ab18f019703eafed83,1192,pdf_34,30b4d774cb5320d220f159e40b6587975e86746b88d9aa4836232840654436f4,data/raw/pdfs/34_กาฬสินธุ์.pdf,1,6,25.84252,150.8465,1088.834626363636,164.14649999999997
pdf_57:p1:r22,rec_0191f626d9f6e1872307b499a884dd97f79a799e509642456784319308e4826f,1193,pdf_57,9b6f57faac860a1339f68519b1b756d3ef34cc2ccd4962f5e15b78600e7c9112,data/raw/pdfs/57_สุพรรณบุรี.pdf,1,22,25.84252,355.14649,1088.8346429729727,368.44649
pdf_16:p1:r30,rec_fdda1e05c840edb1092c9543fbe17dff765bdf6ebd3dd925883c6ffb69c74d16,1194,pdf_16,7b893a3f02630b40240d0242410f662e3fe91d8d5ea2449991bba89e89a89ea4,data/raw/pdfs/16_ปราจีนบุรี.pdf,1,30,25.84252,461.54649,1088.8346429729727,474.84649
pdf_36:p1:r11,rec_5b08491f58176f3d58f5612f5cd500ab99b3715715ac5f157d75cc78c14c28bf,1195,pdf_36,e5624d419ac85611ac4b3fe0a27d6bfa73a7b474d5b0ee2a6b1a7b64f4783d70,data/raw/pdfs/36_นครพนม.pdf,1,11,25.84252,208.84649,1088.8346429729727,222.14649
pdf_31:p1:r19,rec_6341b51e77fa088bd53e95b14bb037fd758fdef6e94a4fbbf1c3261a68082865,1196,pdf_31,f1a10c3940792a9b882ab08acb2b2394c5009faa4f9334ce940cf44438cf5d54,data/raw/pdfs/31_หนองคาย.pdf,1,19,25.84252,315.24649,1088.834642352941,328.54649
pdf_38:p2:r4,rec_d0d718105444aa6e7e26e69590a085b32fee712505a6534d784f3a60cd784fbf,1197,pdf_38,462a1c486a501887e4446ef7e812041c7d158ab4442235b85572d4a89fd7f492,data/raw/pdfs/38_เชียงใหม่.pdf,2,4,25.84252,79.24259999999998,1088.8346109999998,92.5426
pdf_66:p2:r4,rec_2bbffd9b8cc53904221918a1fa3a2c5bf16167e6233665791a7bf963834caafd,1198,pdf_66,012255400d37e8c732ded7ebc3c018108c8f4aa391112b3f6d6515d21e797ab6,data/raw/pdfs/66_ภูเก็ต.pdf,2,4,25.84252,79.24255999999997,1088.8346404878048,92.54255999999998
pdf_07:p1:r23,rec_3adbc3e705e85286f3c7be929202030b5d10f02122e1e2c43924958734e7ceeb,1199,pdf_07,f00681093e03a60a87dbc3834edae199fd055d6366406e456741ffd059ff3b05,data/raw/pdfs/07_ลพบุรี.pdf,1,23,25.84252,368.44649,1088.8346429729727,381.74649
pdf_23:p3:r22,rec_9fba323247434066c279ca737c125b38322a731f559a46282913dee1d6ce2f08,1200,pdf_23,771338278a591f8b5dfd252a64922234ef0d7071b6e6cd32beb2341668023e47,data/raw/pdfs/23_อุบลราชธานี.pdf,3,22,25.84252,318.6426,1088.8346388571426,331.94259999999997
pdf_19:p1:r13,rec_60175099782f049536ba8def08b5740666c9c1be9b3d9d82264816f5035e41f9,1201,pdf_19,2fbc685c790d957bd597a9ae4cbc69a07dacbb20cab611015cf1ce2eecd5982c,data/raw/pdfs/19_นครราชสีมา.pdf,1,13,25.84252,243.94649000000004,1088.8346429729727,257.24649
pdf_48:p1:r4,rec_7239a5c0047550a71f04c77a76ffa4d562b5fc66bbc7500b07833d1b05a211f9,1202,pdf_48,4ace8fb0ec02d2b1aa95432a9b9e883581d60aba88879e64923cce23b14c3f06,data/raw/pdfs/48_อุทัยธานี.pdf,1,4,25.842519999999997,115.74649999999997,1088.8346376190475,129.04649999999998
pdf_47:p1:r2,rec_e1c21ccf0bd2b038d5e7075ae311bf445d6f17fc4b905d1cb91969d3074c1045,1203,pdf_47,365b7fdb0bc54f527416d61502059d02cd2aaa1ed2d3600907d80b79987b64c8,data/raw/pdfs/47_นครสวรรค์.pdf,1,2,25.84252,89.14649999999995,1088.8346326666665,102.44649999999997
pdf_61:p1:r1,rec_f589e65190446a75c4192351421c25bad02d64f033cbe9b8ee711de859a75215,1204,pdf_61,6dda18b7ffb9a73296045d0dd81965bec27f7cbccc7ef862c8bf458d206599e2,data/raw/pdfs/61_เพชรบุรี.pdf,1,1,25.84252,75.84649999999999,1088.834638181818,89.1465
pdf_10:p3:r11,rec_edd515ddd7d033f7b44f0edfbab7c917f8a4ce7d1d7a904248c850d7e48318a3,1205,pdf_10,5e0a433bc2cc307479a32d344bf5b0b4f006af0a3d0ccc1493fb587c885896c1,data/raw/pdfs/10_สระบุรี.pdf,3,11,25.842519999999997,172.34259999999995,1088.8346314285711,185.6426
pdf_55:p1:r15,rec_f9b67d69c880e33a0c93d1d2787add6b76b8335949013e84f739b2611b0468a2,1206,pdf_55,fe2373eb0d81516b45b09f5bb593a35bc32f505875cafd93f214ca6bc310c4d4,data/raw/pdfs/55_ราชบุรี.pdf,1,15,25.84252,262.04648999999995,1088.8346429729727,275.34649
pdf_56:p1:r11,rec_3e58875f26b4d9aba6261e53b2eba2233e66cc3b0d3a54c5a15c3f3a8a506c32,1207,pdf_56,f0ce416ab9d3f527c2052960422068d0564c2b8833f2a75d05cab7aa8280b0d5,data/raw/pdfs/56_กาญจนบุรี.pdf,1,11,25.84252,208.84649,1088.8346429729727,222.14649
pdf_56:p1:r3,rec_45a34b81721b50f5d13ba86c1341f4c9c2405880c41667e6d505a9e1fc9809c8,1208,pdf_56,f0ce416ab9d3f527c2052960422068d0564c2b8833f2a75d05cab7aa8280b0d5,data/raw/pdfs/56_กาญจนบุรี.pdf,1,3,25.84252,102.44649000000004,1088.8346429729727,115.74649
pdf_76:p2:r18,rec_24243bb04d31abfade618bd01b1e5fb84abd07f8f428ee9cb0e4e2a53ffa622d,1209,pdf_76,474bb90a38c020bbc86d90180af2b062867ed6a1db6999d709acff810fd5d84d,data/raw/pdfs/76_นราธิวาส.pdf,2,18,25.84252,265.44259999999997,1088.8346369999997,278.7426
pdf_03:p3:r21,rec_fbd05a1ac0eb6f2aa3aa03d874543a19e4b33df14c119b4cc4220fedf697f4f3,1210,pdf_03,7dd9e7f51732791c63183067d85d18d20f856edf0c2dff89dbda84d866df2d62,data/raw/pdfs/03_นนทบุรี.pdf,3,21,25.84252,305.34256,1088.8346404878048,318.64256
pdf_28:p1:r26,rec_ec798fd510ad56259eb03bc0038aabeb3172f20b28cb60b2b29b2a4c29f885e2,1211,pdf_28,38e1a8d128ab928dd0bef117c9dbaa8191aea027adc2dae9137f68937f31d040,data/raw/pdfs/28_ขอนแก่น.pdf,1,26,25.84252,408.34649,1088.8346429729727,421.64649
pdf_03:p2:r6,rec_beecbf09cb25d6d7b371e0996fe18f27fd91c73d5e8759d15279e6454d882def,1212,pdf_03,7dd9e7f51732791c63183067d85d18d20f856edf0c2dff89dbda84d866df2d62,data/raw/pdfs/03_นนทบุรี.pdf,2,6,25.84252,105.84256,1088.8346404878048,119.14255999999996
pdf_73:p1:r13,rec_9c2fff44602a00632882a3361b602b20b9300c9db15ad77eb0043897a9c32b3a,1213,pdf_73,8a9a8b1fb9d81eb7f2d76afa1f886621ea38587fc4c60902bc317398649ff90e,data/raw/pdfs/73_พัทลุง.pdf,1,13,25.84252,243.94649000000004,1088.8346429729727,257.24649
pdf_31:p1:r10,rec_e147429fb64dd1be8a1226ba9c6ca48f27b302329757890e7634ec667afc965b,1214,pdf_31,f1a10c3940792a9b882ab08acb2b2394c5009faa4f9334ce940cf44438cf5d54,data/raw/pdfs/31_หนองคาย.pdf,1,10,25.84252,195.54649,1088.834642352941,208.84649
pdf_04:p1:r20,rec_2407eeb6732be59efc35bde4fe34585b2d3487847608402a483fff885ea01709,1215,pdf_04,83861a2a02db33dda27703227bb90cd50ba1b9144123e42912f926c1d1043c39,data/raw/pdfs/04_ปทุมธานี.pdf,1,20,25.84252,328.54649,1088.8346429729727,341.84649
pdf_19:p4:r2,rec_07e7197356e0c7fc38abd9c0bf17e920e3c2c266822afe2afbf977aac1d64b83,1216,pdf_19,2fbc685c790d957bd597a9ae4cbc69a07dacbb20cab611015cf1ce2eecd5982c,data/raw/pdfs/19_นครราชสีมา.pdf,4,2,25.84252,52.64256,1088.8346404878048,65.94255999999996
pdf_03:p3:r22,rec_8980790e213df703277bae5718831a22a6cda80d1dc931bfe63304fb94a42177,1217,pdf_03,7dd9e7f51732791c63183067d85d18d20f856edf0c2dff89dbda84d866df2d62,data/raw/pdfs/03_นนทบุรี.pdf,3,22,25.84252,318.64256,1088.8346404878048,331.94255999999996
pdf_73:p1:r23,rec_7683a90a20d86fcaf1fea279d1bd93280db73579419d5e92a3268d343dde6f95,1218,pdf_73,8a9a8b1fb9d81eb7f2d76afa1f886621ea38587fc4c60902bc317398649ff90e,data/raw/pdfs/73_พัทลุง.pdf,1,23,25.84252,376.94649,1088.8346429729727,390.24649
pdf_67:p6:r28,rec_08fbf3c66f7184cf6fdac1427397dbe78b1539f6dc78ffd59c19f7369172a577,1219,pdf_67,b66fc9f9229750b7a04c0e5c07c072d77eb0800ed604da819fb28b6c4a75a636,data/raw/pdfs/67_สุราษฎร์ธานี.pdf,6,28,25.84252,398.44255999999996,1088.8346404878048,411.74256
pdf_04:p2:r34,rec_3374821d94e88419b0ea1ed789fc94b5a7fc8801f9c64f876edeb3478e3865ae,1220,pdf_04,83861a2a02db33dda27703227bb90cd50ba1b9144123e42912f926c1d1043c39,data/raw/pdfs/04_ปทุมธานี.pdf,2,34,25.84252,478.24256,1088.8346404878048,491.54256
pdf_05:p1:r24,rec_5820434763c11d9969266bfb3206068de6b7e438a62d7ec6ea229db6774f27dd,1221,pdf_05,ae1ba5ac5ef768c29045f4282a9047c71474a8d654003bfa51574874b3f415fc,data/raw/pdfs/05_พระนครศรีอยุธยา.pdf,1,24,25.84252,381.74649,1088.8346429729727,395.04649
pdf_66:p1:r2,rec_fc62d59a0d6ef5805d8c469abe3322100b5691b2b2ec4754c597b0e272a7b8f7,1222,pdf_66,012255400d37e8c732ded7ebc3c018108c8f4aa391112b3f6d6515d21e797ab6,data/raw/pdfs/66_ภูเก็ต.pdf,1,2,25.84252,89.14648999999997,1088.8346429729727,102.44649000000004
pdf_76:p1:r5,rec_a7317df25fcaa1a437f5bf933126a936a9ac3a8c8dc2552ddecef84b2a31a61c,1223,pdf_76,474bb90a38c020bbc86d90180af2b062867ed6a1db6999d709acff810fd5d84d,data/raw/pdfs/76_นราธิวาส.pdf,1,5,25.84252,129.04648999999995,1088.8346429729727,142.34649000000002
pdf_57:p3:r25,rec_2879542fb7553275fa9bca37476b739c414ef03d849f267778abc1c4fb123660,1224,pdf_57,9b6f57faac860a1339f68519b1b756d3ef34cc2ccd4962f5e15b78600e7c9112,data/raw/pdfs/57_สุพรรณบุรี.pdf,3,25,25.84252,358.54256,1088.8346404878048,371.84256
pdf_66:p3:r15,rec_c03020232a344a5f33e0a2dd81c5dd32dbc7068c0a262c90e622d0ece484ce24,1225,pdf_66,012255400d37e8c732ded7ebc3c018108c8f4aa391112b3f6d6515d21e797ab6,data/raw/pdfs/66_ภูเก็ต.pdf,3,15,25.84252,225.54255999999995,1088.8346397368418,238.84256
pdf_10:p2:r17,rec_c11eea213610b9903efec9d3cdcb6a70582de2456cb93cc1d790b435f89813dd,1226,pdf_10,5e0a433bc2cc307479a32d344bf5b0b4f006af0a3d0ccc1493fb587c885896c1,data/raw/pdfs/10_สระบุรี.pdf,2,17,25.84252,252.14255999999995,1088.8346404878048,265.44255999999996
pdf_68:p1:r33,rec_b7b70336eedb8b6eb6155e870e262403c7f43e491de065e01cde68ca868a50b3,1227,pdf_68,3a242476c7c0c82cd6f78455b9ca30a8d8e875f3ae38090ae0fd5fb12805c593,data/raw/pdfs/68_ระนอง.pdf,1,33,25.84252,501.44649,1088.8346429729727,514.74649
pdf_58:p2:r3,rec_e59005ba61ee2fd1faa4fb6255566b18ffd4fe89efeed212e92c0f945ff1bba0,1228,pdf_58,8ff0dc3c9fe92f1cc2721c37fe35cfcc653ad17ca531672dc94686e7776d35a5,data/raw/pdfs/58_นครปฐม.pdf,2,3,25.84252,65.94255999999996,1088.8346404878048,79.24255999999997
pdf_30:p1:r11,rec_bb2ba2230befaedcdbe54e6460ab962992032987a44f1d3bcf9615f48a5c46b7,1229,pdf_30,3dbc36c6e240d0c7cc9a595bfe9743d7b0579f6761191fb00c2a69959c985598,data/raw/pdfs/30_เลย.pdf,1,11,25.84252,208.84650000000002,1088.8346355555555,222.1465
pdf_25:p1:r30,rec_f65732c0e1c0ecb45e2d3cba954bb56545af643d6f551b66568b80b57ce80097,1230,pdf_25,0155bd151db06d789a16df2bc6422d9237698f7f38d57991cc1ab60bcb86601c,data/raw/pdfs/25_ชัยภูมิ.pdf,1,30,25.84252,461.54649,1088.8346429729727,474.84649
pdf_28:p1:r30,rec_afcf6ae0ec1c7c2a9a054d26298a1f6bb664566f8c3bef119944aa9c2680b9ff,1231,pdf_28,38e1a8d128ab928dd0bef117c9dbaa8191aea027adc2dae9137f68937f31d040,data/raw/pdfs/28_ขอนแก่น.pdf,1,30,25.84252,461.54649,1088.8346429729727,474.84649
pdf_18:p1:r22,rec_bf990248f95129b0592a320f36db27f825f8441422e9a0c3e4f18566c2421c15,1232,pdf_18,be2f47080dc7e95c466a639def50661998348f89a3d3495b6324e03e6ac06a59,data/raw/pdfs/18_สระแก้ว.pdf,1,22,25.84252,355.14649,1088.834642121212,368.44649
pdf_12:p1:r27,rec_073f3f50d411c1efc82584981e74aae9fc7eca1ea26232df95cbd68917497c0a,1233,pdf_12,a807bf56c3fc6df739b3c4e072038fd3824bd793ca3bbc711cf4169e5e81ff9c,data/raw/pdfs/12_ระยอง.pdf,1,27,25.84252,421.64649,1088.8346429729727,434.94649
pdf_02:p2:r29,rec_e2da3894727098158577374393d486b36530d6ce8665a1d5a981c79a00706d7d,1234,pdf_02,368a15805d33fb210ed50297795f7f50bf822054e05b59bf71bfa25bee0f3a3c,data/raw/pdfs/02_สมุทรปราการ.pdf,2,29,25.84252,411.74256,1088.8346404878048,425.04256
pdf_71:p1:r10,rec_290685d5c1adba7d207b332b8dc873bae4e4cd135597792f153c7b6af34a5542,1235,pdf_71,639082545e4a719e41bac9fcbfd55a943a269cfdf276e85b2e44844d06d2a73a,data/raw/pdfs/71_สตูล.pdf,1,10,25.84252,195.54650000000004,1088.8346395999997,208.84650000000002
pdf_06:p1:r27,rec_43a376b25706c15073dce6cf6ea9d0367159b10218147871c981d010a5909095,1236,pdf_06,03acf167c8c7dcc3b7e6ccbd9afcaa05e3b5157df416e00c1b7e146d91880d3c,data/raw/pdfs/06_อ่างทอง.pdf,1,27,25.84252,421.64649,1088.8346429729727,434.94649
pdf_02:p2:r3,rec_7b48d31a8f7627a445af65631a228a486475c52f34d71b29e6be9e97a7d05f99,1237,pdf_02,368a15805d33fb210ed50297795f7f50bf822054e05b59bf71bfa25bee0f3a3c,data/raw/pdfs/02_สมุทรปราการ.pdf,2,3,25.84252,65.94255999999996,1088.8346404878048,79.24255999999997
pdf_57:p1:r7,rec_ee3ccc34036214fc2a847c5768f9503e27eabad7f03ea6f17bd308aa75721bf1,1238,pdf_57,9b6f57faac860a1339f68519b1b756d3ef34cc2ccd4962f5e15b78600e7c9112,data/raw/pdfs/57_สุพรรณบุรี.pdf,1,7,25.84252,155.64648999999997,1088.8346429729727,168.94649000000004
pdf_51:p1:r32,rec_7b0eb342c8afd400b61e42c075e01e2547416c334aeff68feed42169ac34fcf4,1239,pdf_51,380327daf06efde704e25ac9a209c4688b14087a4bcd57b35db44471d39e5199,data/raw/pdfs/51_สุโขทัย.pdf,1,32,25.84252,496.64649,1088.834642352941,509.94649
pdf_07:p2:r11,rec_2e17e189a0a659581481b55e2e4645f296f73b11d490700031b3ec314439fdfc,1240,pdf_07,f00681093e03a60a87dbc3834edae199fd055d6366406e456741ffd059ff3b05,data/raw/pdfs/07_ลพบุรี.pdf,2,11,25.84252,172.34256,1088.8346404878048,185.64255999999995
pdf_03:p2:r1,rec_0334b03744bd6fe15266c1e56225bb00ec9a845d743368492e7408ade93b9018,1241,pdf_03,7dd9e7f51732791c63183067d85d18d20f856edf0c2dff89dbda84d866df2d62,data/raw/pdfs/03_นนทบุรี.pdf,2,1,25.84252,39.34256000000005,1088.8346404878048,52.64256
pdf_25:p1:r9,rec_d91bc6585c62908411ddacf06f74773008049b43b0d15ee2c44159911058c048,1242,pdf_25,0155bd151db06d789a16df2bc6422d9237698f7f38d57991cc1ab60bcb86601c,data/raw/pdfs/25_ชัยภูมิ.pdf,1,9,25.84252,182.24649,1088.8346429729727,195.54648999999995
pdf_25:p1:r31,rec_99aad6797b00b19586b6e2b46913c71f5d5fbedef8ebb2eccf41ef8bc4663ec6,1243,pdf_25,0155bd151db06d789a16df2bc6422d9237698f7f38d57991cc1ab60bcb86601c,data/raw/pdfs/25_ชัยภูมิ.pdf,1,31,25.84252,474.84649,1088.8346429729727,488.14649
pdf_73:p2:r11,rec_157132a9593a31315f21cc9a3684e6b52bff9c11de0429384136a34e5a630638,1244,pdf_73,8a9a8b1fb9d81eb7f2d76afa1f886621ea38587fc4c60902bc317398649ff90e,data/raw/pdfs/73_พัทลุง.pdf,2,11,25.84252,172.34256,1088.8346404878048,185.64255999999995
pdf_64:p1:r17,rec_fc4e97db27a91ac78c07bb6376ae6061971f149b4a6ef3d0bf4b3b4e345d3855,1245,pdf_64,a4e4abc03757d1e14ce1bfb2e426567faeea8fce3152123821e712496872240e,data/raw/pdfs/64_กระบี่.pdf,1,17,25.84252,288.64649,1088.8346429729727,301.94649
pdf_55:p2:r3,rec_4cb8d96f3cdd66a3b65e5cdac81156e37628c6ddcc6447f9525ad126ef84cc47,1246,pdf_55,fe2373eb0d81516b45b09f5bb593a35bc32f505875cafd93f214ca6bc310c4d4,data/raw/pdfs/55_ราชบุรี.pdf,2,3,25.84252,65.94259999999997,1088.834622142857,79.24260000000004
pdf_59:p1:r12,rec_352a7913ce10e23be8de6bcc98dd7ebd568f65f897a8c9b7da1ac3a23f7beb36,1247,pdf_59,0c5827ab1fffa2ec0689a95405ee8640473ea428f18b199f44d2f71d4f366ad8,data/raw/pdfs/59_สมุทรสาคร.pdf,1,12,25.84252,222.14649,1088.8346429729727,235.44649000000004
pdf_32:p1:r11,rec_db625be2db862fa7b87f7709aa2976d3970a11e3bcd04522430fba2a38aefcc9,1248,pdf_32,b00581f42f40b25ff4c6be7ad8e530fc1306844ad3bb673079384b891a4190e5,data/raw/pdfs/32_มหาสารคาม.pdf,1,11,25.84252,208.84650000000002,1088.8346399999998,222.14649999999997
pdf_44:p1:r9,rec_f67a73c4ec85951848376940696e8898690c4778d7de0f4e770b38f9ded1a3bd,1249,pdf_44,0b6a87addaacef010594603f0dfdfb6eeb947a760e12360b52409636f432ab36,data/raw/pdfs/44_พะเยา.pdf,1,9,25.84252,182.24649999999997,1088.8346369999997,195.54649999999998
pdf_27:p1:r13,rec_65922c59a2c574d663ef78bf1809f7609f662378006fa4562e7b45ad788f76af,1250,pdf_27,bf545cbe9d19aa5a22880cf18f4484776d7d3e1348605d1451dfe7147ed85334,data/raw/pdfs/27_หนองบัวลำภู.pdf,1,13,25.84252,235.44649000000004,1088.8346429729727,248.74649
pdf_59:p2:r8,rec_265f26f877f1551ab93e4fdf9cf89e88e8bc6e960bec5c5de880ee79502c6e52,1251,pdf_59,0c5827ab1fffa2ec0689a95405ee8640473ea428f18b199f44d2f71d4f366ad8,data/raw/pdfs/59_สมุทรสาคร.pdf,2,8,25.84252,132.44255999999996,1088.8346404878048,145.74255999999997
pdf_64:p3:r15,rec_503cc1c2adb006451cf7b4de7ef470e1678fa2c45ca12953f27f3c1d2e2facaf,1252,pdf_64,a4e4abc03757d1e14ce1bfb2e426567faeea8fce3152123821e712496872240e,data/raw/pdfs/64_กระบี่.pdf,3,15,25.84252,225.54255999999995,1088.8346404878048,238.84256
pdf_18:p1:r30,rec_7b2ac8ea05bf8f71b601a5b99c45efd069524bc3ea55ad4ce7377f684e02e987,1253,pdf_18,be2f47080dc7e95c466a639def50661998348f89a3d3495b6324e03e6ac06a59,data/raw/pdfs/18_สระแก้ว.pdf,1,30,25.84252,461.54649,1088.834642121212,474.84649
pdf_35:p1:r12,rec_7938a3fbd6f2947846a596b3493fb091b7844cd765c873303b7d977f6be22f10,1254,pdf_35,34e8cb69b8d0f03a2caba0ffc0eb6d4b5233159b13350c073968de56ab12b69f,data/raw/pdfs/35_สกลนคร.pdf,1,12,25.84252,222.14649,1088.8346429729727,235.44649000000004
pdf_35:p1:r2,rec_a1f8633577feedf8ec94717f831578bc9ceaa00b94ba16bae21f3606272cdd7f,1255,pdf_35,34e8cb69b8d0f03a2caba0ffc0eb6d4b5233159b13350c073968de56ab12b69f,data/raw/pdfs/35_สกลนคร.pdf,1,2,25.84252,89.14648999999997,1088.8346429729727,102.44649000000004
pdf_14:p1:r2,rec_c3cedf0ade6ba4986482922bd22fbd67640332bfa79cb95717dad7247cb3a0b0,1256,pdf_14,393e31a1b8153f8cc465f3ec91d9f8ca361728a4cd33c0dfaa79d4d01d13c1e9,data/raw/pdfs/14_ตราด.pdf,1,2,25.84252,89.1465,1088.8346174999997,102.44650000000001
pdf_46:p1:r11,rec_5d731d168154be7f01ddbe8c41693c764b30d52bb39624d25d12d446cb78402f,1257,pdf_46,06c4f6b2edd8aec0be7828038556b5b7aec2393f710ca692324db2369d00d382,data/raw/pdfs/46_แม่ฮ่องสอน.pdf,1,11,25.84252,208.84650000000002,1088.834638181818,222.1465
pdf_12:p2:r4,rec_9bd1d1fb53d0c8b78c0824c9a9adfc9593d0d6d5a5e18e945579984a8ad1296d,1258,pdf_12,a807bf56c3fc6df739b3c4e072038fd3824bd793ca3bbc711cf4169e5e81ff9c,data/raw/pdfs/12_ระยอง.pdf,2,4,25.842520000000004,79.24259999999998,1088.8346355555555,92.5426
pdf_60:p1:r11,rec_516ad7ab512301aad859225f32df486d6bbdf692b3572f07e45818b20e3b74a7,1259,pdf_60,83005eabe1d9070b5592477278ea610755bdcb54fea6e719fee81b3b098eaa28,data/raw/pdfs/60_สมุทรสงคราม.pdf,1,11,25.842520000000004,208.84650000000002,1088.8346403703702,222.1465
pdf_03:p3:r23,rec_3bd2911e186230637e07c465fa92de9fa3b75035d380ed6708a1f81776fe144e,1260,pdf_03,7dd9e7f51732791c63183067d85d18d20f856edf0c2dff89dbda84d866df2d62,data/raw/pdfs/03_นนทบุรี.pdf,3,23,25.84252,331.94255999999996,1088.8346404878048,345.24256
pdf_07:p1:r12,rec_ed9fa334481bbedd3e0d78da81862d83e1f6d5e24e1def6f33755b8e7a30ecc3,1261,pdf_07,f00681093e03a60a87dbc3834edae199fd055d6366406e456741ffd059ff3b05,data/raw/pdfs/07_ลพบุรี.pdf,1,12,25.84252,222.14649,1088.8346429729727,235.44649000000004
pdf_02:p3:r18,rec_cbf0d42909d9bf6b59608cf51dbcbd9f81a68b7f934745e92c570aeca8957578,1262,pdf_02,368a15805d33fb210ed50297795f7f50bf822054e05b59bf71bfa25bee0f3a3c,data/raw/pdfs/02_สมุทรปราการ.pdf,3,18,25.84252,265.44259999999997,1088.8346343999997,278.7426
pdf_49:p1:r31,rec_14cc740053d7fc101f4c50cc0143471c03034fcdb43fe3cf6f117af5611cecd1,1263,pdf_49,6ada8eb27a34993420ed8c6db69aa4ae13ff4283abdb43b9d76a05d6794f6a27,data/raw/pdfs/49_กำแพงเพชร.pdf,1,31,25.84252,474.84649,1088.8346429729727,488.14649
pdf_03:p3:r24,rec_ec70ad292d7e8d693ddcd2432a1c3a7ed77a5649eab156722067c7c16bf23fe8,1264,pdf_03,7dd9e7f51732791c63183067d85d18d20f856edf0c2dff89dbda84d866df2d62,data/raw/pdfs/03_นนทบุรี.pdf,3,24,25.84252,345.24256,1088.8346404878048,358.54256
pdf_73:p2:r15,rec_0fd7d23379644c8a8b7b2c2b26371bd0c5e3544d886c33021fe0301c6ebc904b,1265,pdf_73,8a9a8b1fb9d81eb7f2d76afa1f886621ea38587fc4c60902bc317398649ff90e,data/raw/pdfs/73_พัทลุง.pdf,2,15,25.84252,225.54255999999995,1088.8346404878048,238.84256
pdf_36:p1:r16,rec_ccad454cdf429199265f39f42485194a378ed3e49b1512fa653a231d21d5ecf3,1266,pdf_36,e5624d419ac85611ac4b3fe0a27d6bfa73a7b474d5b0ee2a6b1a7b64f4783d70,data/raw/pdfs/36_นครพนม.pdf,1,16,25.84252,275.34649,1088.8346429729727,288.64649
pdf_36:p1:r19,rec_7b21930da1b7f1de3f3f8a35f16cdc570e7afc09cc741a9a8dac68dc10705e79,1267,pdf_36,e5624d419ac85611ac4b3fe0a27d6bfa73a7b474d5b0ee2a6b1a7b64f4783d70,data/raw/pdfs/36_นครพนม.pdf,1,19,25.84252,315.24649,1088.8346429729727,328.54649
pdf_02:p2:r23,rec_2caf887f79f7035bd055672647e40b16317f53c6497e27c45296dc5d334a994c,1268,pdf_02,368a15805d33fb210ed50297795f7f50bf822054e05b59bf71bfa25bee0f3a3c,data/raw/pdfs/02_สมุทรปราการ.pdf,2,23,25.84252,331.94255999999996,1088.8346404878048,345.24256
pdf_23:p3:r20,rec_9a45b85c4e6dc333d237f00cc35517a29b9fdb52eda884159cb170974ab6bfa3,1269,pdf_23,771338278a591f8b5dfd252a64922234ef0d7071b6e6cd32beb2341668023e47,data/raw/pdfs/23_อุบลราชธานี.pdf,3,20,25.84252,292.0426,1088.8346388571426,305.3426
pdf_45:p1:r3,rec_21004ec9e2eb9bef224e74b8cc67bdacb9747e32c1708dc28fb910a20b88cd52,1270,pdf_45,29b1222a0b0979d29984a9dd61c0130edaa8b2dbaf6e6c7cd7a1c4c198e06186,data/raw/pdfs/45_เชียงราย.pdf,1,3,25.84252,102.44650000000001,1088.8346314285714,115.74650000000001
pdf_73:p1:r26,rec_79ffc251a05bab568d8b3583b2522dbf7b3eaeb5563a14559dfc14afa5923c7c,1271,pdf_73,8a9a8b1fb9d81eb7f2d76afa1f886621ea38587fc4c60902bc317398649ff90e,data/raw/pdfs/73_พัทลุง.pdf,1,26,25.84252,416.84649,1088.8346429729727,430.14649
pdf_55:p1:r14,rec_c481edfc47a872a66ab224c9230215143ee1bbddf64fb90525262f0afb6076bf,1272,pdf_55,fe2373eb0d81516b45b09f5bb593a35bc32f505875cafd93f214ca6bc310c4d4,data/raw/pdfs/55_ราชบุรี.pdf,1,14,25.84252,248.74649,1088.8346429729727,262.04648999999995
pdf_03:p3:r25,rec_7f8563f7dace4b0cae9b35b651a43689e09de32b1d5ed2f25b69a9a144ff1f83,1273,pdf_03,7dd9e7f51732791c63183067d85d18d20f856edf0c2dff89dbda84d866df2d62,data/raw/pdfs/03_นนทบุรี.pdf,3,25,25.84252,358.54256,1088.8346404878048,371.84256
pdf_03:p5:r26,rec_9684c715998c4af0527f04af13db85106364b9b12b3211a687be7ea1206ddbf0,1274,pdf_03,7dd9e7f51732791c63183067d85d18d20f856edf0c2dff89dbda84d866df2d62,data/raw/pdfs/03_นนทบุรี.pdf,5,26,25.84252,371.84259999999995,1088.8346391666664,385.14259999999996
pdf_06:p1:r1,rec_77343fb1553cc24d57e913988430dcccce34c9f723fbfe354eed03c9a14f47da,1275,pdf_06,03acf167c8c7dcc3b7e6ccbd9afcaa05e3b5157df416e00c1b7e146d91880d3c,data/raw/pdfs/06_อ่างทอง.pdf,1,1,25.84252,75.84649000000002,1088.8346429729727,89.14648999999997
pdf_08:p1:r11,rec_597ec28abc67ccb6a71bf5f75c5e469bc0ee2dc5cb5ac7838a15c3f339518a6b,1276,pdf_08,1fd4933c38e10cf826fbe5ecfe74a2eb8305671e2bb949afd059fb72b251fdad,data/raw/pdfs/08_สิงห์บุรี.pdf,1,11,25.84252,208.84650000000002,1088.8346399999998,222.14649999999997
pdf_48:p1:r10,rec_2a84e7c96ec49e5aa83df88000abd800b3d7ab27f6ac1d3a4df983395eac798d,1277,pdf_48,4ace8fb0ec02d2b1aa95432a9b9e883581d60aba88879e64923cce23b14c3f06,data/raw/pdfs/48_อุทัยธานี.pdf,1,10,25.842519999999997,195.54649999999998,1088.8346376190475,208.84650000000002
pdf_12:p1:r7,rec_d805da5a4a942a1a631181764f87bd7bdc51b1d7fdd09a4b7a6ca5ba52a88f22,1278,pdf_12,a807bf56c3fc6df739b3c4e072038fd3824bd793ca3bbc711cf4169e5e81ff9c,data/raw/pdfs/12_ระยอง.pdf,1,7,25.84252,155.64648999999997,1088.8346429729727,168.94649000000004
pdf_60:p1:r12,rec_a5f912243e77a28f862939db82137a00d7d14b33cbaad2ba25ac9ed6f8e69a2d,1279,pdf_60,83005eabe1d9070b5592477278ea610755bdcb54fea6e719fee81b3b098eaa28,data/raw/pdfs/60_สมุทรสงคราม.pdf,1,12,25.842520000000004,222.1465,1088.8346403703702,235.44650000000001
pdf_02:p2:r30,rec_89b45c0475564865020dfe8b6eb6b728142eda66162b15c99b67366d43124c47,1280,pdf_02,368a15805d33fb210ed50297795f7f50bf822054e05b59bf71bfa25bee0f3a3c,data/raw/pdfs/02_สมุทรปราการ.pdf,2,30,25.84252,425.04256,1088.8346404878048,438.34255999999993
pdf_28:p1:r15,rec_b73e9cb4a7e8ebee932dfa8ec7d3123c52a3b1551aba1052c7b79638a4409a90,1281,pdf_28,38e1a8d128ab928dd0bef117c9dbaa8191aea027adc2dae9137f68937f31d040,data/raw/pdfs/28_ขอนแก่น.pdf,1,15,25.84252,262.04648999999995,1088.8346429729727,275.34649
pdf_55:p1:r7,rec_ecc7490ef33a4c6d55787ca9dd0ae2f1ee2ea7f372a96376aa80189c724fa18c,1282,pdf_55,fe2373eb0d81516b45b09f5bb593a35bc32f505875cafd93f214ca6bc310c4d4,data/raw/pdfs/55_ราชบุรี.pdf,1,7,25.84252,155.64648999999997,1088.8346429729727,168.94649000000004
pdf_60:p1:r13,rec_c937e0b35a1c97a2ee1ed01607f5d8aee6fc918e365f48b21c98ce855808b810,1283,pdf_60,83005eabe1d9070b5592477278ea610755bdcb54fea6e719fee81b3b098eaa28,data/raw/pdfs/60_สมุทรสงคราม.pdf,1,13,25.842520000000004,235.44650000000001,1088.8346403703702,248.74649999999997
pdf_57:p1:r8,rec_cd07376e0595f2446391191d9f1928d5298c7c08a0f89d5d135a6b15243f1281,1284,pdf_57,9b6f57faac860a1339f68519b1b756d3ef34cc2ccd4962f5e15b78600e7c9112,data/raw/pdfs/57_สุพรรณบุรี.pdf,1,8,25.84252,168.94649000000004,1088.8346429729727,182.24649
pdf_03:p2:r2,rec_f1f28cfd4e03b994ee241f19f3f4598e25043a9ae14ee8d3bf11616f928187be,1285,pdf_03,7dd9e7f51732791c63183067d85d18d20f856edf0c2dff89dbda84d866df2d62,data/raw/pdfs/03_นนทบุรี.pdf,2,2,25.84252,52.64256,1088.8346404878048,65.94255999999996
pdf_13:p1:r8,rec_0d43d326bd6e3afca6ef7bf19d9e330e28324e47970a86d3b22156a9088bc3fb,1286,pdf_13,b20ef2b0fb7767955210435e1f38c72a82bb812eb8d831b1ac9a4d227b8a8454,data/raw/pdfs/13_จันทบุรี.pdf,1,8,25.84252,168.94649999999996,1088.8346326666665,182.24649999999997
pdf_54:p1:r3,rec_ae4d143865cb34b0d93e71c88d297f0b8db082570b1bdc78344adebffb48eae9,1287,pdf_54,884b1d2d94fff12fa64928c8a22df877265f50fbc00dfcb61f5a4636dd1c14c8,data/raw/pdfs/54_เพชรบูรณ์.pdf,1,3,25.84252,110.94649000000004,1088.8346429729727,124.24649
pdf_11:p2:r5,rec_01bfacf15ba05ee19a24abdf5faedb286b4d3e7cb55e451a7a50d86baab86d62,1288,pdf_11,3638acfefe295becff8609b6ee16edeea0914e518d215754813661f1c0a3f79b,data/raw/pdfs/11_ชลบุรี.pdf,2,5,25.84252,92.54255999999998,1088.8346404878048,105.84256
pdf_13:p1:r12,rec_f0ff37f69aa6cb478047aa0043fcadb33fc340673f086fec240f9a7838f1fe3f,1289,pdf_13,b20ef2b0fb7767955210435e1f38c72a82bb812eb8d831b1ac9a4d227b8a8454,data/raw/pdfs/13_จันทบุรี.pdf,1,12,25.84252,222.14649999999992,1088.8346326666665,235.44649999999996
pdf_67:p1:r27,rec_b5119a665274a587d3d414e5fbadd39df0673de885fceac6533ba7ec43791f4b,1290,pdf_67,b66fc9f9229750b7a04c0e5c07c072d77eb0800ed604da819fb28b6c4a75a636,data/raw/pdfs/67_สุราษฎร์ธานี.pdf,1,27,25.84252,421.64649,1088.8346429729727,434.94649
pdf_68:p1:r12,rec_56ae146c48f75dd408a61e996de51aef8d5157ff611a17023e0ed5a3e3955fa4,1291,pdf_68,3a242476c7c0c82cd6f78455b9ca30a8d8e875f3ae38090ae0fd5fb12805c593,data/raw/pdfs/68_ระนอง.pdf,1,12,25.84252,222.14649,1088.8346429729727,235.44649000000004
pdf_59:p2:r27,rec_493e28adbbd12843fbf1216c058a19147b1a41044a6583eead22491a678c265c,1292,pdf_59,0c5827ab1fffa2ec0689a95405ee8640473ea428f18b199f44d2f71d4f366ad8,data/raw/pdfs/59_สมุทรสาคร.pdf,2,27,25.84252,385.14256,1088.8346404878048,398.44255999999996
pdf_02:p1:r8,rec_3297200be579c12e7ecdbd3728db725d0a272419b0f7278062ab7bd93d34172e,1293,pdf_02,368a15805d33fb210ed50297795f7f50bf822054e05b59bf71bfa25bee0f3a3c,data/raw/pdfs/02_สมุทรปราการ.pdf,1,8,25.84252,168.94649000000004,1088.8346429729727,182.24649
pdf_46:p1:r13,rec_9affab25a382e9d6a29686931fdbb91e5f18b8576a09c36cfd54d94fb0321efd,1294,pdf_46,06c4f6b2edd8aec0be7828038556b5b7aec2393f710ca692324db2369d00d382,data/raw/pdfs/46_แม่ฮ่องสอน.pdf,1,13,25.84252,235.44650000000001,1088.834638181818,248.74649999999997
pdf_54:p2:r24,rec_feca24d05ab66c874d4ce58b62d8551af5c318fcce29770aa4683bbe4e17ae44,1295,pdf_54,884b1d2d94fff12fa64928c8a22df877265f50fbc00dfcb61f5a4636dd1c14c8,data/raw/pdfs/54_เพชรบูรณ์.pdf,2,24,25.84252,345.24256,1088.8346404878048,358.54256
pdf_19:p1:r34,rec_f1cbe9d13186915c79c5da611e2082c2344abe40bf99686571149041b2845cbd,1296,pdf_19,2fbc685c790d957bd597a9ae4cbc69a07dacbb20cab611015cf1ce2eecd5982c,data/raw/pdfs/19_นครราชสีมา.pdf,1,34,25.84252,523.24649,1088.8346429729727,536.54649
pdf_29:p2:r12,rec_2b234a637a0367bd795e2f8b82916f09f2957ae16919fb951e5ea03633e7da93,1297,pdf_29,a1a30635ac132e2e87cc5b8c3c2c6e737453ecabe176861ce1a21609a26f3a1a,data/raw/pdfs/29_อุดรธานี.pdf,2,12,25.84252,185.64260000000002,1088.8346365517239,198.94259999999997
pdf_56:p2:r21,rec_6547fabb030251e995f9bc4389bb3590cb091f07cf8c5ccc75c1454aeca65892,1298,pdf_56,f0ce416ab9d3f527c2052960422068d0564c2b8833f2a75d05cab7aa8280b0d5,data/raw/pdfs/56_กาญจนบุรี.pdf,2,21,25.84252,305.34256,1088.8346394594591,318.64256
pdf_04:p3:r32,rec_1c402bb3e55e5af00750a483f213e6a341908a9f1229b7e76221e7459e9cff05,1299,pdf_04,83861a2a02db33dda27703227bb90cd50ba1b9144123e42912f926c1d1043c39,data/raw/pdfs/04_ปทุมธานี.pdf,3,32,25.84252,451.64256000000006,1088.8346404878048,464.94255999999996
pdf_55:p1:r30,rec_5ec27f5afd296ded55d4e24dc6a32d8732763ba959db93db0c94e6c61a906c99,1300,pdf_55,fe2373eb0d81516b45b09f5bb593a35bc32f505875cafd93f214ca6bc310c4d4,data/raw/pdfs/55_ราชบุรี.pdf,1,30,25.84252,461.54649,1088.8346429729727,474.84649
pdf_51:p1:r1,rec_7e380f85c53fbd7fb63802717cd6ceeb9bcb91a1eaedd5172c1cfbd2b6bb5187,1301,pdf_51,380327daf06efde704e25ac9a209c4688b14087a4bcd57b35db44471d39e5199,data/raw/pdfs/51_สุโขทัย.pdf,1,1,25.84252,84.34648999999996,1088.834642352941,97.64648999999997
pdf_21:p1:r9,rec_a1b4b29bec45a1d65c0a8b54cfc1dd78c3200b196440f12d29d6fca67f1f5486,1302,pdf_21,30de42d8df83af320948c083353a9109256e5f6ce057c8d941902c86bbb645dd,data/raw/pdfs/21_สุรินทร์.pdf,1,9,25.84252,182.24649999999997,1088.8346369999997,195.54649999999998
pdf_26:p1:r3,rec_c3f80c38be49502a1a68f1e07c80a1593425f2e2aec02a91316ccac4025a83a4,1303,pdf_26,608054fcb545877f0b72292a81f585036ae60a0a5c03c450d70bb8db53ec4788,data/raw/pdfs/26_อำนาจเจริญ.pdf,1,3,25.84252,102.44649999999997,1088.834598,115.74649999999997
pdf_49:p1:r26,rec_0457fb833f7692496a0e81cdcf4449a0a7a7469a5c610caba9f8d30aef28fba6,1304,pdf_49,6ada8eb27a34993420ed8c6db69aa4ae13ff4283abdb43b9d76a05d6794f6a27,data/raw/pdfs/49_กำแพงเพชร.pdf,1,26,25.84252,408.34649,1088.8346429729727,421.64649
pdf_72:p1:r14,rec_84e26f33b463d2921746966d9ddc6c20a61d3612ebe9a88ea651d551811f45c4,1305,pdf_72,04f947c56ddf01a73b376cdbb3099e393f9141fff3fec2504b9e031114606073,data/raw/pdfs/72_ตรัง.pdf,1,14,25.84252,248.74649,1088.8346429729727,262.04648999999995
pdf_33:p1:r4,rec_068b3c21845d851f0ab91937e1d3b5f78a1e16bb42e412263b3556fd6443cf91,1306,pdf_33,803bc44f1213b58c511b011e1bd47fdf863f6e6f583f7263065cda30ef3d413a,data/raw/pdfs/33_ร้อยเอ็ด.pdf,1,4,25.84252,115.74650000000001,1088.8346314285714,129.04650000000004
pdf_69:p1:r33,rec_e72a5307fbe9c04f3019343b42e7a9151a3293ae6f264fe44da0420c21486d86,1307,pdf_69,769b283c00d83344280df884874571c2a99d89f78de64644b43bf9c6a108efa4,data/raw/pdfs/69_ชุมพร.pdf,1,33,25.84252,501.44649,1088.8346429729727,514.74649
pdf_58:p1:r2,rec_fc94b23e7e59cef1a6ade1ef63b171b5ec815a3952351a6043b2d164e7c3cdb4,1308,pdf_58,8ff0dc3c9fe92f1cc2721c37fe35cfcc653ad17ca531672dc94686e7776d35a5,data/raw/pdfs/58_นครปฐม.pdf,1,2,25.84252,89.14648999999997,1088.8346429729727,102.44649000000004
pdf_04:p5:r28,rec_05a7d0ccef5421bec3ef9010869386d9346987f9a91f17b997aa5238ab2def84,1309,pdf_04,83861a2a02db33dda27703227bb90cd50ba1b9144123e42912f926c1d1043c39,data/raw/pdfs/04_ปทุมธานี.pdf,5,28,25.84252,398.44259999999997,1088.8346388571426,411.7425999999999
pdf_58:p2:r34,rec_706d88dd01b0896b0b5f81aa8e3de6fcbbd015d9b3aafedeff7cb6d8e7d92252,1310,pdf_58,8ff0dc3c9fe92f1cc2721c37fe35cfcc653ad17ca531672dc94686e7776d35a5,data/raw/pdfs/58_นครปฐม.pdf,2,34,25.84252,478.24256,1088.8346404878048,491.54256
pdf_08:p1:r8,rec_31884b56e5d6af275fffad6c89e9a75e209cd82992f71935ea75e16ab609207e,1311,pdf_08,1fd4933c38e10cf826fbe5ecfe74a2eb8305671e2bb949afd059fb72b251fdad,data/raw/pdfs/08_สิงห์บุรี.pdf,1,8,25.84252,168.94650000000001,1088.8346399999998,182.24649999999997
pdf_11:p2:r33,rec_860defe8f03bc95467e915405bf3c99884b467d76a78984b19230b01b263a8d7,1312,pdf_11,3638acfefe295becff8609b6ee16edeea0914e518d215754813661f1c0a3f79b,data/raw/pdfs/11_ชลบุรี.pdf,2,33,25.84252,464.94255999999996,1088.8346404878048,478.24256
pdf_66:p1:r12,rec_6fc40e115b490c91bb04f8239061d387c7382f881dbb45012e7620f1b05289cc,1313,pdf_66,012255400d37e8c732ded7ebc3c018108c8f4aa391112b3f6d6515d21e797ab6,data/raw/pdfs/66_ภูเก็ต.pdf,1,12,25.84252,222.14649,1088.8346429729727,235.44649000000004
pdf_18:p1:r12,rec_7de28163b73de5328a93951f54c5c37be8ed18f92912e27eb4f990e703d2b619,1314,pdf_18,be2f47080dc7e95c466a639def50661998348f89a3d3495b6324e03e6ac06a59,data/raw/pdfs/18_สระแก้ว.pdf,1,12,25.84252,222.14649,1088.834642121212,235.44648999999998
pdf_59:p1:r29,rec_33124927258048099f128465a0ee0a4825d129d3e97dfacb29779002eb2eb3ad,1315,pdf_59,0c5827ab1fffa2ec0689a95405ee8640473ea428f18b199f44d2f71d4f366ad8,data/raw/pdfs/59_สมุทรสาคร.pdf,1,29,25.84252,448.24649,1088.8346429729727,461.54649
pdf_03:p2:r32,rec_f5688bfabf81d4901327339ca929368ffbab924a0705d9e2234117f247df6400,1316,pdf_03,7dd9e7f51732791c63183067d85d18d20f856edf0c2dff89dbda84d866df2d62,data/raw/pdfs/03_นนทบุรี.pdf,2,32,25.84252,451.64256000000006,1088.8346404878048,464.94255999999996
pdf_66:p1:r28,rec_7b26e0e8b30b9d6372109cb6f13c363e082694518686f2b97f22cd749c21256f,1317,pdf_66,012255400d37e8c732ded7ebc3c018108c8f4aa391112b3f6d6515d21e797ab6,data/raw/pdfs/66_ภูเก็ต.pdf,1,28,25.84252,434.94649,1088.8346429729727,448.24649
pdf_54:p1:r15,rec_5ccc006c88bee3ee1fd4a38f5282c7935bfacf1792ed5cf01d38172cdfe385d9,1318,pdf_54,884b1d2d94fff12fa64928c8a22df877265f50fbc00dfcb61f5a4636dd1c14c8,data/raw/pdfs/54_เพชรบูรณ์.pdf,1,15,25.84252,270.54648999999995,1088.8346429729727,283.84649
pdf_32:p1:r20,rec_643c2b6620831214eade07b35ed846c61b445cba52e2fd5d837e066d222e1afc,1319,pdf_32,b00581f42f40b25ff4c6be7ad8e530fc1306844ad3bb673079384b891a4190e5,data/raw/pdfs/32_มหาสารคาม.pdf,1,20,25.84252,328.5465,1088.8346399999998,341.8465
pdf_67:p2:r28,rec_ebde1498eed655c411aeed2330113930fcfc695b765fa5f87db7801fe1c677f0,1320,pdf_67,b66fc9f9229750b7a04c0e5c07c072d77eb0800ed604da819fb28b6c4a75a636,data/raw/pdfs/67_สุราษฎร์ธานี.pdf,2,28,25.84252,398.44255999999996,1088.8346404878048,411.74256
pdf_73:p3:r8,rec_ee8a956dbec307012000622c47f4796d21edd8c588d289d5379a1b18b90ccee1,1321,pdf_73,8a9a8b1fb9d81eb7f2d76afa1f886621ea38587fc4c60902bc317398649ff90e,data/raw/pdfs/73_พัทลุง.pdf,3,8,25.842519999999997,132.44259999999997,1088.8346314285711,145.74259999999998
pdf_35:p1:r3,rec_1bbe422e63cce2fd73097475122173dae4ef4d266b944ff5759f15ae80e85ae2,1322,pdf_35,34e8cb69b8d0f03a2caba0ffc0eb6d4b5233159b13350c073968de56ab12b69f,data/raw/pdfs/35_สกลนคร.pdf,1,3,25.84252,102.44649000000004,1088.8346429729727,115.74649
pdf_39:p1:r14,rec_e13a11ec34c1cfbbbb2eedbb68a474c57d0bb83b9183038896c17711f697ebf9,1323,pdf_39,f8439630693dcb0a91ca91bc39687ac32878a128fb24ec09b75d075fce0bca64,data/raw/pdfs/39_ลำพูน.pdf,1,14,25.84252,248.74649999999997,1088.8346369999997,262.0465
pdf_73:p1:r18,rec_1c747f190316e993e8c9f153f87c7c597729272f7a5441e50cd4cfc96b7b260f,1324,pdf_73,8a9a8b1fb9d81eb7f2d76afa1f886621ea38587fc4c60902bc317398649ff90e,data/raw/pdfs/73_พัทลุง.pdf,1,18,25.84252,310.44649,1088.8346429729727,323.74649
pdf_72:p2:r28,rec_2f3143545ae9e76b6bb75837a424cce6534e6ca0e8575f244c794ad91cc71dbc,1325,pdf_72,04f947c56ddf01a73b376cdbb3099e393f9141fff3fec2504b9e031114606073,data/raw/pdfs/72_ตรัง.pdf,2,28,25.84252,398.44255999999996,1088.8346402499997,411.74255999999997
pdf_07:p1:r34,rec_a360db10e72b4509031f3f322c93db15f96c16e752ef2ef75f7e17a130a590b0,1326,pdf_07,f00681093e03a60a87dbc3834edae199fd055d6366406e456741ffd059ff3b05,data/raw/pdfs/07_ลพบุรี.pdf,1,34,25.84252,514.74649,1088.8346429729727,528.04649
pdf_67:p2:r26,rec_e32663fe9997929b34ed78bfb1c51129f079b07ba7682b07a27b2ac6413d69be,1327,pdf_67,b66fc9f9229750b7a04c0e5c07c072d77eb0800ed604da819fb28b6c4a75a636,data/raw/pdfs/67_สุราษฎร์ธานี.pdf,2,26,25.84252,371.84256,1088.8346404878048,385.14256
pdf_36:p1:r31,rec_882c732843265c11d8e5b5f7d8c5869963878c560004a77cbec95242d70c353a,1328,pdf_36,e5624d419ac85611ac4b3fe0a27d6bfa73a7b474d5b0ee2a6b1a7b64f4783d70,data/raw/pdfs/36_นครพนม.pdf,1,31,25.84252,474.84649,1088.8346429729727,488.14649
pdf_15:p1:r32,rec_17b89f9ad374969ade4f61b3edad89d0fafe2cf161dd7a7ba5ee02da12ca2c5b,1329,pdf_15,bf99cdf12418fcdc90b3c1c739fd4e7e09ca40818852ca43bcd1c3284b3cf084,data/raw/pdfs/15_ฉะเชิงเทรา.pdf,1,32,25.84252,488.14649,1088.8346429729727,501.44649
pdf_18:p1:r31,rec_d4e27889052b0d4d991a2ee01247a5a3a70412314392f66351fe470ef3e49cd7,1330,pdf_18,be2f47080dc7e95c466a639def50661998348f89a3d3495b6324e03e6ac06a59,data/raw/pdfs/18_สระแก้ว.pdf,1,31,25.84252,474.84649,1088.834642121212,488.14649000000003
pdf_21:p1:r4,rec_4ea7cbb35b59096c40e9c68afd9269088755649e98bab025a3aa51eb3d416271,1331,pdf_21,30de42d8df83af320948c083353a9109256e5f6ce057c8d941902c86bbb645dd,data/raw/pdfs/21_สุรินทร์.pdf,1,4,25.84252,115.74649999999997,1088.8346369999997,129.04649999999998
pdf_05:p2:r17,rec_6cceb695f19fd1adc8748b18772a2ee53124fb0af140e375bd8263879f171506,1332,pdf_05,ae1ba5ac5ef768c29045f4282a9047c71474a8d654003bfa51574874b3f415fc,data/raw/pdfs/05_พระนครศรีอยุธยา.pdf,2,17,25.84252,252.14255999999995,1088.8346404878048,265.44255999999996
pdf_15:p1:r28,rec_c2bec8d33df27b9b98edfdbcaab8e86d515a831699373ac4f7ff9ed7180c2d13,1333,pdf_15,bf99cdf12418fcdc90b3c1c739fd4e7e09ca40818852ca43bcd1c3284b3cf084,data/raw/pdfs/15_ฉะเชิงเทรา.pdf,1,28,25.84252,434.94649,1088.8346429729727,448.24649
pdf_04:p5:r25,rec_6d16557d64745e564dc2fff35cfd64c49efeb718d2c4100abc018f741905b5be,1334,pdf_04,83861a2a02db33dda27703227bb90cd50ba1b9144123e42912f926c1d1043c39,data/raw/pdfs/04_ปทุมธานี.pdf,5,25,25.84252,358.5426,1088.8346388571426,371.8426
pdf_49:p1:r17,rec_c822a26421478f53cd14b0a8fe95b49acdb9cb1f1ed81f64bf388a19ca55d581,1335,pdf_49,6ada8eb27a34993420ed8c6db69aa4ae13ff4283abdb43b9d76a05d6794f6a27,data/raw/pdfs/49_กำแพงเพชร.pdf,1,17,25.84252,288.64649,1088.8346429729727,301.94649
pdf_12:p1:r28,rec_86de2a488f03a495881196e4674aa2f9c29fa4dd9bead0da714826f0bd5ffa92,1336,pdf_12,a807bf56c3fc6df739b3c4e072038fd3824bd793ca3bbc711cf4169e5e81ff9c,data/raw/pdfs/12_ระยอง.pdf,1,28,25.84252,434.94649,1088.8346429729727,448.24649
pdf_04:p5:r18,rec_7cb6eec8101ffe50855897dd45680979918168c918d6abd8a7f3ed52b8b32e9d,1337,pdf_04,83861a2a02db33dda27703227bb90cd50ba1b9144123e42912f926c1d1043c39,data/raw/pdfs/04_ปทุมธานี.pdf,5,18,25.84252,265.44259999999997,1088.8346388571426,278.7426
pdf_13:p1:r10,rec_00e026ebc82f9a04caad88ff60e9fc3b8c07cb6709594fec5f3388eef2f67dfa,1338,pdf_13,b20ef2b0fb7767955210435e1f38c72a82bb812eb8d831b1ac9a4d227b8a8454,data/raw/pdfs/13_จันทบุรี.pdf,1,10,25.84252,195.54649999999998,1088.8346326666665,208.84650000000002
pdf_53:p2:r28,rec_db36cd3a8b7a757a988a0f04e9f8d5e9d184f823419bed89633dc5ab4ca62a73,1339,pdf_53,41aaaf3a91961ab9b2dee694f50d9a086d1ad80beffe1b54e81370016a11cb14,data/raw/pdfs/53_พิจิตร.pdf,2,28,25.84252,398.44259999999997,1088.834638181818,411.7425999999999
pdf_64:p1:r7,rec_28e05f5e55872cc254ac6d0cf67e863e6f4ed88bbdd10e5a39531a9cb4203fb5,1340,pdf_64,a4e4abc03757d1e14ce1bfb2e426567faeea8fce3152123821e712496872240e,data/raw/pdfs/64_กระบี่.pdf,1,7,25.84252,155.64648999999997,1088.8346429729727,168.94649000000004
pdf_53:p1:r17,rec_23789b722f40a4b21db65a37e2c5fe1979af96b6408b0598ec366061744f8685,1341,pdf_53,41aaaf3a91961ab9b2dee694f50d9a086d1ad80beffe1b54e81370016a11cb14,data/raw/pdfs/53_พิจิตร.pdf,1,17,25.84252,297.14649,1088.8346429729727,310.44649
pdf_03:p2:r28,rec_c788caa31bba3dded8e120681489b131e6d57785ed47e4d652f508e61a83e522,1342,pdf_03,7dd9e7f51732791c63183067d85d18d20f856edf0c2dff89dbda84d866df2d62,data/raw/pdfs/03_นนทบุรี.pdf,2,28,25.84252,398.44255999999996,1088.8346404878048,411.74256
pdf_02:p1:r34,rec_1d54e8d326e322863d15ab900754f35679c318d30187cdbfd876caf39382817f,1343,pdf_02,368a15805d33fb210ed50297795f7f50bf822054e05b59bf71bfa25bee0f3a3c,data/raw/pdfs/02_สมุทรปราการ.pdf,1,34,25.84252,514.74649,1088.8346429729727,528.04649
pdf_68:p2:r33,rec_b8af5e8b7e90d4205a280d283d197ed343ccbec4ed7e42234d6160adbd336e0f,1344,pdf_68,3a242476c7c0c82cd6f78455b9ca30a8d8e875f3ae38090ae0fd5fb12805c593,data/raw/pdfs/68_ระนอง.pdf,2,33,25.84252,464.94255999999996,1088.8346404878048,478.24256
pdf_53:p2:r4,rec_75ad0358bebb08fd2a4e30281c4608b0d9bbbc2c1153065dafb03b44845b18e3,1345,pdf_53,41aaaf3a91961ab9b2dee694f50d9a086d1ad80beffe1b54e81370016a11cb14,data/raw/pdfs/53_พิจิตร.pdf,2,4,25.84252,79.24259999999997,1088.834638181818,92.5426
pdf_28:p1:r7,rec_8526afab6c3a823cb3f5ddf0200f47856afbbd5d5002e426d932269411df05ba,1346,pdf_28,38e1a8d128ab928dd0bef117c9dbaa8191aea027adc2dae9137f68937f31d040,data/raw/pdfs/28_ขอนแก่น.pdf,1,7,25.84252,155.64648999999997,1088.8346429729727,168.94649000000004
pdf_57:p2:r18,rec_b0c82c85a343d4007182f43d4ab270e68265aef9c0a23f185e079ca150c88573,1347,pdf_57,9b6f57faac860a1339f68519b1b756d3ef34cc2ccd4962f5e15b78600e7c9112,data/raw/pdfs/57_สุพรรณบุรี.pdf,2,18,25.84252,265.44255999999996,1088.8346404878048,278.74255999999997
pdf_72:p1:r32,rec_7a4fccbd5b2f66dcbe987391c9ef0257d2fb5c04bc8c190343b77a3b29da2013,1348,pdf_72,04f947c56ddf01a73b376cdbb3099e393f9141fff3fec2504b9e031114606073,data/raw/pdfs/72_ตรัง.pdf,1,32,25.84252,488.14649,1088.8346429729727,501.44649
pdf_19:p1:r30,rec_b86d5bf8d32b0ac16fdd6b524b86656764bd6c2c232a3c7276654af09eece5fa,1349,pdf_19,2fbc685c790d957bd597a9ae4cbc69a07dacbb20cab611015cf1ce2eecd5982c,data/raw/pdfs/19_นครราชสีมา.pdf,1,30,25.84252,470.04649,1088.8346429729727,483.34649
pdf_06:p2:r7,rec_9f306aac716fce2000392de23389b6e42701809a5385097179d96e6a7423386e,1350,pdf_06,03acf167c8c7dcc3b7e6ccbd9afcaa05e3b5157df416e00c1b7e146d91880d3c,data/raw/pdfs/06_อ่างทอง.pdf,2,7,25.84252,119.14259999999994,1088.8346109999998,132.44259999999997
pdf_23:p2:r7,rec_1170fb2ef8cf4418c59f14d363437a93ae76a79ad027c1696cc31088ae005cce,1351,pdf_23,771338278a591f8b5dfd252a64922234ef0d7071b6e6cd32beb2341668023e47,data/raw/pdfs/23_อุบลราชธานี.pdf,2,7,25.84252,119.14255999999996,1088.8346404878048,132.44255999999996
pdf_31:p1:r1,rec_f0381915e6d5c69109a53206839a9eddd368a5f2371555611fa1d62493d140c0,1352,pdf_31,f1a10c3940792a9b882ab08acb2b2394c5009faa4f9334ce940cf44438cf5d54,data/raw/pdfs/31_หนองคาย.pdf,1,1,25.84252,75.84648999999996,1088.834642352941,89.14648999999997
pdf_19:p3:r24,rec_96a431ccdc8c96b8eec2262ada4a73231891e0ab4385708046edd2752139ee5b,1353,pdf_19,2fbc685c790d957bd597a9ae4cbc69a07dacbb20cab611015cf1ce2eecd5982c,data/raw/pdfs/19_นครราชสีมา.pdf,3,24,25.84252,345.24256,1088.8346404878048,358.54256
pdf_28:p2:r5,rec_54584033701ab3bc27aa159965528ea6a959375e090fc3b3b3189af4d9b8b89e,1354,pdf_28,38e1a8d128ab928dd0bef117c9dbaa8191aea027adc2dae9137f68937f31d040,data/raw/pdfs/28_ขอนแก่น.pdf,2,5,25.84252,92.5426,1088.8346199999999,105.84259999999999
pdf_69:p1:r16,rec_b9a21ddf2f2f64e17f0c141ac2d23333e649c49715db19d774f4534292442601,1355,pdf_69,769b283c00d83344280df884874571c2a99d89f78de64644b43bf9c6a108efa4,data/raw/pdfs/69_ชุมพร.pdf,1,16,25.84252,275.34649,1088.8346429729727,288.64649
pdf_38:p1:r27,rec_c2bfe4023a44c7ba8d3e5e9d8c5bb19b718ed5e3ad329063df70665f7f0f489d,1356,pdf_38,462a1c486a501887e4446ef7e812041c7d158ab4442235b85572d4a89fd7f492,data/raw/pdfs/38_เชียงใหม่.pdf,1,27,25.84252,421.64649,1088.8346429729727,434.94649
pdf_57:p1:r9,rec_678405f9c4fd132619792260d40711b358ff7e78360645b499967698ca24411e,1357,pdf_57,9b6f57faac860a1339f68519b1b756d3ef34cc2ccd4962f5e15b78600e7c9112,data/raw/pdfs/57_สุพรรณบุรี.pdf,1,9,25.84252,182.24649,1088.8346429729727,195.54648999999995
pdf_02:p1:r13,rec_a32f526ad0159c078d261c3d0920ed5e7fc337e5697d9f8a88051ae40d8092a1,1358,pdf_02,368a15805d33fb210ed50297795f7f50bf822054e05b59bf71bfa25bee0f3a3c,data/raw/pdfs/02_สมุทรปราการ.pdf,1,13,25.84252,235.44649000000004,1088.8346429729727,248.74649
pdf_38:p1:r20,rec_ed6e19efccd786a63f3eee472531baec3e9640ba23da109a6032ed40059cf27e,1359,pdf_38,462a1c486a501887e4446ef7e812041c7d158ab4442235b85572d4a89fd7f492,data/raw/pdfs/38_เชียงใหม่.pdf,1,20,25.84252,328.54649,1088.8346429729727,341.84649
pdf_10:p1:r8,rec_a879bac432fa8cb937208d2cbd4089907391b6f693da6e61f16622f89a112f0d,1360,pdf_10,5e0a433bc2cc307479a32d344bf5b0b4f006af0a3d0ccc1493fb587c885896c1,data/raw/pdfs/10_สระบุรี.pdf,1,8,25.84252,168.94649000000004,1088.8346429729727,182.24649
pdf_48:p1:r6,rec_5314fc01e0a6423e40fd9db50eacfd7f25c8c2b1a6e699dc0084416adaa911a7,1361,pdf_48,4ace8fb0ec02d2b1aa95432a9b9e883581d60aba88879e64923cce23b14c3f06,data/raw/pdfs/48_อุทัยธานี.pdf,1,6,25.842519999999997,142.3465,1088.8346376190475,155.64649999999997
pdf_36:p1:r20,rec_ebb5e3bd42bcb83d28f490c78176fe8f9920ee7a1f47537a7b017c2b9d0cb802,1362,pdf_36,e5624d419ac85611ac4b3fe0a27d6bfa73a7b474d5b0ee2a6b1a7b64f4783d70,data/raw/pdfs/36_นครพนม.pdf,1,20,25.84252,328.54649,1088.8346429729727,341.84649
pdf_76:p2:r14,rec_f5000b4547cac9e934ad401aff4263340a6e361d1ece6d51a7401ed724497bca,1363,pdf_76,474bb90a38c020bbc86d90180af2b062867ed6a1db6999d709acff810fd5d84d,data/raw/pdfs/76_นราธิวาส.pdf,2,14,25.84252,212.24260000000004,1088.8346369999997,225.5426
pdf_04:p1:r28,rec_3389b0958e4f8893a901ab1cfab4c02c4d0cab596bfaffc6e75a8399644cd74b,1364,pdf_04,83861a2a02db33dda27703227bb90cd50ba1b9144123e42912f926c1d1043c39,data/raw/pdfs/04_ปทุมธานี.pdf,1,28,25.84252,434.94649,1088.8346429729727,448.24649
pdf_23:p1:r6,rec_49111519b6c2c2c3906bda5b4f835d5745f6042b04e2d8298b9a0b0d547063a2,1365,pdf_23,771338278a591f8b5dfd252a64922234ef0d7071b6e6cd32beb2341668023e47,data/raw/pdfs/23_อุบลราชธานี.pdf,1,6,25.84252,150.84649000000002,1088.8346429729727,164.14648999999997
pdf_04:p2:r4,rec_70ebfaed985dea889ccf788789cb6ddbc6afed6c7d6e61aa8103abb6f570e51f,1366,pdf_04,83861a2a02db33dda27703227bb90cd50ba1b9144123e42912f926c1d1043c39,data/raw/pdfs/04_ปทุมธานี.pdf,2,4,25.84252,79.24255999999997,1088.8346404878048,92.54255999999998
pdf_02:p2:r19,rec_f52511e5456e8ee0f78c849a582dfc1ff44cd0f0d1f3f81dd06896a277d48574,1367,pdf_02,368a15805d33fb210ed50297795f7f50bf822054e05b59bf71bfa25bee0f3a3c,data/raw/pdfs/02_สมุทรปราการ.pdf,2,19,25.84252,278.74255999999997,1088.8346404878048,292.04256
pdf_69:p2:r29,rec_72bb683eb6bb091f392109aa66af87f1fd0a16e5e1c2d69bbf22d8b6e42b3b42,1368,pdf_69,769b283c00d83344280df884874571c2a99d89f78de64644b43bf9c6a108efa4,data/raw/pdfs/69_ชุมพร.pdf,2,29,25.84252,411.74256,1088.8346404878048,425.04256
pdf_13:p1:r11,rec_7ad689f602ffc9f1e96e7584b8301b218a91860ec56cd661ae31eecc59b63d43,1369,pdf_13,b20ef2b0fb7767955210435e1f38c72a82bb812eb8d831b1ac9a4d227b8a8454,data/raw/pdfs/13_จันทบุรี.pdf,1,11,25.84252,208.84650000000002,1088.8346326666665,222.14649999999992
pdf_69:p2:r22,rec_c6c911bafcfad5931237c8a4fd998db012c73acb716e3351e2d8ec0757d1f244,1370,pdf_69,769b283c00d83344280df884874571c2a99d89f78de64644b43bf9c6a108efa4,data/raw/pdfs/69_ชุมพร.pdf,2,22,25.84252,318.64256,1088.8346404878048,331.94255999999996
pdf_43:p1:r3,rec_0c24563da8577cd1f16ddff657422ab9ca086b8088a15abd3b3e37ebad4beecc,1371,pdf_43,edb270fe62c998ddd1ab10ecfe3b80a9ebcafcd12ad7a426b34c631deae32c4f,data/raw/pdfs/43_น่าน.pdf,1,3,25.842519999999997,110.94650000000001,1088.834628333333,124.24649999999997
pdf_53:p2:r1,rec_f79fe5ab52620b5f7ba57ba3527e53c89d2e2ab4edb30707894d0d7b8f1b8110,1372,pdf_53,41aaaf3a91961ab9b2dee694f50d9a086d1ad80beffe1b54e81370016a11cb14,data/raw/pdfs/53_พิจิตร.pdf,2,1,25.84252,39.34259999999995,1088.834638181818,52.642600000000016
pdf_56:p1:r25,rec_5b3d017ca2b1543f888d76a712627d9fb02aa5dbd84aeff1512cb8d9e6baf592,1373,pdf_56,f0ce416ab9d3f527c2052960422068d0564c2b8833f2a75d05cab7aa8280b0d5,data/raw/pdfs/56_กาญจนบุรี.pdf,1,25,25.84252,395.04649,1088.8346429729727,408.34649
pdf_59:p1:r10,rec_57478a310592d9a72096713007b423ae1376042c6b79b1f6003f6d906032a569,1374,pdf_59,0c5827ab1fffa2ec0689a95405ee8640473ea428f18b199f44d2f71d4f366ad8,data/raw/pdfs/59_สมุทรสาคร.pdf,1,10,25.84252,195.54648999999995,1088.8346429729727,208.84649
pdf_25:p1:r35,rec_3e2567840668a509977b3f2ab366632946bebaa151bf9d42ffa111fb0fcc9859,1375,pdf_25,0155bd151db06d789a16df2bc6422d9237698f7f38d57991cc1ab60bcb86601c,data/raw/pdfs/25_ชัยภูมิ.pdf,1,35,25.84252,528.04649,1088.8346429729727,541.3464899999999
pdf_12:p1:r8,rec_2636a4d9dd46d947c2f746ffc287fe0025f8064c16eda6f2c710a0f034dad174,1376,pdf_12,a807bf56c3fc6df739b3c4e072038fd3824bd793ca3bbc711cf4169e5e81ff9c,data/raw/pdfs/12_ระยอง.pdf,1,8,25.84252,168.94649000000004,1088.8346429729727,182.24649
pdf_31:p1:r5,rec_387738903a8aea0c924c4247ee8e5aa2ebb289c5b5de80ff0af535fe0381af35,1377,pdf_31,f1a10c3940792a9b882ab08acb2b2394c5009faa4f9334ce940cf44438cf5d54,data/raw/pdfs/31_หนองคาย.pdf,1,5,25.84252,129.04649,1088.834642352941,142.34649
pdf_07:p2:r19,rec_49a37602cc8796a5a330413ee74133495aaeb98edb79e42042d5bc1ec915f9ef,1378,pdf_07,f00681093e03a60a87dbc3834edae199fd055d6366406e456741ffd059ff3b05,data/raw/pdfs/07_ลพบุรี.pdf,2,19,25.84252,278.74255999999997,1088.8346404878048,292.04256
pdf_57:p2:r30,rec_498392ff64d57a38c325c1c4dbfb31125b1528ee936347ea5c0671553974f74f,1379,pdf_57,9b6f57faac860a1339f68519b1b756d3ef34cc2ccd4962f5e15b78600e7c9112,data/raw/pdfs/57_สุพรรณบุรี.pdf,2,30,25.84252,425.04256,1088.8346404878048,438.34255999999993
pdf_10:p1:r27,rec_2005ee65cf4be7f60e49a1a36250a8928aee38708f31421ffc69c7ed9e3bce4b,1380,pdf_10,5e0a433bc2cc307479a32d344bf5b0b4f006af0a3d0ccc1493fb587c885896c1,data/raw/pdfs/10_สระบุรี.pdf,1,27,25.84252,421.64649,1088.8346429729727,434.94649
pdf_73:p1:r16,rec_e8f79f7f86880b43672616d9c7c75f40959cf7df9f3835a5cc834e79388aa381,1381,pdf_73,8a9a8b1fb9d81eb7f2d76afa1f886621ea38587fc4c60902bc317398649ff90e,data/raw/pdfs/73_พัทลุง.pdf,1,16,25.84252,283.84649,1088.8346429729727,297.14649
pdf_11:p2:r6,rec_9d092910f53976382578ea0d1581d79dc007a826a6b7644f52c39132f16b95d8,1382,pdf_11,3638acfefe295becff8609b6ee16edeea0914e518d215754813661f1c0a3f79b,data/raw/pdfs/11_ชลบุรี.pdf,2,6,25.84252,105.84256,1088.8346404878048,119.14255999999996
pdf_59:p2:r12,rec_e6b3c16d05489d9f3d80e069f5e0ddb14500e5dfb408f90758383c7df30a4f64,1383,pdf_59,0c5827ab1fffa2ec0689a95405ee8640473ea428f18b199f44d2f71d4f366ad8,data/raw/pdfs/59_สมุทรสาคร.pdf,2,12,25.84252,185.64255999999995,1088.8346404878048,198.94255999999996
pdf_68:p3:r13,rec_64f7e3223c798a8a13f5a89544f86ee8aa2621fdcf77969dc80a5d87bab18bc9,1384,pdf_68,3a242476c7c0c82cd6f78455b9ca30a8d8e875f3ae38090ae0fd5fb12805c593,data/raw/pdfs/68_ระนอง.pdf,3,13,25.842519999999997,198.94260000000003,1088.8346337499997,212.24260000000004
pdf_58:p1:r29,rec_129715a79262e1766b4e54015ca0eec871ca06a8c1a7a10c1344ed1cc4992620,1385,pdf_58,8ff0dc3c9fe92f1cc2721c37fe35cfcc653ad17ca531672dc94686e7776d35a5,data/raw/pdfs/58_นครปฐม.pdf,1,29,25.84252,448.24649,1088.8346429729727,461.54649
pdf_04:p2:r26,rec_65ae2b960d3ec96d3bc849bc6fe22c8f457512e8d3cc7a6e97af8d7c2ef3c75a,1386,pdf_04,83861a2a02db33dda27703227bb90cd50ba1b9144123e42912f926c1d1043c39,data/raw/pdfs/04_ปทุมธานี.pdf,2,26,25.84252,371.84256,1088.8346404878048,385.14256
pdf_67:p5:r5,rec_bb38562da4b32f7163218818ba0e482a1d4ad22e70962b6c1bce4f1c68df530b,1387,pdf_67,b66fc9f9229750b7a04c0e5c07c072d77eb0800ed604da819fb28b6c4a75a636,data/raw/pdfs/67_สุราษฎร์ธานี.pdf,5,5,25.84252,92.54255999999998,1088.8346404878048,105.84256
pdf_59:p2:r28,rec_7f0abeced4df46e37463efba7e48b5f28eade81c602967e2ecf1bfa65309efb7,1388,pdf_59,0c5827ab1fffa2ec0689a95405ee8640473ea428f18b199f44d2f71d4f366ad8,data/raw/pdfs/59_สมุทรสาคร.pdf,2,28,25.84252,398.44255999999996,1088.8346404878048,411.74256
pdf_04:p5:r9,rec_0f7a1ab5b826024b1a24b639e09a6599939712ebccfe2143702c5606a48f6f89,1389,pdf_04,83861a2a02db33dda27703227bb90cd50ba1b9144123e42912f926c1d1043c39,data/raw/pdfs/04_ปทุมธานี.pdf,5,9,25.84252,145.74259999999998,1088.8346388571426,159.0426
pdf_02:p3:r5,rec_becb8fac0496cb0c80fa5540cead345fb1eeeebaf45083bd15d4e2d6da5c876f,1390,pdf_02,368a15805d33fb210ed50297795f7f50bf822054e05b59bf71bfa25bee0f3a3c,data/raw/pdfs/02_สมุทรปราการ.pdf,3,5,25.84252,92.5426,1088.8346343999997,105.84259999999999
pdf_21:p1:r11,rec_4028e98551439d88b3488fd19c5386a482daf6728e06b069f03d98393d144f61,1391,pdf_21,30de42d8df83af320948c083353a9109256e5f6ce057c8d941902c86bbb645dd,data/raw/pdfs/21_สุรินทร์.pdf,1,11,25.84252,208.84650000000002,1088.8346369999997,222.14649999999992
pdf_12:p2:r11,rec_141ad68ceb46e378b5c9b062381bb76ca3d431eff11426e85547b558b7ec41ff,1392,pdf_12,a807bf56c3fc6df739b3c4e072038fd3824bd793ca3bbc711cf4169e5e81ff9c,data/raw/pdfs/12_ระยอง.pdf,2,11,25.842520000000004,172.3426,1088.8346355555555,185.64260000000002
pdf_58:p1:r32,rec_a067397801362ee9f3b787fe474fbbdd620626ad7f057d68cbb37084cf166a53,1393,pdf_58,8ff0dc3c9fe92f1cc2721c37fe35cfcc653ad17ca531672dc94686e7776d35a5,data/raw/pdfs/58_นครปฐม.pdf,1,32,25.84252,488.14649,1088.8346429729727,501.44649
pdf_69:p2:r16,rec_0390e2ed2d7d6d55657c95242f5931ecd57c5ef540a4e85fe21bb504c064ff02,1394,pdf_69,769b283c00d83344280df884874571c2a99d89f78de64644b43bf9c6a108efa4,data/raw/pdfs/69_ชุมพร.pdf,2,16,25.84252,238.84256,1088.8346404878048,252.14255999999995
pdf_32:p1:r15,rec_b5031e4b5650a37b1495dc3dfcc2e4dd357b9099798a575c30c755dc3836dfe2,1395,pdf_32,b00581f42f40b25ff4c6be7ad8e530fc1306844ad3bb673079384b891a4190e5,data/raw/pdfs/32_มหาสารคาม.pdf,1,15,25.84252,262.0465,1088.8346399999998,275.3465
pdf_16:p1:r23,rec_d9d3d94625225dcd3f29075fad8d8fd9246f04aea73c41d4b3883c95b02a2fc5,1396,pdf_16,7b893a3f02630b40240d0242410f662e3fe91d8d5ea2449991bba89e89a89ea4,data/raw/pdfs/16_ปราจีนบุรี.pdf,1,23,25.84252,368.44649,1088.8346429729727,381.74649
pdf_15:p1:r7,rec_4dd844c05cbc1631a9983b84f823ddf35cbbe34851f7f2157be5fe385e7ee834,1397,pdf_15,bf99cdf12418fcdc90b3c1c739fd4e7e09ca40818852ca43bcd1c3284b3cf084,data/raw/pdfs/15_ฉะเชิงเทรา.pdf,1,7,25.84252,155.64648999999997,1088.8346429729727,168.94649000000004
pdf_64:p1:r22,rec_35a7bcbf6fc1af6e56b2f263b7623d9b7899942ffa064219d3493de25b2c8a2f,1398,pdf_64,a4e4abc03757d1e14ce1bfb2e426567faeea8fce3152123821e712496872240e,data/raw/pdfs/64_กระบี่.pdf,1,22,25.84252,355.14649,1088.8346429729727,368.44649
pdf_49:p1:r2,rec_d56b1d6688aaf3f2288a65234cd84df21973a379002506287bab49c9cc09fb89,1399,pdf_49,6ada8eb27a34993420ed8c6db69aa4ae13ff4283abdb43b9d76a05d6794f6a27,data/raw/pdfs/49_กำแพงเพชร.pdf,1,2,25.84252,89.14648999999997,1088.8346429729727,102.44649000000004
pdf_68:p2:r24,rec_a7ffe8389699058efe2b96dd7dcbf6d5a40dd85666a7fde341dcda49f8f2f6b8,1400,pdf_68,3a242476c7c0c82cd6f78455b9ca30a8d8e875f3ae38090ae0fd5fb12805c593,data/raw/pdfs/68_ระนอง.pdf,2,24,25.84252,345.24256,1088.8346404878048,358.54256
pdf_04:p4:r4,rec_3fbc04c32aaad7d390110e34aa5096a45406ebd16edebfa07bce8770eef6411e,1401,pdf_04,83861a2a02db33dda27703227bb90cd50ba1b9144123e42912f926c1d1043c39,data/raw/pdfs/04_ปทุมธานี.pdf,4,4,25.84252,79.24255999999997,1088.8346404878048,92.54255999999998
pdf_09:p1:r6,rec_362ebbed76bbe4f188a076ba0d1b859125f8885dedb0373b85ecebd601897898,1402,pdf_09,1912b318a38a3716d462ae8461062b50db721b56bb5dcac725c184bafd97be54,data/raw/pdfs/09_ชัยนาท.pdf,1,6,25.84252,142.3465,1088.8346395999997,155.6465
pdf_15:p2:r28,rec_a9ca961618ef3f40eb7e4cf8da942c58b761f4994c39e0ae18dede8ec891111b,1403,pdf_15,bf99cdf12418fcdc90b3c1c739fd4e7e09ca40818852ca43bcd1c3284b3cf084,data/raw/pdfs/15_ฉะเชิงเทรา.pdf,2,28,25.84252,398.44255999999996,1088.8346404878048,411.74256
pdf_05:p1:r7,rec_629aff132c8b48b083645a812ad97b17be6178257bd8e10f4fd96134e9da01fd,1404,pdf_05,ae1ba5ac5ef768c29045f4282a9047c71474a8d654003bfa51574874b3f415fc,data/raw/pdfs/05_พระนครศรีอยุธยา.pdf,1,7,25.84252,155.64648999999997,1088.8346429729727,168.94649000000004
pdf_69:p1:r17,rec_8592d0f79b4551fb559912c84474cce69603a24d1669450d50994426815d6819,1405,pdf_69,769b283c00d83344280df884874571c2a99d89f78de64644b43bf9c6a108efa4,data/raw/pdfs/69_ชุมพร.pdf,1,17,25.84252,288.64649,1088.8346429729727,301.94649
pdf_36:p1:r4,rec_63c46fedaf0fd6a415fcd4b9011cb745c4f26eb35fe0c59ce9ab002f4397c7b5,1406,pdf_36,e5624d419ac85611ac4b3fe0a27d6bfa73a7b474d5b0ee2a6b1a7b64f4783d70,data/raw/pdfs/36_นครพนม.pdf,1,4,25.84252,115.74649,1088.8346429729727,129.04648999999995
pdf_61:p1:r11,rec_53a2aefb2b1fd1598523e2687f04b67a5efd5e1b6f6e124a305e95a9b685e493,1407,pdf_61,6dda18b7ffb9a73296045d0dd81965bec27f7cbccc7ef862c8bf458d206599e2,data/raw/pdfs/61_เพชรบุรี.pdf,1,11,25.84252,208.84650000000002,1088.834638181818,222.1465
pdf_54:p2:r9,rec_ae778d114d7f557fe94d553d1d8e1dc846098ae831990524b7d35ae070860142,1408,pdf_54,884b1d2d94fff12fa64928c8a22df877265f50fbc00dfcb61f5a4636dd1c14c8,data/raw/pdfs/54_เพชรบูรณ์.pdf,2,9,25.84252,145.74255999999997,1088.8346404878048,159.04255999999998
pdf_15:p1:r16,rec_179a8965440bdc57646a6d3a3b320d32c1dac65ec48ba516ecd0b2aa30510d52,1409,pdf_15,bf99cdf12418fcdc90b3c1c739fd4e7e09ca40818852ca43bcd1c3284b3cf084,data/raw/pdfs/15_ฉะเชิงเทรา.pdf,1,16,25.84252,275.34649,1088.8346429729727,288.64649
pdf_04:p1:r29,rec_217448d736bdd88266cef4fc6e5cdc1d2f53a0e83997e14174f5e1347d6ed4f9,1410,pdf_04,83861a2a02db33dda27703227bb90cd50ba1b9144123e42912f926c1d1043c39,data/raw/pdfs/04_ปทุมธานี.pdf,1,29,25.84252,448.24649,1088.8346429729727,461.54649
pdf_19:p2:r9,rec_b47515d3cdf13d45fc5ee2fa2f03048d4a87d3e968fb9b727d22def87d1b3eab,1411,pdf_19,2fbc685c790d957bd597a9ae4cbc69a07dacbb20cab611015cf1ce2eecd5982c,data/raw/pdfs/19_นครราชสีมา.pdf,2,9,25.84252,145.74255999999997,1088.8346404878048,159.04255999999998
pdf_59:p3:r2,rec_b26c029a62ba4eac34bacbfc121174b826e0477cf4002c0206e2f9ba95e73a39,1412,pdf_59,0c5827ab1fffa2ec0689a95405ee8640473ea428f18b199f44d2f71d4f366ad8,data/raw/pdfs/59_สมุทรสาคร.pdf,3,2,25.84252,52.642600000000016,1088.8346109999998,65.94259999999997
pdf_16:p1:r6,rec_c069e577c1f2c818a8396faa9066fc694aac5fe0ce63c72eddf1e876d073fc20,1413,pdf_16,7b893a3f02630b40240d0242410f662e3fe91d8d5ea2449991bba89e89a89ea4,data/raw/pdfs/16_ปราจีนบุรี.pdf,1,6,25.84252,142.34649000000002,1088.8346429729727,155.64648999999997
pdf_38:p1:r1,rec_1c1e11ca8789c7b510b02d1d2ea4c4dfa1666c574b72b27d76b2f7ad0cbd2ccf,1414,pdf_38,462a1c486a501887e4446ef7e812041c7d158ab4442235b85572d4a89fd7f492,data/raw/pdfs/38_เชียงใหม่.pdf,1,1,25.84252,75.84649000000002,1088.8346429729727,89.14648999999997
pdf_52:p2:r4,rec_1d15e442c12b6a8bfd392ad008269e1ec66b6745407ab68212365c314766a77a,1415,pdf_52,9cb0d6cf6dff8fc890e8435c67310ba7051a6c49c0a0cbb9b817f49c8ece0551,data/raw/pdfs/52_พิษณุโลก.pdf,2,4,25.84252,79.24259999999998,1088.834594285714,92.5426
pdf_54:p2:r25,rec_ee3a8951d3dac1383e51542882011c5d26bcb825772cdc859453c8abcc3e8cd0,1416,pdf_54,884b1d2d94fff12fa64928c8a22df877265f50fbc00dfcb61f5a4636dd1c14c8,data/raw/pdfs/54_เพชรบูรณ์.pdf,2,25,25.84252,358.54256,1088.8346404878048,371.84256
pdf_04:p5:r26,rec_2ccd88a904fbab363e2f55af11756d787f0785cbd9928f50d1fc550df1a8f365,1417,pdf_04,83861a2a02db33dda27703227bb90cd50ba1b9144123e42912f926c1d1043c39,data/raw/pdfs/04_ปทุมธานี.pdf,5,26,25.84252,371.8426,1088.8346388571426,385.1426
pdf_57:p1:r3,rec_cb20e140874c6348fc328ce253e81266200bb362c9f105952141233b06453812,1418,pdf_57,9b6f57faac860a1339f68519b1b756d3ef34cc2ccd4962f5e15b78600e7c9112,data/raw/pdfs/57_สุพรรณบุรี.pdf,1,3,25.84252,102.44649000000004,1088.8346429729727,115.74649
pdf_10:p2:r2,rec_e0fed2e0ade1b12c83f50ee97a91d4b0925e5ec7494e93969578c134c8b1fb18,1419,pdf_10,5e0a433bc2cc307479a32d344bf5b0b4f006af0a3d0ccc1493fb587c885896c1,data/raw/pdfs/10_สระบุรี.pdf,2,2,25.84252,52.64256,1088.8346404878048,65.94255999999996
pdf_27:p1:r17,rec_f3cc1363248ce66b7c9fd39ac4cf138e490204985ba95a125abb0ae5e26c59a3,1420,pdf_27,bf545cbe9d19aa5a22880cf18f4484776d7d3e1348605d1451dfe7147ed85334,data/raw/pdfs/27_หนองบัวลำภู.pdf,1,17,25.84252,288.64649,1088.8346429729727,301.94649
pdf_19:p1:r31,rec_a47e6f77b9d322f5d897279f3b9adc28c0c25af83fd5d71073ba76b1b960e920,1421,pdf_19,2fbc685c790d957bd597a9ae4cbc69a07dacbb20cab611015cf1ce2eecd5982c,data/raw/pdfs/19_นครราชสีมา.pdf,1,31,25.84252,483.34649,1088.8346429729727,496.64649
pdf_19:p3:r30,rec_ebe827364153dd4726162aa79bcfba7fc7cf3b2b219c42cc310b341e00bd8fd3,1422,pdf_19,2fbc685c790d957bd597a9ae4cbc69a07dacbb20cab611015cf1ce2eecd5982c,data/raw/pdfs/19_นครราชสีมา.pdf,3,30,25.84252,425.04256,1088.8346404878048,438.34255999999993
pdf_54:p1:r21,rec_3a59397611b5d98f6666050af2d996d749d6c10fcd5e7be5a46569e01de1114a,1423,pdf_54,884b1d2d94fff12fa64928c8a22df877265f50fbc00dfcb61f5a4636dd1c14c8,data/raw/pdfs/54_เพชรบูรณ์.pdf,1,21,25.84252,350.34649,1088.8346429729727,363.64649
pdf_03:p3:r26,rec_4c2ecb65f79f5c059a896148e0905154f820d07726db4b6fae1f4c0278323a29,1424,pdf_03,7dd9e7f51732791c63183067d85d18d20f856edf0c2dff89dbda84d866df2d62,data/raw/pdfs/03_นนทบุรี.pdf,3,26,25.84252,371.84256,1088.8346404878048,385.14256
pdf_07:p2:r25,rec_9c4d465cac6d53eff29fd406d0a3e2dfae0299ae84d2264c167dfdf0b7176ade,1425,pdf_07,f00681093e03a60a87dbc3834edae199fd055d6366406e456741ffd059ff3b05,data/raw/pdfs/07_ลพบุรี.pdf,2,25,25.84252,358.54256,1088.8346404878048,371.84256
pdf_54:p2:r12,rec_be7913e7a6ea866ce3e334a196ede23eb2cca0207f8d23142b70e960157980f5,1426,pdf_54,884b1d2d94fff12fa64928c8a22df877265f50fbc00dfcb61f5a4636dd1c14c8,data/raw/pdfs/54_เพชรบูรณ์.pdf,2,12,25.84252,185.64255999999995,1088.8346404878048,198.94255999999996
pdf_10:p3:r3,rec_262fa818e9037d9da4dd0a4d50d484143052167ee022d241c02224a5d961e910,1427,pdf_10,5e0a433bc2cc307479a32d344bf5b0b4f006af0a3d0ccc1493fb587c885896c1,data/raw/pdfs/10_สระบุรี.pdf,3,3,25.842519999999997,65.94259999999997,1088.8346314285711,79.24259999999998
pdf_22:p1:r6,rec_d95b468bfbe8596debdd7b6196fd09f1ff59baa86fae58289c04540853145f44,1428,pdf_22,2695490faf896b9d7501aa7f09b83fc02b29dc6d768bbbf3a99d9138839b7d3e,data/raw/pdfs/22_ศรีสะเกษ.pdf,1,6,25.84252,150.8465,1088.8346395999997,164.1465
pdf_16:p2:r16,rec_7c0e3958445f435d697f76354536b0c0a13586992e9e0330778ce52e6509f916,1429,pdf_16,7b893a3f02630b40240d0242410f662e3fe91d8d5ea2449991bba89e89a89ea4,data/raw/pdfs/16_ปราจีนบุรี.pdf,2,16,25.84252,238.84259999999995,1088.8346365517239,252.14260000000004
pdf_54:p2:r26,rec_cb847665c7772a1706ab4c4a0dc0618f905a5ccd600329fe9931f55006afe97f,1430,pdf_54,884b1d2d94fff12fa64928c8a22df877265f50fbc00dfcb61f5a4636dd1c14c8,data/raw/pdfs/54_เพชรบูรณ์.pdf,2,26,25.84252,371.84256,1088.8346404878048,385.14256
pdf_04:p3:r24,rec_02c18d6567ab0d246b2b976a939e9319a6b856da7c9ae133e9e480659ed1f7d4,1431,pdf_04,83861a2a02db33dda27703227bb90cd50ba1b9144123e42912f926c1d1043c39,data/raw/pdfs/04_ปทุมธานี.pdf,3,24,25.84252,345.24256,1088.8346404878048,358.54256
pdf_19:p4:r20,rec_206d70ad14ad0da1fd5065e6b6ae47ddc6475b61205a6aff81d3601bcb761ae2,1432,pdf_19,2fbc685c790d957bd597a9ae4cbc69a07dacbb20cab611015cf1ce2eecd5982c,data/raw/pdfs/19_นครราชสีมา.pdf,4,20,25.84252,292.04256,1088.8346404878048,305.34256
pdf_66:p2:r5,rec_8f652e9f4bdc917d8dcabaac00fcea7502515d295b3c1a9510398b2e951f84d1,1433,pdf_66,012255400d37e8c732ded7ebc3c018108c8f4aa391112b3f6d6515d21e797ab6,data/raw/pdfs/66_ภูเก็ต.pdf,2,5,25.84252,92.54255999999998,1088.8346404878048,105.84256
pdf_51:p1:r27,rec_744ffa2889738dd1aab067cb34642c691230b68a263fe226392b6fbf3afd4334,1434,pdf_51,380327daf06efde704e25ac9a209c4688b14087a4bcd57b35db44471d39e5199,data/raw/pdfs/51_สุโขทัย.pdf,1,27,25.84252,430.14649,1088.834642352941,443.44649
pdf_38:p1:r16,rec_7089b59a6c3f585b4a21d67bb1e7cd882582ac0b33541b833a497559a7426545,1435,pdf_38,462a1c486a501887e4446ef7e812041c7d158ab4442235b85572d4a89fd7f492,data/raw/pdfs/38_เชียงใหม่.pdf,1,16,25.84252,275.34649,1088.8346429729727,288.64649
pdf_51:p1:r6,rec_b2b2d90cd7ad07be23b19faa99badb846d245a9fda458a69579582c980e174f0,1436,pdf_51,380327daf06efde704e25ac9a209c4688b14087a4bcd57b35db44471d39e5199,data/raw/pdfs/51_สุโขทัย.pdf,1,6,25.84252,150.84649,1088.834642352941,164.14648999999997
pdf_03:p5:r16,rec_ac1db86cddf3fe3c6fd833e7d7cdf4d596a2d034d1bba8d92eed4a0cfe0fabde,1437,pdf_03,7dd9e7f51732791c63183067d85d18d20f856edf0c2dff89dbda84d866df2d62,data/raw/pdfs/03_นนทบุรี.pdf,5,16,25.84252,238.84259999999995,1088.8346391666664,252.14260000000004
pdf_57:p3:r24,rec_75b9adfc49e24022f270c025e1c5d6279e94510b20f41b0695a3877f12108110,1438,pdf_57,9b6f57faac860a1339f68519b1b756d3ef34cc2ccd4962f5e15b78600e7c9112,data/raw/pdfs/57_สุพรรณบุรี.pdf,3,24,25.84252,345.24256,1088.8346404878048,358.54256
pdf_05:p2:r26,rec_f24e5a20192d4b7e431d8b5da1cca8f84d204a5084fe3eae8e93419a4fdf6e6a,1439,pdf_05,ae1ba5ac5ef768c29045f4282a9047c71474a8d654003bfa51574874b3f415fc,data/raw/pdfs/05_พระนครศรีอยุธยา.pdf,2,26,25.84252,371.84256,1088.8346404878048,385.14256
pdf_64:p2:r35,rec_a4c947d7f00f48bcef0db310366550ffc2c395b6472277acc34fd063d46e9b0c,1440,pdf_64,a4e4abc03757d1e14ce1bfb2e426567faeea8fce3152123821e712496872240e,data/raw/pdfs/64_กระบี่.pdf,2,35,25.84252,491.54256,1088.8346404878048,504.84255999999993
pdf_67:p2:r29,rec_27585c6d77030194d312e3d797bd4f247876ba387040a9071b2ff657e8ef95f2,1441,pdf_67,b66fc9f9229750b7a04c0e5c07c072d77eb0800ed604da819fb28b6c4a75a636,data/raw/pdfs/67_สุราษฎร์ธานี.pdf,2,29,25.84252,411.74256,1088.8346404878048,425.04256
pdf_12:p1:r2,rec_3a9bf3973137d5b78bb57bb56c2c999ababf65c3cfe78112fff82c647bbb05e2,1442,pdf_12,a807bf56c3fc6df739b3c4e072038fd3824bd793ca3bbc711cf4169e5e81ff9c,data/raw/pdfs/12_ระยอง.pdf,1,2,25.84252,89.14648999999997,1088.8346429729727,102.44649000000004
pdf_04:p5:r27,rec_9aedc6a78ba44163af990677f038a407b754f44f817194a28dfb748dfa9e0bf5,1443,pdf_04,83861a2a02db33dda27703227bb90cd50ba1b9144123e42912f926c1d1043c39,data/raw/pdfs/04_ปทุมธานี.pdf,5,27,25.84252,385.1426,1088.8346388571426,398.44259999999997
pdf_67:p5:r24,rec_b700a9095531d38d24fcbbf22e5cf6b5911183a2ebd127f290f271b612915b56,1444,pdf_67,b66fc9f9229750b7a04c0e5c07c072d77eb0800ed604da819fb28b6c4a75a636,data/raw/pdfs/67_สุราษฎร์ธานี.pdf,5,24,25.84252,345.24256,1088.8346404878048,358.54256
pdf_47:p1:r9,rec_a715e525fddc4268766589345796fd019e46c5a4f85d466cd987af7de8f4d3e5,1445,pdf_47,365b7fdb0bc54f527416d61502059d02cd2aaa1ed2d3600907d80b79987b64c8,data/raw/pdfs/47_นครสวรรค์.pdf,1,9,25.84252,182.24649999999997,1088.8346326666665,195.54649999999998
pdf_70:p2:r10,rec_dd67291bfc29374cff4ea94eb6468f1e920206dfe560be4214083315ca5a3e55,1446,pdf_70,dd0c8cec48b7f0994639864765a097630785c0e22135d674cb3057f22c0f80ab,data/raw/pdfs/70_สงขลา.pdf,2,10,25.84252,159.0426,1088.8346391666664,172.3426
pdf_68:p3:r14,rec_06b75ea5244f3ffe26808e2a0545c38839cd0f0f4cb04a7d2ec8f7657de5109a,1447,pdf_68,3a242476c7c0c82cd6f78455b9ca30a8d8e875f3ae38090ae0fd5fb12805c593,data/raw/pdfs/68_ระนอง.pdf,3,14,25.842519999999997,212.24260000000004,1088.8346337499997,225.5426
pdf_12:p2:r12,rec_459fd7074fbd83b8c40baf1328b9e6c22c714b3fb9e85cc23ef705bead2e1215,1448,pdf_12,a807bf56c3fc6df739b3c4e072038fd3824bd793ca3bbc711cf4169e5e81ff9c,data/raw/pdfs/12_ระยอง.pdf,2,12,25.842520000000004,185.64260000000002,1088.8346355555555,198.94259999999997
pdf_16:p1:r17,rec_46fdddc36f5c54219748ea8bd20f8130fb09135c6d40f0c901ffb5824ef959ba,1449,pdf_16,7b893a3f02630b40240d0242410f662e3fe91d8d5ea2449991bba89e89a89ea4,data/raw/pdfs/16_ปราจีนบุรี.pdf,1,17,25.84252,288.64649,1088.8346429729727,301.94649
pdf_23:p1:r26,rec_8400b81e4c62ec5c04d926af317ad8eae131ac4846a9da379a2b54673ac74605,1450,pdf_23,771338278a591f8b5dfd252a64922234ef0d7071b6e6cd32beb2341668023e47,data/raw/pdfs/23_อุบลราชธานี.pdf,1,26,25.84252,416.84649,1088.8346429729727,430.14649
pdf_69:p2:r30,rec_7f84a562b4cea64f3e6a8d653a7c84fb202613bbf6b02e387cca6b090a90e231,1451,pdf_69,769b283c00d83344280df884874571c2a99d89f78de64644b43bf9c6a108efa4,data/raw/pdfs/69_ชุมพร.pdf,2,30,25.84252,425.04256,1088.8346404878048,438.34255999999993
pdf_23:p2:r8,rec_df7098b3b6831b6087420d6e88f30a2f593f8cbe3fabafe4e89817a12042bc76,1452,pdf_23,771338278a591f8b5dfd252a64922234ef0d7071b6e6cd32beb2341668023e47,data/raw/pdfs/23_อุบลราชธานี.pdf,2,8,25.84252,132.44255999999996,1088.8346404878048,145.74255999999997
pdf_47:p1:r6,rec_aaf3a9b158532f28c3e56f5af12a02aa53e6f7cd914115730f34122e183693a4,1453,pdf_47,365b7fdb0bc54f527416d61502059d02cd2aaa1ed2d3600907d80b79987b64c8,data/raw/pdfs/47_นครสวรรค์.pdf,1,6,25.84252,142.3465,1088.8346326666665,155.64649999999995
pdf_50:p1:r20,rec_66d9df501140a355c892e56f194bb6f774cd93664bc6cf0765f4842cc8387768,1454,pdf_50,8b7fe8a59c2c1fa488d7462868687d8f934217d7df929384117ef1e19dae37ab,data/raw/pdfs/50_ตาก.pdf,1,20,25.84252,328.54649,1088.8346429729727,341.84649
pdf_10:p2:r28,rec_bb06076ee7a04d78d8efc4f5e87a9a43b3847d3e366d1b4c686b669f0868262b,1455,pdf_10,5e0a433bc2cc307479a32d344bf5b0b4f006af0a3d0ccc1493fb587c885896c1,data/raw/pdfs/10_สระบุรี.pdf,2,28,25.84252,398.44255999999996,1088.8346404878048,411.74256
pdf_75:p1:r24,rec_086f45f838984112906c39819ddbc462ddbf54ad150d5fe430b4173e5fbf3ea8,1456,pdf_75,ffef7f4f9a7953e62785b17dc6cfa1d3fa15bda9cb7369abaaa41e24f24f5ae4,data/raw/pdfs/75_ยะลา.pdf,1,24,25.84252,381.74649,1088.834642352941,395.04648999999995
pdf_59:p2:r19,rec_8619221c6b56b5af32842b21437e6232c7e25b8e03d24038254c6b7405684203,1457,pdf_59,0c5827ab1fffa2ec0689a95405ee8640473ea428f18b199f44d2f71d4f366ad8,data/raw/pdfs/59_สมุทรสาคร.pdf,2,19,25.84252,278.74255999999997,1088.8346404878048,292.04256
pdf_02:p1:r33,rec_4cb6ae8efb40d72ac790f24f15ac00ab328f0d1ff878a653c2db6732410df25a,1458,pdf_02,368a15805d33fb210ed50297795f7f50bf822054e05b59bf71bfa25bee0f3a3c,data/raw/pdfs/02_สมุทรปราการ.pdf,1,33,25.84252,501.44649,1088.8346429729727,514.74649
pdf_06:p1:r33,rec_8e3e1494c9e36f0cd05141e1167e82714fd64e6fc7714588c89f52d528fc62c5,1459,pdf_06,03acf167c8c7dcc3b7e6ccbd9afcaa05e3b5157df416e00c1b7e146d91880d3c,data/raw/pdfs/06_อ่างทอง.pdf,1,33,25.84252,501.44649,1088.8346429729727,514.74649
pdf_29:p1:r2,rec_e9796bfc4fb61307306f1e45c71b2e92b4ae3457763592f3530bf1caed3c826c,1460,pdf_29,a1a30635ac132e2e87cc5b8c3c2c6e737453ecabe176861ce1a21609a26f3a1a,data/raw/pdfs/29_อุดรธานี.pdf,1,2,25.84252,89.14648999999997,1088.8346429729727,102.44649000000004
pdf_66:p2:r6,rec_5995f49a1ca602ce807992435d6181c12d44e739be4f74ade9fc354e5bb5e204,1461,pdf_66,012255400d37e8c732ded7ebc3c018108c8f4aa391112b3f6d6515d21e797ab6,data/raw/pdfs/66_ภูเก็ต.pdf,2,6,25.84252,105.84256,1088.8346404878048,119.14255999999996
pdf_69:p2:r20,rec_4a38f1a558ad1f1dbcb6cd849fa0c4f83bf3d715bf652dd3bbe31ebaa74e3e92,1462,pdf_69,769b283c00d83344280df884874571c2a99d89f78de64644b43bf9c6a108efa4,data/raw/pdfs/69_ชุมพร.pdf,2,20,25.84252,292.04256,1088.8346404878048,305.34256
pdf_31:p1:r22,rec_3e8b50bcbd5ee21c09ac8ea6929989d80426cdf88b5b7f186924f60f1839032a,1463,pdf_31,f1a10c3940792a9b882ab08acb2b2394c5009faa4f9334ce940cf44438cf5d54,data/raw/pdfs/31_หนองคาย.pdf,1,22,25.84252,355.14649,1088.834642352941,368.44649
pdf_63:p1:r31,rec_c7e2240da3248e64cad7f7da68153b8ef0000ad9629827ad450aa34c8ba3da15,1464,pdf_63,b04433cfbe561d1199180db3f5210359427f668e1f7b072f31972e2749ce63ae,data/raw/pdfs/63_นครศรีธรรมราช.pdf,1,31,25.84252,474.84649,1088.8346429729727,488.14649
pdf_23:p1:r20,rec_c980e860933eb5be10ead2b77cc831713b8dfaa1d2dbec4118075c0e843cc98d,1465,pdf_23,771338278a591f8b5dfd252a64922234ef0d7071b6e6cd32beb2341668023e47,data/raw/pdfs/23_อุบลราชธานี.pdf,1,20,25.84252,337.04649,1088.8346429729727,350.34649
pdf_59:p1:r18,rec_5125ed3bad32de7d5b7dbffb463b427ad4e8d465237ddd3df30107fb6658cb43,1466,pdf_59,0c5827ab1fffa2ec0689a95405ee8640473ea428f18b199f44d2f71d4f366ad8,data/raw/pdfs/59_สมุทรสาคร.pdf,1,18,25.84252,301.94649,1088.8346429729727,315.24649
pdf_63:p1:r8,rec_8008941433f8222bacbe5e1211af9c12322fe3b0486fe4ce0185d67853316acb,1467,pdf_63,b04433cfbe561d1199180db3f5210359427f668e1f7b072f31972e2749ce63ae,data/raw/pdfs/63_นครศรีธรรมราช.pdf,1,8,25.84252,168.94649000000004,1088.8346429729727,182.24649
pdf_07:p2:r31,rec_5b3ff31f2564959d268b82be2471ff622b10baa7f77015d00e3ebb615d4e35b3,1468,pdf_07,f00681093e03a60a87dbc3834edae199fd055d6366406e456741ffd059ff3b05,data/raw/pdfs/07_ลพบุรี.pdf,2,31,25.84252,438.34255999999993,1088.8346404878048,451.64256000000006
pdf_36:p1:r5,rec_9e66fe6bd5ded4d264af2adf3f7d7b4c295fb0741fb5b9d94c87dbd61f4366de,1469,pdf_36,e5624d419ac85611ac4b3fe0a27d6bfa73a7b474d5b0ee2a6b1a7b64f4783d70,data/raw/pdfs/36_นครพนม.pdf,1,5,25.84252,129.04648999999995,1088.8346429729727,142.34649000000002
pdf_49:p1:r16,rec_76a08aea474b3e6b72585164a22be1673a05cbc4dca7ffc0cfef87b93067eb23,1470,pdf_49,6ada8eb27a34993420ed8c6db69aa4ae13ff4283abdb43b9d76a05d6794f6a27,data/raw/pdfs/49_กำแพงเพชร.pdf,1,16,25.84252,275.34649,1088.8346429729727,288.64649
pdf_21:p1:r7,rec_46fce08bc32d83472a823e77e55a3f4a1b164ed0d5233a75203f9a8159485e0a,1471,pdf_21,30de42d8df83af320948c083353a9109256e5f6ce057c8d941902c86bbb645dd,data/raw/pdfs/21_สุรินทร์.pdf,1,7,25.84252,155.64649999999995,1088.8346369999997,168.94649999999996
pdf_48:p1:r11,rec_a08219be7278a2d1e8d9e76267d1a6ca6ce47503368d5387082b8699c58fccd4,1472,pdf_48,4ace8fb0ec02d2b1aa95432a9b9e883581d60aba88879e64923cce23b14c3f06,data/raw/pdfs/48_อุทัยธานี.pdf,1,11,25.842519999999997,208.84650000000002,1088.8346376190475,222.14649999999992
pdf_73:p1:r19,rec_a24cbd62c25e4509e4ab3e0fbefe40af6c53d11b245bcd4c0809978a3d793131,1473,pdf_73,8a9a8b1fb9d81eb7f2d76afa1f886621ea38587fc4c60902bc317398649ff90e,data/raw/pdfs/73_พัทลุง.pdf,1,19,25.84252,323.74649,1088.8346429729727,337.04649
pdf_04:p5:r10,rec_41199391d922474940900cf31122cf78c22213864ef829666a8638deaa400246,1474,pdf_04,83861a2a02db33dda27703227bb90cd50ba1b9144123e42912f926c1d1043c39,data/raw/pdfs/04_ปทุมธานี.pdf,5,10,25.84252,159.0426,1088.8346388571426,172.34259999999998
pdf_66:p1:r13,rec_095dad9f3ad5e223848f1f807cace18c95cc01fc33ae8d8d7d48fa6a5f48111e,1475,pdf_66,012255400d37e8c732ded7ebc3c018108c8f4aa391112b3f6d6515d21e797ab6,data/raw/pdfs/66_ภูเก็ต.pdf,1,13,25.84252,235.44649000000004,1088.8346429729727,248.74649
pdf_02:p2:r4,rec_2e295fb87ca217a98b8c299f4bc8cd71aeb0540ff1ebf522d1ef8c87b33bc504,1476,pdf_02,368a15805d33fb210ed50297795f7f50bf822054e05b59bf71bfa25bee0f3a3c,data/raw/pdfs/02_สมุทรปราการ.pdf,2,4,25.84252,79.24255999999997,1088.8346404878048,92.54255999999998
pdf_67:p7:r2,rec_fe819d67d1b2cd8f110a2bdb27c4d8f5d943b0d2a94d308290eb9483784bbeaa,1477,pdf_67,b66fc9f9229750b7a04c0e5c07c072d77eb0800ed604da819fb28b6c4a75a636,data/raw/pdfs/67_สุราษฎร์ธานี.pdf,7,2,25.84252,52.642600000000016,1088.8346270588233,65.94259999999997
pdf_59:p3:r4,rec_bc90120a502e8d4725da961c132df85c9e521ad70fd5e407aaf29c32c8871e11,1478,pdf_59,0c5827ab1fffa2ec0689a95405ee8640473ea428f18b199f44d2f71d4f366ad8,data/raw/pdfs/59_สมุทรสาคร.pdf,3,4,25.84252,79.24259999999998,1088.8346109999998,92.5426
pdf_41:p1:r14,rec_a5fc0e5cdb1247328aa5a4624cbd5231299cc4d054caaa3e07a260cbd9f5171c,1479,pdf_41,30547a39de949400c4d126175dcaea5210ed959ebf29c2b6135b85e45a4643e4,data/raw/pdfs/41_อุตรดิตถ์.pdf,1,14,25.84252,248.74650000000003,1088.834636315789,262.04650000000004
pdf_50:p1:r14,rec_91999067244f1a748d086d99aec4e7485c868279886c21bc4c917fb3bc973645,1480,pdf_50,8b7fe8a59c2c1fa488d7462868687d8f934217d7df929384117ef1e19dae37ab,data/raw/pdfs/50_ตาก.pdf,1,14,25.84252,248.74649,1088.8346429729727,262.04648999999995
pdf_03:p5:r17,rec_bffd1adedba45562e5518c2da9b4cc518cc926cf2f6832a634c4b12948e4b484,1481,pdf_03,7dd9e7f51732791c63183067d85d18d20f856edf0c2dff89dbda84d866df2d62,data/raw/pdfs/03_นนทบุรี.pdf,5,17,25.84252,252.14260000000004,1088.8346391666664,265.44259999999997
pdf_30:p1:r16,rec_2fb78cc8b22279e2f352dd1a1abc89b83854599cfab249f06feff129f5da5072,1482,pdf_30,3dbc36c6e240d0c7cc9a595bfe9743d7b0579f6761191fb00c2a69959c985598,data/raw/pdfs/30_เลย.pdf,1,16,25.84252,275.3465,1088.8346355555555,288.6465
pdf_23:p2:r37,rec_d3c289941b370839431e8c112ab48bcc311563ed867c8f0dc245c5fc8dc6eaf2,1483,pdf_23,771338278a591f8b5dfd252a64922234ef0d7071b6e6cd32beb2341668023e47,data/raw/pdfs/23_อุบลราชธานี.pdf,2,37,25.84252,518.14256,1088.8346404878048,531.44256
pdf_67:p1:r15,rec_b795cf857bde278b1350ed06be179eeb7f45caf01686184b1b8304c04679c7de,1484,pdf_67,b66fc9f9229750b7a04c0e5c07c072d77eb0800ed604da819fb28b6c4a75a636,data/raw/pdfs/67_สุราษฎร์ธานี.pdf,1,15,25.84252,262.04648999999995,1088.8346429729727,275.34649
pdf_56:p1:r7,rec_84a3a102e746a8d91026ffcf90a386d714ac78793742458611f50b35cb886f06,1485,pdf_56,f0ce416ab9d3f527c2052960422068d0564c2b8833f2a75d05cab7aa8280b0d5,data/raw/pdfs/56_กาญจนบุรี.pdf,1,7,25.84252,155.64648999999997,1088.8346429729727,168.94649000000004
pdf_28:p2:r6,rec_af25b15122c4c560039245f0fa2ddf84f9bebdf8191af817d7bc10d6d9913fcb,1486,pdf_28,38e1a8d128ab928dd0bef117c9dbaa8191aea027adc2dae9137f68937f31d040,data/raw/pdfs/28_ขอนแก่น.pdf,2,6,25.84252,105.84259999999999,1088.8346199999999,119.14260000000002
pdf_59:p2:r22,rec_61cc7f3f649c90aa49657e74f97240c3234e5f1b2f821807d34cd68bfe0b8ab2,1487,pdf_59,0c5827ab1fffa2ec0689a95405ee8640473ea428f18b199f44d2f71d4f366ad8,data/raw/pdfs/59_สมุทรสาคร.pdf,2,22,25.84252,318.64256,1088.8346404878048,331.94255999999996
pdf_27:p2:r7,rec_500dc95955e621229073e347fe03e24bf8f78c84b7a9b3cf62a5e11b2b69b688,1488,pdf_27,bf545cbe9d19aa5a22880cf18f4484776d7d3e1348605d1451dfe7147ed85334,data/raw/pdfs/27_หนองบัวลำภู.pdf,2,7,25.84252,119.14259999999999,1088.8346304999998,132.44259999999997
pdf_15:p1:r1,rec_6f0b6ff8d0fc02585b7928f725bef174c9f929cb4bdf3455844c6d51fc096599,1489,pdf_15,bf99cdf12418fcdc90b3c1c739fd4e7e09ca40818852ca43bcd1c3284b3cf084,data/raw/pdfs/15_ฉะเชิงเทรา.pdf,1,1,25.84252,75.84649000000002,1088.8346429729727,89.14648999999997
pdf_70:p2:r32,rec_56d929531c00628fc42a19daed013e8876b9ce3934085217336393e11e7c2a05,1490,pdf_70,dd0c8cec48b7f0994639864765a097630785c0e22135d674cb3057f22c0f80ab,data/raw/pdfs/70_สงขลา.pdf,2,32,25.84252,451.64259999999996,1088.8346391666664,464.94259999999997
pdf_04:p3:r1,rec_ce65e63124480964c792d9adb12d2026f84a7a8a23198524d6f1bca45f9e2c11,1491,pdf_04,83861a2a02db33dda27703227bb90cd50ba1b9144123e42912f926c1d1043c39,data/raw/pdfs/04_ปทุมธานี.pdf,3,1,25.84252,39.34256000000005,1088.8346404878048,52.64256
pdf_67:p3:r21,rec_c37a2fed2d851b41645bcc8de14fbf5902a56a9160c192f328ec109725b9b347,1492,pdf_67,b66fc9f9229750b7a04c0e5c07c072d77eb0800ed604da819fb28b6c4a75a636,data/raw/pdfs/67_สุราษฎร์ธานี.pdf,3,21,25.84252,305.34256,1088.8346404878048,318.64256
pdf_04:p2:r8,rec_a4e7b9fdcc3572e4cb7b42add312a611dbff191b97b59a25574ee1926b19b611,1493,pdf_04,83861a2a02db33dda27703227bb90cd50ba1b9144123e42912f926c1d1043c39,data/raw/pdfs/04_ปทุมธานี.pdf,2,8,25.84252,132.44255999999996,1088.8346404878048,145.74255999999997
pdf_10:p1:r28,rec_3451f0aff8202324728cd2988ef013d677e058ca69b20e994fa15e3e4ba3ba6a,1494,pdf_10,5e0a433bc2cc307479a32d344bf5b0b4f006af0a3d0ccc1493fb587c885896c1,data/raw/pdfs/10_สระบุรี.pdf,1,28,25.84252,434.94649,1088.8346429729727,448.24649
pdf_03:p1:r8,rec_98158e4e9129c8042c2ba652c3ad835365c6eaf6a3b641fc1cf6197034e6ce1e,1495,pdf_03,7dd9e7f51732791c63183067d85d18d20f856edf0c2dff89dbda84d866df2d62,data/raw/pdfs/03_นนทบุรี.pdf,1,8,25.84252,168.94649000000004,1088.8346429729727,182.24649
pdf_36:p1:r6,rec_8fc366c08d32fefde16841ccb8d671935bea416a7ee4cf93e28d3a5955f33c75,1496,pdf_36,e5624d419ac85611ac4b3fe0a27d6bfa73a7b474d5b0ee2a6b1a7b64f4783d70,data/raw/pdfs/36_นครพนม.pdf,1,6,25.84252,142.34649000000002,1088.8346429729727,155.64648999999997
pdf_73:p1:r20,rec_dd8626ef87d0d1c8423fdda39395b4bdd6621dd13fbe3fe8c720b275f27b3e0c,1497,pdf_73,8a9a8b1fb9d81eb7f2d76afa1f886621ea38587fc4c60902bc317398649ff90e,data/raw/pdfs/73_พัทลุง.pdf,1,20,25.84252,337.04649,1088.8346429729727,350.34649
pdf_07:p1:r13,rec_b0767bad9d40d69e498e5be703c1c19f6ad942734ef0d0e508ec37a67e5dff86,1498,pdf_07,f00681093e03a60a87dbc3834edae199fd055d6366406e456741ffd059ff3b05,data/raw/pdfs/07_ลพบุรี.pdf,1,13,25.84252,235.44649000000004,1088.8346429729727,248.74649
pdf_66:p2:r7,rec_8e69a9c0b9094bb6ff894c92b26bad327bd8cca324f6b93ecd2f38723971f4ca,1499,pdf_66,012255400d37e8c732ded7ebc3c018108c8f4aa391112b3f6d6515d21e797ab6,data/raw/pdfs/66_ภูเก็ต.pdf,2,7,25.84252,119.14255999999996,1088.8346404878048,132.44255999999996
pdf_67:p3:r32,rec_be32bb033100cd77689ee2f6144fa13d79d54fa31592226ce2b30eccc5a65327,1500,pdf_67,b66fc9f9229750b7a04c0e5c07c072d77eb0800ed604da819fb28b6c4a75a636,data/raw/pdfs/67_สุราษฎร์ธานี.pdf,3,32,25.84252,451.64256000000006,1088.8346404878048,464.94255999999996
pdf_59:p2:r1,rec_3beaf628840b59734cb387d70c8a06c7dd0ecba23d4556508dd6185f929ce73d,1501,pdf_59,0c5827ab1fffa2ec0689a95405ee8640473ea428f18b199f44d2f71d4f366ad8,data/raw/pdfs/59_สมุทรสาคร.pdf,2,1,25.84252,39.34256000000005,1088.8346404878048,52.64256
pdf_03:p5:r27,rec_363b44f20d330b7cc51d9314e8ba5da30929614417bb97a13f746f86829e5c7e,1502,pdf_03,7dd9e7f51732791c63183067d85d18d20f856edf0c2dff89dbda84d866df2d62,data/raw/pdfs/03_นนทบุรี.pdf,5,27,25.84252,385.14259999999996,1088.8346391666664,398.44259999999997
pdf_66:p2:r8,rec_b4a811f4e08d29c23158c6b15a18b193d1bcd92fb6b74948dc0be1456621fc53,1503,pdf_66,012255400d37e8c732ded7ebc3c018108c8f4aa391112b3f6d6515d21e797ab6,data/raw/pdfs/66_ภูเก็ต.pdf,2,8,25.84252,132.44255999999996,1088.8346404878048,145.74255999999997
pdf_59:p2:r23,rec_59a11a20733471b3147176b274f76f070999090f0f3ca3288391b604405f0c3b,1504,pdf_59,0c5827ab1fffa2ec0689a95405ee8640473ea428f18b199f44d2f71d4f366ad8,data/raw/pdfs/59_สมุทรสาคร.pdf,2,23,25.84252,331.94255999999996,1088.8346404878048,345.24256
pdf_67:p4:r23,rec_1384857a97e663ad9b9ca2af2c2627a740b512821d2dafadd241a6cec3fef0bf,1505,pdf_67,b66fc9f9229750b7a04c0e5c07c072d77eb0800ed604da819fb28b6c4a75a636,data/raw/pdfs/67_สุราษฎร์ธานี.pdf,4,23,25.84252,331.94255999999996,1088.8346404878048,345.24256
pdf_25:p1:r2,rec_e7e2c81f818e428087f6101aa2b4866817a3bd53e4ff2525c9020f8ffdc12ea5,1506,pdf_25,0155bd151db06d789a16df2bc6422d9237698f7f38d57991cc1ab60bcb86601c,data/raw/pdfs/25_ชัยภูมิ.pdf,1,2,25.84252,89.14648999999997,1088.8346429729727,102.44649000000004
pdf_58:p1:r3,rec_34a6781b03d389e33433fc3ace39fbaa5e3809ea28efa5280b3f066a19da86ba,1507,pdf_58,8ff0dc3c9fe92f1cc2721c37fe35cfcc653ad17ca531672dc94686e7776d35a5,data/raw/pdfs/58_นครปฐม.pdf,1,3,25.84252,102.44649000000004,1088.8346429729727,115.74649
pdf_73:p1:r17,rec_39d9b8cb508de9324494591d480411e5cd15718775506f639e859b15f025e9f6,1508,pdf_73,8a9a8b1fb9d81eb7f2d76afa1f886621ea38587fc4c60902bc317398649ff90e,data/raw/pdfs/73_พัทลุง.pdf,1,17,25.84252,297.14649,1088.8346429729727,310.44649
pdf_27:p1:r18,rec_71cdbc0765a423ec4518f04ea4b79f62cf7a341f957b12fca89a1d645e29406d,1509,pdf_27,bf545cbe9d19aa5a22880cf18f4484776d7d3e1348605d1451dfe7147ed85334,data/raw/pdfs/27_หนองบัวลำภู.pdf,1,18,25.84252,301.94649,1088.8346429729727,315.24649
pdf_74:p1:r14,rec_417fd4740ac5cd2a212c21cac46b73c848c89acbdf2b7034a93fccfba1becfa6,1510,pdf_74,a740362f586a24f46fcc09fc1a1bc6391556e4c9bc432141903734f7833f39db,data/raw/pdfs/74_ปัตตานี.pdf,1,14,25.84252,248.74649,1088.8346429729727,262.04648999999995
pdf_03:p3:r27,rec_469d25d5adbfd1e73d900a735fc06c4e27f59448259c559c694a2cbe13038574,1511,pdf_03,7dd9e7f51732791c63183067d85d18d20f856edf0c2dff89dbda84d866df2d62,data/raw/pdfs/03_นนทบุรี.pdf,3,27,25.84252,385.14256,1088.8346404878048,398.44255999999996
pdf_04:p2:r30,rec_295ca423608a97eb712a43a4ebc9ddd6ba84372ffc3c003e4642ec4f9b6dffec,1512,pdf_04,83861a2a02db33dda27703227bb90cd50ba1b9144123e42912f926c1d1043c39,data/raw/pdfs/04_ปทุมธานี.pdf,2,30,25.84252,425.04256,1088.8346404878048,438.34255999999993
pdf_67:p2:r1,rec_f1f1910f2c83e7f981342da1288cb18336d8f17987809a384bf557370804db2d,1513,pdf_67,b66fc9f9229750b7a04c0e5c07c072d77eb0800ed604da819fb28b6c4a75a636,data/raw/pdfs/67_สุราษฎร์ธานี.pdf,2,1,25.84252,39.34256000000005,1088.8346404878048,52.64256
pdf_39:p1:r11,rec_ac5c21569612a01fc4bb308c2d4638f4164a0838c7b6fee763223c03427fc05a,1514,pdf_39,f8439630693dcb0a91ca91bc39687ac32878a128fb24ec09b75d075fce0bca64,data/raw/pdfs/39_ลำพูน.pdf,1,11,25.84252,208.84650000000002,1088.8346369999997,222.14649999999992
pdf_57:p3:r34,rec_a4b975f54d69a446638918e3ea9258caca0774e4865ce78c5de4ba32470ba892,1515,pdf_57,9b6f57faac860a1339f68519b1b756d3ef34cc2ccd4962f5e15b78600e7c9112,data/raw/pdfs/57_สุพรรณบุรี.pdf,3,34,25.84252,478.24256,1088.8346404878048,491.54256
pdf_72:p1:r3,rec_b31e4152f685d6f031c466187235fa8f5f9083f5ca3ea0edd92c7a3d709f0a8c,1516,pdf_72,04f947c56ddf01a73b376cdbb3099e393f9141fff3fec2504b9e031114606073,data/raw/pdfs/72_ตรัง.pdf,1,3,25.84252,102.44649000000004,1088.8346429729727,115.74649
pdf_05:p3:r8,rec_e7f20a3335f11b3509214cba3c75e4302836fb418e88748bcec3519b0adbd432,1517,pdf_05,ae1ba5ac5ef768c29045f4282a9047c71474a8d654003bfa51574874b3f415fc,data/raw/pdfs/05_พระนครศรีอยุธยา.pdf,3,8,25.84252,132.44259999999997,1088.8346388571426,145.74259999999998
pdf_06:p1:r10,rec_47bedfec6d98c4ebf95d2d9ca4aa2cc6b8a94990e8e332f6c71aaabc672a2309,1518,pdf_06,03acf167c8c7dcc3b7e6ccbd9afcaa05e3b5157df416e00c1b7e146d91880d3c,data/raw/pdfs/06_อ่างทอง.pdf,1,10,25.84252,195.54648999999995,1088.8346429729727,208.84649
pdf_12:p2:r21,rec_ce7dafc6d01a789a4dd50b766dfd179d103f995a94358f3000022092d4938135,1519,pdf_12,a807bf56c3fc6df739b3c4e072038fd3824bd793ca3bbc711cf4169e5e81ff9c,data/raw/pdfs/12_ระยอง.pdf,2,21,25.842520000000004,305.3426,1088.8346355555555,318.6426
pdf_04:p2:r35,rec_153c6d2a4d582a4c9d4e02f063c00b58a5bcf3497b4ad43de4f753ad7088dd22,1520,pdf_04,83861a2a02db33dda27703227bb90cd50ba1b9144123e42912f926c1d1043c39,data/raw/pdfs/04_ปทุมธานี.pdf,2,35,25.84252,491.54256,1088.8346404878048,504.84255999999993
pdf_54:p1:r27,rec_81c469892ab9579dd193edac6bb7fda56d4c5fc5c20e057890eaaa1d7618037e,1521,pdf_54,884b1d2d94fff12fa64928c8a22df877265f50fbc00dfcb61f5a4636dd1c14c8,data/raw/pdfs/54_เพชรบูรณ์.pdf,1,27,25.84252,430.14649,1088.8346429729727,443.44649
pdf_68:p2:r7,rec_d2089e110c5c1afd738f134df4d73990077e94dc81520af1c30602168a5f6f49,1522,pdf_68,3a242476c7c0c82cd6f78455b9ca30a8d8e875f3ae38090ae0fd5fb12805c593,data/raw/pdfs/68_ระนอง.pdf,2,7,25.84252,119.14255999999996,1088.8346404878048,132.44255999999996
pdf_69:p3:r10,rec_fadc70da78fc860ffe73c9f9fabbf1a04bcf0e073d06236cf5d7cb79881f5087,1523,pdf_69,769b283c00d83344280df884874571c2a99d89f78de64644b43bf9c6a108efa4,data/raw/pdfs/69_ชุมพร.pdf,3,10,25.84252,159.0426,1088.834622142857,172.3426
pdf_18:p1:r10,rec_366e3565cec35b7832aa01670e3460445f531977d4aa634a64c73ee915add55c,1524,pdf_18,be2f47080dc7e95c466a639def50661998348f89a3d3495b6324e03e6ac06a59,data/raw/pdfs/18_สระแก้ว.pdf,1,10,25.84252,195.54648999999998,1088.834642121212,208.84648999999996
pdf_02:p3:r19,rec_9081d863fc45a488c93c0799246d27930b0c7236674c93cf82a63fdc91f1ad1c,1525,pdf_02,368a15805d33fb210ed50297795f7f50bf822054e05b59bf71bfa25bee0f3a3c,data/raw/pdfs/02_สมุทรปราการ.pdf,3,19,25.84252,278.7426,1088.8346343999997,292.0426
pdf_73:p1:r31,rec_53caf07608e87aae572189a53b8376a85cb2a7290a3fdabc3e794830a91904f0,1526,pdf_73,8a9a8b1fb9d81eb7f2d76afa1f886621ea38587fc4c60902bc317398649ff90e,data/raw/pdfs/73_พัทลุง.pdf,1,31,25.84252,483.34649,1088.8346429729727,496.64649
pdf_23:p1:r30,rec_8490d3f3e7d9f8cf04484308df4ca11436ef6363248e9b5d7548529454a0b8c8,1527,pdf_23,771338278a591f8b5dfd252a64922234ef0d7071b6e6cd32beb2341668023e47,data/raw/pdfs/23_อุบลราชธานี.pdf,1,30,25.84252,470.04649,1088.8346429729727,483.34649
pdf_07:p1:r35,rec_45cbb421d38ab1a87be0ad51d7efb41cced39717e7764ddc9d56288eee00954b,1528,pdf_07,f00681093e03a60a87dbc3834edae199fd055d6366406e456741ffd059ff3b05,data/raw/pdfs/07_ลพบุรี.pdf,1,35,25.84252,528.04649,1088.8346429729727,541.3464899999999
pdf_67:p4:r6,rec_f916d2216d61d5f6a0e84ab1cc5af4d7260e86490a579f1ffcf9f890041e0da9,1529,pdf_67,b66fc9f9229750b7a04c0e5c07c072d77eb0800ed604da819fb28b6c4a75a636,data/raw/pdfs/67_สุราษฎร์ธานี.pdf,4,6,25.84252,105.84256,1088.8346404878048,119.14255999999996
pdf_56:p2:r20,rec_cefb4988d5703d109b115a146fa21333a3a4d59bd807678473b807da5e28776a,1530,pdf_56,f0ce416ab9d3f527c2052960422068d0564c2b8833f2a75d05cab7aa8280b0d5,data/raw/pdfs/56_กาญจนบุรี.pdf,2,20,25.84252,292.04256,1088.8346394594591,305.34256
pdf_58:p1:r8,rec_f8103a3a69c2187ce348b2dd4cd83176701d36dad58b8dfe0192c3060067fad8,1531,pdf_58,8ff0dc3c9fe92f1cc2721c37fe35cfcc653ad17ca531672dc94686e7776d35a5,data/raw/pdfs/58_นครปฐม.pdf,1,8,25.84252,168.94649000000004,1088.8346429729727,182.24649
pdf_31:p1:r23,rec_c384bc8d5fe7e60c762566c12c1f3b84b671f8813f3bcf78b4bc5c545088f301,1532,pdf_31,f1a10c3940792a9b882ab08acb2b2394c5009faa4f9334ce940cf44438cf5d54,data/raw/pdfs/31_หนองคาย.pdf,1,23,25.84252,368.44649,1088.834642352941,381.74649
pdf_23:p2:r15,rec_55d8a9434dc785d07b5189d55fa77d8e3bbd3bf8d452f812577d076c93dc1d52,1533,pdf_23,771338278a591f8b5dfd252a64922234ef0d7071b6e6cd32beb2341668023e47,data/raw/pdfs/23_อุบลราชธานี.pdf,2,15,25.84252,225.54255999999995,1088.8346404878048,238.84256
pdf_10:p2:r29,rec_0f701817300615972c2ec6b2f238d3d4e6e57690d8763dda14a362f9a8bb0268,1534,pdf_10,5e0a433bc2cc307479a32d344bf5b0b4f006af0a3d0ccc1493fb587c885896c1,data/raw/pdfs/10_สระบุรี.pdf,2,29,25.84252,411.74256,1088.8346404878048,425.04256
pdf_19:p1:r5,rec_d24e218b82cec4e6b3149f0f39a6fe4f01e1d3a00b3a06ced7d56de7d1e2e1d5,1535,pdf_19,2fbc685c790d957bd597a9ae4cbc69a07dacbb20cab611015cf1ce2eecd5982c,data/raw/pdfs/19_นครราชสีมา.pdf,1,5,25.84252,137.54648999999995,1088.8346429729727,150.84649000000002
pdf_64:p4:r1,rec_4fc1cbd0597fa52454828d812cd3e90de4d8d4cbf71183c87464796ba436540b,1536,pdf_64,a4e4abc03757d1e14ce1bfb2e426567faeea8fce3152123821e712496872240e,data/raw/pdfs/64_กระบี่.pdf,4,1,25.84252,39.34259999999995,1088.834594285714,52.642600000000016
pdf_02:p1:r11,rec_fe12e29f8f57f0abb4031d24e0f5763512bb5c9309d428590caa67b1be4825a7,1537,pdf_02,368a15805d33fb210ed50297795f7f50bf822054e05b59bf71bfa25bee0f3a3c,data/raw/pdfs/02_สมุทรปราการ.pdf,1,11,25.84252,208.84649,1088.8346429729727,222.14649
pdf_68:p2:r31,rec_a625f4780ab0858a53ed7e6036b646a5ed99baf21761709e8d3b088463bcfaa2,1538,pdf_68,3a242476c7c0c82cd6f78455b9ca30a8d8e875f3ae38090ae0fd5fb12805c593,data/raw/pdfs/68_ระนอง.pdf,2,31,25.84252,438.34255999999993,1088.8346404878048,451.64256000000006
pdf_06:p1:r16,rec_a2bd01d280940c27e829bcfd329db15dcd153cf1023e4d5ecceff96e5d84dc0d,1539,pdf_06,03acf167c8c7dcc3b7e6ccbd9afcaa05e3b5157df416e00c1b7e146d91880d3c,data/raw/pdfs/06_อ่างทอง.pdf,1,16,25.84252,275.34649,1088.8346429729727,288.64649
pdf_15:p2:r23,rec_483be5c616c1d9346e818d43b342dfa9c361786bd38b7b94202f1e0e1830d7f5,1540,pdf_15,bf99cdf12418fcdc90b3c1c739fd4e7e09ca40818852ca43bcd1c3284b3cf084,data/raw/pdfs/15_ฉะเชิงเทรา.pdf,2,23,25.84252,331.94255999999996,1088.8346404878048,345.24256
pdf_59:p1:r19,rec_22a3db7efce426f5b2d0a807e146709b21f66b9da852556ebf7160f3dedda83c,1541,pdf_59,0c5827ab1fffa2ec0689a95405ee8640473ea428f18b199f44d2f71d4f366ad8,data/raw/pdfs/59_สมุทรสาคร.pdf,1,19,25.84252,315.24649,1088.8346429729727,328.54649
pdf_57:p2:r29,rec_e279a4a35ecdacf5f9085c312b48715c975ca01dc82d0f1e7bd657988d7accbb,1542,pdf_57,9b6f57faac860a1339f68519b1b756d3ef34cc2ccd4962f5e15b78600e7c9112,data/raw/pdfs/57_สุพรรณบุรี.pdf,2,29,25.84252,411.74256,1088.8346404878048,425.04256
pdf_54:p1:r33,rec_b509aca14d0fe97df4ae1a9087f88382c07269f0ba0869ef0e54fc0d124f0381,1543,pdf_54,884b1d2d94fff12fa64928c8a22df877265f50fbc00dfcb61f5a4636dd1c14c8,data/raw/pdfs/54_เพชรบูรณ์.pdf,1,33,25.84252,509.94649,1088.8346429729727,523.24649
pdf_57:p1:r12,rec_b26a525963a4103497792761df669537316759902735e7056dbcc3eba353c5ac,1544,pdf_57,9b6f57faac860a1339f68519b1b756d3ef34cc2ccd4962f5e15b78600e7c9112,data/raw/pdfs/57_สุพรรณบุรี.pdf,1,12,25.84252,222.14649,1088.8346429729727,235.44649000000004
pdf_12:p2:r6,rec_918609ce8ebf4d332800263469f5c4a188520bc0e58a526d81deca0b5f13841b,1545,pdf_12,a807bf56c3fc6df739b3c4e072038fd3824bd793ca3bbc711cf4169e5e81ff9c,data/raw/pdfs/12_ระยอง.pdf,2,6,25.842520000000004,105.84259999999999,1088.8346355555555,119.14260000000002
pdf_03:p3:r28,rec_efe94c0de442792b41bd40874505a3075541469c2fe221b2159e88a90e4a124f,1546,pdf_03,7dd9e7f51732791c63183067d85d18d20f856edf0c2dff89dbda84d866df2d62,data/raw/pdfs/03_นนทบุรี.pdf,3,28,25.84252,398.44255999999996,1088.8346404878048,411.74256
pdf_07:p2:r9,rec_c467b5b5caceba1c0ae815eeb38b213118a8b60f09d0f7f2aa70bd4d4e566ffa,1547,pdf_07,f00681093e03a60a87dbc3834edae199fd055d6366406e456741ffd059ff3b05,data/raw/pdfs/07_ลพบุรี.pdf,2,9,25.84252,145.74255999999997,1088.8346404878048,159.04255999999998
pdf_04:p3:r33,rec_ba1eaca6f908941e00eb66951d6ed22ee7b46b1131e2c597c4126e06943b7be6,1548,pdf_04,83861a2a02db33dda27703227bb90cd50ba1b9144123e42912f926c1d1043c39,data/raw/pdfs/04_ปทุมธานี.pdf,3,33,25.84252,464.94255999999996,1088.8346404878048,478.24256
pdf_74:p2:r11,rec_1c646fbfeee7869ba155fa2bef368404306b5c3d70107c8e2a55bfb5f90990e4,1549,pdf_74,a740362f586a24f46fcc09fc1a1bc6391556e4c9bc432141903734f7833f39db,data/raw/pdfs/74_ปัตตานี.pdf,2,11,25.84252,172.34256,1088.8346404878048,185.64255999999995
pdf_51:p1:r28,rec_33ede7dd9e6445c4a333afd8e24d862e210bcba418da3125c0354df07fc7b4a3,1550,pdf_51,380327daf06efde704e25ac9a209c4688b14087a4bcd57b35db44471d39e5199,data/raw/pdfs/51_สุโขทัย.pdf,1,28,25.84252,443.44649,1088.834642352941,456.74649
pdf_70:p1:r13,rec_67bed87dfbc73330304a01560b7397f0f67e5552df91ae2bf568b33380dbcc82,1551,pdf_70,dd0c8cec48b7f0994639864765a097630785c0e22135d674cb3057f22c0f80ab,data/raw/pdfs/70_สงขลา.pdf,1,13,25.84252,235.44649000000004,1088.8346429729727,248.74649
pdf_72:p2:r3,rec_4b7d8c111739d251c4e6b9c6b4fdc95160f85aee244a1b552035b1b872e067a2,1552,pdf_72,04f947c56ddf01a73b376cdbb3099e393f9141fff3fec2504b9e031114606073,data/raw/pdfs/72_ตรัง.pdf,2,3,25.84252,65.94255999999996,1088.8346402499997,79.24256000000003
pdf_04:p1:r30,rec_362780065dcb7409dd1349a8be71f92e41f0d15ee01d9207950c6394a0ec4fac,1553,pdf_04,83861a2a02db33dda27703227bb90cd50ba1b9144123e42912f926c1d1043c39,data/raw/pdfs/04_ปทุมธานี.pdf,1,30,25.84252,461.54649,1088.8346429729727,474.84649
pdf_31:p1:r32,rec_2459692c8bd87931e1d2686963b8e8728cd19074ca62a9e83f9ba1c26f79d597,1554,pdf_31,f1a10c3940792a9b882ab08acb2b2394c5009faa4f9334ce940cf44438cf5d54,data/raw/pdfs/31_หนองคาย.pdf,1,32,25.84252,488.14649,1088.834642352941,501.44649
pdf_03:p2:r15,rec_be5037a6d10f7e06cd398183669f5c1d60ded3b6bb14f855c13953d642bd9ad2,1555,pdf_03,7dd9e7f51732791c63183067d85d18d20f856edf0c2dff89dbda84d866df2d62,data/raw/pdfs/03_นนทบุรี.pdf,2,15,25.84252,225.54255999999995,1088.8346404878048,238.84256
pdf_04:p1:r31,rec_79a6b0cf357841491cdbffc7e138d069418cb60a416a9c3b2ce785794a91b5d1,1556,pdf_04,83861a2a02db33dda27703227bb90cd50ba1b9144123e42912f926c1d1043c39,data/raw/pdfs/04_ปทุมธานี.pdf,1,31,25.84252,474.84649,1088.8346429729727,488.14649
pdf_16:p2:r22,rec_0dc3c5886cdc6923cbe231adc2e0be85d95a34584173f9a41e923781def7d218,1557,pdf_16,7b893a3f02630b40240d0242410f662e3fe91d8d5ea2449991bba89e89a89ea4,data/raw/pdfs/16_ปราจีนบุรี.pdf,2,22,25.84252,318.6426,1088.8346365517239,331.94259999999997
pdf_50:p1:r4,rec_55b52a2aca814d86e3462447e2ab3d77fae787e43bf7c8211f75fa3b6904d465,1558,pdf_50,8b7fe8a59c2c1fa488d7462868687d8f934217d7df929384117ef1e19dae37ab,data/raw/pdfs/50_ตาก.pdf,1,4,25.84252,115.74649,1088.8346429729727,129.04648999999995
pdf_29:p1:r8,rec_658e5988eb1d0c50667241e6ff7175716b7c5d5679ebaffb933e6c0901684e93,1559,pdf_29,a1a30635ac132e2e87cc5b8c3c2c6e737453ecabe176861ce1a21609a26f3a1a,data/raw/pdfs/29_อุดรธานี.pdf,1,8,25.84252,168.94649000000004,1088.8346429729727,182.24649
pdf_59:p3:r3,rec_f34970d47866603f2eaf3d989397ccd6d25e9c21aedc7d986609ae8f9a886e4a,1560,pdf_59,0c5827ab1fffa2ec0689a95405ee8640473ea428f18b199f44d2f71d4f366ad8,data/raw/pdfs/59_สมุทรสาคร.pdf,3,3,25.84252,65.94259999999997,1088.8346109999998,79.24259999999998
pdf_59:p1:r30,rec_42bba59f7060327a9bccade5b7103a903bea4928a06ac756af274dfaa1c12134,1561,pdf_59,0c5827ab1fffa2ec0689a95405ee8640473ea428f18b199f44d2f71d4f366ad8,data/raw/pdfs/59_สมุทรสาคร.pdf,1,30,25.84252,461.54649,1088.8346429729727,474.84649
pdf_58:p1:r4,rec_6fed599cff07f38f8d796fdd8d92c957b738567df5e7f2cac8ea58947af2f90c,1562,pdf_58,8ff0dc3c9fe92f1cc2721c37fe35cfcc653ad17ca531672dc94686e7776d35a5,data/raw/pdfs/58_นครปฐม.pdf,1,4,25.84252,115.74649,1088.8346429729727,129.04648999999995
pdf_23:p2:r23,rec_414fb8e0c25a114148060eb1588044f039f980e829a7268e17e38296207e2360,1563,pdf_23,771338278a591f8b5dfd252a64922234ef0d7071b6e6cd32beb2341668023e47,data/raw/pdfs/23_อุบลราชธานี.pdf,2,23,25.84252,331.94255999999996,1088.8346404878048,345.24256
pdf_60:p1:r18,rec_038bebfcc520639c92aac3e7501a5ac51ce05815893b57e5cb3a0339e35f3211,1564,pdf_60,83005eabe1d9070b5592477278ea610755bdcb54fea6e719fee81b3b098eaa28,data/raw/pdfs/60_สมุทรสงคราม.pdf,1,18,25.842520000000004,301.9465,1088.8346403703702,315.24649999999997
pdf_76:p1:r25,rec_ba6f43ee3638dceb3f33b859017f548436640fa111e1787623eeeb3cd663a211,1565,pdf_76,474bb90a38c020bbc86d90180af2b062867ed6a1db6999d709acff810fd5d84d,data/raw/pdfs/76_นราธิวาส.pdf,1,25,25.84252,395.04649,1088.8346429729727,408.34649
pdf_12:p1:r25,rec_af0bc3226c6f2d4b29742bc734b1e058058dd7deb7d3bbb0432afdaaa9743bff,1566,pdf_12,a807bf56c3fc6df739b3c4e072038fd3824bd793ca3bbc711cf4169e5e81ff9c,data/raw/pdfs/12_ระยอง.pdf,1,25,25.84252,395.04649,1088.8346429729727,408.34649
pdf_67:p6:r29,rec_a317a830d0b8b3e4b1961fd5167d1c710c4eb12747d353b11a3d40b78ff4cda3,1567,pdf_67,b66fc9f9229750b7a04c0e5c07c072d77eb0800ed604da819fb28b6c4a75a636,data/raw/pdfs/67_สุราษฎร์ธานี.pdf,6,29,25.84252,411.74256,1088.8346404878048,425.04256
pdf_58:p3:r13,rec_07ff5df3e6dc0368c1ad264a9ec06e99310a2465cfe86a5ca32342231a929d38,1568,pdf_58,8ff0dc3c9fe92f1cc2721c37fe35cfcc653ad17ca531672dc94686e7776d35a5,data/raw/pdfs/58_นครปฐม.pdf,3,13,25.84252,198.94259999999997,1088.8346304999998,212.24259999999998
pdf_03:p3:r29,rec_61bb3ca372924dc79cd49b97b67f8562170f277f211429f082c30e53a9e22b19,1569,pdf_03,7dd9e7f51732791c63183067d85d18d20f856edf0c2dff89dbda84d866df2d62,data/raw/pdfs/03_นนทบุรี.pdf,3,29,25.84252,411.74256,1088.8346404878048,425.04256
pdf_10:p1:r25,rec_dc030fe3154f0a57eae624af929b44247904360b6ef69ad7ac48ad0e5d2edf78,1570,pdf_10,5e0a433bc2cc307479a32d344bf5b0b4f006af0a3d0ccc1493fb587c885896c1,data/raw/pdfs/10_สระบุรี.pdf,1,25,25.84252,395.04649,1088.8346429729727,408.34649
pdf_19:p2:r30,rec_9a115be1eab81601768e41a88a6a896294cdc676771e69d161cfcc8492e8b282,1571,pdf_19,2fbc685c790d957bd597a9ae4cbc69a07dacbb20cab611015cf1ce2eecd5982c,data/raw/pdfs/19_นครราชสีมา.pdf,2,30,25.84252,425.04256,1088.8346404878048,438.34255999999993
pdf_03:p5:r18,rec_1d7bdc94c4401c393ed258a35f59218cae38c6f907d27ca64018a55bd29cde13,1572,pdf_03,7dd9e7f51732791c63183067d85d18d20f856edf0c2dff89dbda84d866df2d62,data/raw/pdfs/03_นนทบุรี.pdf,5,18,25.84252,265.44259999999997,1088.8346391666664,278.7426
pdf_36:p1:r34,rec_4e5949f0355e14b6e7ec0e27cce85ad9035c94d21c4e73f9890034e0e60d9041,1573,pdf_36,e5624d419ac85611ac4b3fe0a27d6bfa73a7b474d5b0ee2a6b1a7b64f4783d70,data/raw/pdfs/36_นครพนม.pdf,1,34,25.84252,514.74649,1088.8346429729727,528.04649
pdf_15:p2:r10,rec_7b5a9f961a1980761ed1dbdabdacb254a4e0317ea10533db7616e8943bff0450,1574,pdf_15,bf99cdf12418fcdc90b3c1c739fd4e7e09ca40818852ca43bcd1c3284b3cf084,data/raw/pdfs/15_ฉะเชิงเทรา.pdf,2,10,25.84252,159.04255999999998,1088.8346404878048,172.34256
pdf_02:p2:r18,rec_5d10cfc1d35350265ddd5450d08d8fc7d466350d4d9b69ab8c1252d56c97d6b9,1575,pdf_02,368a15805d33fb210ed50297795f7f50bf822054e05b59bf71bfa25bee0f3a3c,data/raw/pdfs/02_สมุทรปราการ.pdf,2,18,25.84252,265.44255999999996,1088.8346404878048,278.74255999999997
pdf_56:p1:r8,rec_2cfd2e858dcd169b01defef1ce50eaf7e99dd7951701840befc56ebd8600f43a,1576,pdf_56,f0ce416ab9d3f527c2052960422068d0564c2b8833f2a75d05cab7aa8280b0d5,data/raw/pdfs/56_กาญจนบุรี.pdf,1,8,25.84252,168.94649000000004,1088.8346429729727,182.24649
pdf_08:p1:r21,rec_a3b5c38b4a39e7f657f6c168db08dc4a389cc3b0cb90f4b281b1abbf872ec16f,1577,pdf_08,1fd4933c38e10cf826fbe5ecfe74a2eb8305671e2bb949afd059fb72b251fdad,data/raw/pdfs/08_สิงห์บุรี.pdf,1,21,25.84252,341.8465,1088.8346399999998,355.14649999999995
pdf_05:p3:r6,rec_3127904190f0de9f62b627e755ceb62d4928894fc28fa51a0ea158c65979b308,1578,pdf_05,ae1ba5ac5ef768c29045f4282a9047c71474a8d654003bfa51574874b3f415fc,data/raw/pdfs/05_พระนครศรีอยุธยา.pdf,3,6,25.84252,105.84259999999998,1088.8346388571426,119.14259999999994
pdf_05:p2:r30,rec_3c030be5b18282ccdaab15d13efea4f09af3d7f3c6a205a1323fdfed220afc76,1579,pdf_05,ae1ba5ac5ef768c29045f4282a9047c71474a8d654003bfa51574874b3f415fc,data/raw/pdfs/05_พระนครศรีอยุธยา.pdf,2,30,25.84252,425.04256,1088.8346404878048,438.34255999999993
pdf_18:p1:r21,rec_7831daf02a5b449a85095a033987762500e56384fd8713ef46ca69cbe8dcbfa5,1580,pdf_18,be2f47080dc7e95c466a639def50661998348f89a3d3495b6324e03e6ac06a59,data/raw/pdfs/18_สระแก้ว.pdf,1,21,25.84252,341.84649,1088.834642121212,355.14649
pdf_67:p5:r37,rec_129d2da26d8f82169094d444c67631630b135de2469d1b967e004624190398e5,1581,pdf_67,b66fc9f9229750b7a04c0e5c07c072d77eb0800ed604da819fb28b6c4a75a636,data/raw/pdfs/67_สุราษฎร์ธานี.pdf,5,37,25.84252,518.14256,1088.8346404878048,531.44256
pdf_16:p1:r18,rec_660d847b8f6f3707436963fa77a7107a3490df6827b80b0d5b0348057d64b30e,1582,pdf_16,7b893a3f02630b40240d0242410f662e3fe91d8d5ea2449991bba89e89a89ea4,data/raw/pdfs/16_ปราจีนบุรี.pdf,1,18,25.84252,301.94649,1088.8346429729727,315.24649
pdf_66:p2:r9,rec_5913e386358e117c2a8641a99115a2368344657334cb7f9278eef07d2f28485b,1583,pdf_66,012255400d37e8c732ded7ebc3c018108c8f4aa391112b3f6d6515d21e797ab6,data/raw/pdfs/66_ภูเก็ต.pdf,2,9,25.84252,145.74255999999997,1088.8346404878048,159.04255999999998
pdf_68:p2:r9,rec_1ef95fa83cd486c132338b7f40fbac517f0c024c68070dfda7918258e796c18d,1584,pdf_68,3a242476c7c0c82cd6f78455b9ca30a8d8e875f3ae38090ae0fd5fb12805c593,data/raw/pdfs/68_ระนอง.pdf,2,9,25.84252,145.74255999999997,1088.8346404878048,159.04255999999998
pdf_66:p3:r16,rec_c7826c6c705a4dfe9ef3022e98fc4c3794a49df4da23fd93077c53ed9534f148,1585,pdf_66,012255400d37e8c732ded7ebc3c018108c8f4aa391112b3f6d6515d21e797ab6,data/raw/pdfs/66_ภูเก็ต.pdf,3,16,25.84252,238.84256,1088.8346397368418,252.14256
pdf_75:p1:r4,rec_fd909d9bab2f6af728eba9a21c13dfccd0f66d30435cdbcccd10e5e97a61fa97,1586,pdf_75,ffef7f4f9a7953e62785b17dc6cfa1d3fa15bda9cb7369abaaa41e24f24f5ae4,data/raw/pdfs/75_ยะลา.pdf,1,4,25.84252,115.74649,1088.834642352941,129.04649
pdf_70:p1:r29,rec_6256bb1727fd746b40a0b45853e8864633d6c1a3edb74a3860a3c113ab8cf51b,1587,pdf_70,dd0c8cec48b7f0994639864765a097630785c0e22135d674cb3057f22c0f80ab,data/raw/pdfs/70_สงขลา.pdf,1,29,25.84252,448.24649,1088.8346429729727,461.54649
pdf_23:p2:r9,rec_dc3f88c9eeb12341ff2df68c918823748387fe654ac5447a4ab83e1e8598279c,1588,pdf_23,771338278a591f8b5dfd252a64922234ef0d7071b6e6cd32beb2341668023e47,data/raw/pdfs/23_อุบลราชธานี.pdf,2,9,25.84252,145.74255999999997,1088.8346404878048,159.04255999999998
pdf_67:p6:r38,rec_67e6f5450fe6ca75ba1103944454b38619fd6497c4d475e08f784bb95d774956,1589,pdf_67,b66fc9f9229750b7a04c0e5c07c072d77eb0800ed604da819fb28b6c4a75a636,data/raw/pdfs/67_สุราษฎร์ธานี.pdf,6,38,25.84252,531.44256,1088.8346404878048,544.74256
pdf_76:p2:r8,rec_4474f50837b17426289f98e6fcd07ec69893ee8b0642fdaaaade347aa6683cc7,1590,pdf_76,474bb90a38c020bbc86d90180af2b062867ed6a1db6999d709acff810fd5d84d,data/raw/pdfs/76_นราธิวาส.pdf,2,8,25.84252,132.44259999999997,1088.8346369999997,145.74260000000004
pdf_66:p2:r10,rec_88f67b5a152ba9ed997de7adc14eb0164a80d82a2872448ee878de0c8a7ae14c,1591,pdf_66,012255400d37e8c732ded7ebc3c018108c8f4aa391112b3f6d6515d21e797ab6,data/raw/pdfs/66_ภูเก็ต.pdf,2,10,25.84252,159.04255999999998,1088.8346404878048,172.34256
pdf_30:p1:r5,rec_b73739cc55d6a095393e11d29387d38dd0cdce2d413f66a70f9105adea783705,1592,pdf_30,3dbc36c6e240d0c7cc9a595bfe9743d7b0579f6761191fb00c2a69959c985598,data/raw/pdfs/30_เลย.pdf,1,5,25.84252,129.04650000000004,1088.8346355555555,142.3465
pdf_57:p2:r17,rec_a5c2c67d6f3b08b698eb48c6f39c37923e3fb033a673f0b27d94c543c5a592dd,1593,pdf_57,9b6f57faac860a1339f68519b1b756d3ef34cc2ccd4962f5e15b78600e7c9112,data/raw/pdfs/57_สุพรรณบุรี.pdf,2,17,25.84252,252.14255999999995,1088.8346404878048,265.44255999999996
pdf_55:p1:r22,rec_fe9dc0bb0d47c448b98fccf33eb80c993b844aab0f4544edb665fb04bffa66d3,1594,pdf_55,fe2373eb0d81516b45b09f5bb593a35bc32f505875cafd93f214ca6bc310c4d4,data/raw/pdfs/55_ราชบุรี.pdf,1,22,25.84252,355.14649,1088.8346429729727,368.44649
pdf_19:p1:r27,rec_c47a9b51810a2a29dc1a94940fd5be56ac3c7bf94ffe443459983aa337e48e37,1595,pdf_19,2fbc685c790d957bd597a9ae4cbc69a07dacbb20cab611015cf1ce2eecd5982c,data/raw/pdfs/19_นครราชสีมา.pdf,1,27,25.84252,430.14649,1088.8346429729727,443.44649
pdf_15:p2:r27,rec_11702bf437e72163ab629f0d807bad5aa3d07f1c75498aecfad0ee80010c8d74,1596,pdf_15,bf99cdf12418fcdc90b3c1c739fd4e7e09ca40818852ca43bcd1c3284b3cf084,data/raw/pdfs/15_ฉะเชิงเทรา.pdf,2,27,25.84252,385.14256,1088.8346404878048,398.44255999999996
pdf_56:p1:r15,rec_493e82cdb484c1a87685d1c30a656190484f319a383cef1f510be45f7187e692,1597,pdf_56,f0ce416ab9d3f527c2052960422068d0564c2b8833f2a75d05cab7aa8280b0d5,data/raw/pdfs/56_กาญจนบุรี.pdf,1,15,25.84252,262.04648999999995,1088.8346429729727,275.34649
pdf_07:p1:r14,rec_da90ff24616831eb49c86012cf4b4f68754f425a966d9246102657eb7ca3c19e,1598,pdf_07,f00681093e03a60a87dbc3834edae199fd055d6366406e456741ffd059ff3b05,data/raw/pdfs/07_ลพบุรี.pdf,1,14,25.84252,248.74649,1088.8346429729727,262.04648999999995
pdf_32:p1:r18,rec_b7a835a89af255faaa838c6d45d06c2f2a565073525fe18be42038d856135672,1599,pdf_32,b00581f42f40b25ff4c6be7ad8e530fc1306844ad3bb673079384b891a4190e5,data/raw/pdfs/32_มหาสารคาม.pdf,1,18,25.84252,301.9465,1088.8346399999998,315.24649999999997
pdf_57:p3:r37,rec_13809d7c45c9611e86b02c4dd998887cba09e2fa64d56a9721e2bf3b000cc5ad,1600,pdf_57,9b6f57faac860a1339f68519b1b756d3ef34cc2ccd4962f5e15b78600e7c9112,data/raw/pdfs/57_สุพรรณบุรี.pdf,3,37,25.84252,518.14256,1088.8346404878048,531.44256
pdf_53:p2:r18,rec_7b5e5337b423ea0d9dda316517dacb96410b21c51048080a4ad845dac7c49256,1601,pdf_53,41aaaf3a91961ab9b2dee694f50d9a086d1ad80beffe1b54e81370016a11cb14,data/raw/pdfs/53_พิจิตร.pdf,2,18,25.84252,265.44259999999997,1088.834638181818,278.7426
pdf_04:p2:r9,rec_81433360205244be32b074c1b55302c493d2d98cabd391bf1701224191494859,1602,pdf_04,83861a2a02db33dda27703227bb90cd50ba1b9144123e42912f926c1d1043c39,data/raw/pdfs/04_ปทุมธานี.pdf,2,9,25.84252,145.74255999999997,1088.8346404878048,159.04255999999998
pdf_30:p1:r14,rec_a24950f8f1ff6ded20f38cd2f0a757cf634b64b495be0f07b9d63d46d2ff2ec2,1603,pdf_30,3dbc36c6e240d0c7cc9a595bfe9743d7b0579f6761191fb00c2a69959c985598,data/raw/pdfs/30_เลย.pdf,1,14,25.84252,248.74650000000003,1088.8346355555555,262.0465
pdf_04:p4:r26,rec_50b60b7a4fd5807adeba3c9ef9669e355f8f0abe8e1d78c95794cca5675fdf22,1604,pdf_04,83861a2a02db33dda27703227bb90cd50ba1b9144123e42912f926c1d1043c39,data/raw/pdfs/04_ปทุมธานี.pdf,4,26,25.84252,371.84256,1088.8346404878048,385.14256
pdf_51:p1:r19,rec_51f1474b023d3dc88d83a24d6b0d234c158c25aa37c968747b6e88f7364357bc,1605,pdf_51,380327daf06efde704e25ac9a209c4688b14087a4bcd57b35db44471d39e5199,data/raw/pdfs/51_สุโขทัย.pdf,1,19,25.84252,323.74649,1088.834642352941,337.04649
pdf_46:p1:r8,rec_38ef9ce24a446e5a340b84dfe82cd58aa2745fdb0338b7cf30f2ad8b9b479ad4,1606,pdf_46,06c4f6b2edd8aec0be7828038556b5b7aec2393f710ca692324db2369d00d382,data/raw/pdfs/46_แม่ฮ่องสอน.pdf,1,8,25.84252,168.94650000000001,1088.834638181818,182.24649999999997
pdf_02:p2:r15,rec_666a4ed5359bf8a6514a22697f718781dc45919c36fabce7063382b4b54e5b0a,1607,pdf_02,368a15805d33fb210ed50297795f7f50bf822054e05b59bf71bfa25bee0f3a3c,data/raw/pdfs/02_สมุทรปราการ.pdf,2,15,25.84252,225.54255999999995,1088.8346404878048,238.84256
pdf_52:p1:r31,rec_768414788a118f7466dee62e6a32e4a553e65cc5dc53cb14b0b907cdf6cbb939,1608,pdf_52,9cb0d6cf6dff8fc890e8435c67310ba7051a6c49c0a0cbb9b817f49c8ece0551,data/raw/pdfs/52_พิษณุโลก.pdf,1,31,25.84252,474.84649,1088.8346429729727,488.14649
pdf_06:p1:r30,rec_5873d1765dc42fe0df3d13f9feeaa80ff61ce38db24aa0264aa59726c7f53777,1609,pdf_06,03acf167c8c7dcc3b7e6ccbd9afcaa05e3b5157df416e00c1b7e146d91880d3c,data/raw/pdfs/06_อ่างทอง.pdf,1,30,25.84252,461.54649,1088.8346429729727,474.84649
pdf_68:p1:r26,rec_1b59fcbf393d98c998dded20966c1081f5e3c680090a4444807efc508ca0c6ad,1610,pdf_68,3a242476c7c0c82cd6f78455b9ca30a8d8e875f3ae38090ae0fd5fb12805c593,data/raw/pdfs/68_ระนอง.pdf,1,26,25.84252,408.34649,1088.8346429729727,421.64649
pdf_66:p3:r17,rec_6702b5d8d8e9f0a2bb932a45a37103bcccb62343a0dee3275f6dfd5046fa80b5,1611,pdf_66,012255400d37e8c732ded7ebc3c018108c8f4aa391112b3f6d6515d21e797ab6,data/raw/pdfs/66_ภูเก็ต.pdf,3,17,25.84252,252.14256,1088.8346397368418,265.44255999999996
pdf_51:p1:r24,rec_6da29e5aa01c91e0bae4502e2e632cae5206dbae916c5c29b9c78489e7a0adb8,1612,pdf_51,380327daf06efde704e25ac9a209c4688b14087a4bcd57b35db44471d39e5199,data/raw/pdfs/51_สุโขทัย.pdf,1,24,25.84252,390.24649,1088.834642352941,403.54648999999995
pdf_11:p1:r4,rec_c71ea79f47441b4d9c0942c665d7d8a900e19e5b53c8429161e240216c08757a,1613,pdf_11,3638acfefe295becff8609b6ee16edeea0914e518d215754813661f1c0a3f79b,data/raw/pdfs/11_ชลบุรี.pdf,1,4,25.84252,115.74649,1088.8346429729727,129.04648999999995
pdf_75:p1:r28,rec_7e97ef4ea6eea6576f01711447d031e832e4b269647ddcc6fcc4fb5a0e796d29,1614,pdf_75,ffef7f4f9a7953e62785b17dc6cfa1d3fa15bda9cb7369abaaa41e24f24f5ae4,data/raw/pdfs/75_ยะลา.pdf,1,28,25.84252,434.94649,1088.834642352941,448.24649
pdf_25:p1:r32,rec_0dd9f822feacc06f1e5dca0e295899b9615e859f6defc4306ac00c7cf703add3,1615,pdf_25,0155bd151db06d789a16df2bc6422d9237698f7f38d57991cc1ab60bcb86601c,data/raw/pdfs/25_ชัยภูมิ.pdf,1,32,25.84252,488.14649,1088.8346429729727,501.44649
pdf_15:p1:r6,rec_0f062e9a889ca8983d88c8d7b380bccee39d2528d3f2b4f54cc115118a57552c,1616,pdf_15,bf99cdf12418fcdc90b3c1c739fd4e7e09ca40818852ca43bcd1c3284b3cf084,data/raw/pdfs/15_ฉะเชิงเทรา.pdf,1,6,25.84252,142.34649000000002,1088.8346429729727,155.64648999999997
pdf_19:p4:r34,rec_eed1b2bd88b88730ff60073e98f4ab706ae9a0f6cfc548bd81f27147fbfe0a5f,1617,pdf_19,2fbc685c790d957bd597a9ae4cbc69a07dacbb20cab611015cf1ce2eecd5982c,data/raw/pdfs/19_นครราชสีมา.pdf,4,34,25.84252,478.24256,1088.8346404878048,491.54256
pdf_03:p3:r30,rec_29e659f6c5230abcb9f7da2b55f609a0f4d898664fab1f7b5b1419308720d804,1618,pdf_03,7dd9e7f51732791c63183067d85d18d20f856edf0c2dff89dbda84d866df2d62,data/raw/pdfs/03_นนทบุรี.pdf,3,30,25.84252,425.04256,1088.8346404878048,438.34255999999993
pdf_55:p1:r16,rec_af7248e276170fdce401f1d8b0156e5c9c56d13d6d6e107d54a216410b4f8ab1,1619,pdf_55,fe2373eb0d81516b45b09f5bb593a35bc32f505875cafd93f214ca6bc310c4d4,data/raw/pdfs/55_ราชบุรี.pdf,1,16,25.84252,275.34649,1088.8346429729727,288.64649
pdf_10:p1:r2,rec_2cecf7ad766febe2cd51dfb63fe36e8f0b97508ebb79fa20ef617ec5e5d82a5b,1620,pdf_10,5e0a433bc2cc307479a32d344bf5b0b4f006af0a3d0ccc1493fb587c885896c1,data/raw/pdfs/10_สระบุรี.pdf,1,2,25.84252,89.14648999999997,1088.8346429729727,102.44649000000004
pdf_57:p2:r25,rec_0166edc187d3adfb9fb00f3ce9e85e525d4df2c72b90c79b40b7a9bd763e0cc1,1621,pdf_57,9b6f57faac860a1339f68519b1b756d3ef34cc2ccd4962f5e15b78600e7c9112,data/raw/pdfs/57_สุพรรณบุรี.pdf,2,25,25.84252,358.54256,1088.8346404878048,371.84256
pdf_62:p1:r5,rec_e48dae2377677c468dde444132b09f0278e0d3e6acdc6667ea92c9512eadc13d,1622,pdf_62,16170e28f4926ce3d0cb9566cb26ec752a3cb84a42d0ceb55d00107b3d3f1443,data/raw/pdfs/62_ประจวบคีรีขันธ์.pdf,1,5,25.84252,129.0465,1088.834638181818,142.3465
pdf_59:p2:r2,rec_a3f619759544c910dd225e8ac84b0fe5b982b08077fc0ec4513a995a535350d7,1623,pdf_59,0c5827ab1fffa2ec0689a95405ee8640473ea428f18b199f44d2f71d4f366ad8,data/raw/pdfs/59_สมุทรสาคร.pdf,2,2,25.84252,52.64256,1088.8346404878048,65.94255999999996
pdf_50:p1:r25,rec_10f9abdf610428a16719bfa1bee0558f54d13cf455f1a6ce6c1fe1fc2accd27e,1624,pdf_50,8b7fe8a59c2c1fa488d7462868687d8f934217d7df929384117ef1e19dae37ab,data/raw/pdfs/50_ตาก.pdf,1,25,25.84252,395.04649,1088.8346429729727,408.34649
pdf_67:p5:r38,rec_46b583b142b388803182a720907f20c500e553a454272b8d0df91a1d857a5160,1625,pdf_67,b66fc9f9229750b7a04c0e5c07c072d77eb0800ed604da819fb28b6c4a75a636,data/raw/pdfs/67_สุราษฎร์ธานี.pdf,5,38,25.84252,531.44256,1088.8346404878048,544.74256
pdf_52:p2:r2,rec_5fc0965ea34f2fbf86d00acf314d7de540953b6ce548c8a1b8d539cffcd76c4a,1626,pdf_52,9cb0d6cf6dff8fc890e8435c67310ba7051a6c49c0a0cbb9b817f49c8ece0551,data/raw/pdfs/52_พิษณุโลก.pdf,2,2,25.84252,52.642600000000016,1088.834594285714,65.94259999999997
pdf_64:p1:r4,rec_3028377043a5d8d30309b2e46dbf9f74bd6ef622fa47ffc25cc429731bf064ef,1627,pdf_64,a4e4abc03757d1e14ce1bfb2e426567faeea8fce3152123821e712496872240e,data/raw/pdfs/64_กระบี่.pdf,1,4,25.84252,115.74649,1088.8346429729727,129.04648999999995
pdf_04:p4:r27,rec_bfe1b394af0a6c26b4927a19c7004e863657215e3650cf0a2c36dc1a81e3de73,1628,pdf_04,83861a2a02db33dda27703227bb90cd50ba1b9144123e42912f926c1d1043c39,data/raw/pdfs/04_ปทุมธานี.pdf,4,27,25.84252,385.14256,1088.8346404878048,398.44255999999996
pdf_28:p1:r1,rec_4ff2e053421d90afe7fd20ffdda9f60ddbc0fbbdc2a3612375fc1cf8ea8b9504,1629,pdf_28,38e1a8d128ab928dd0bef117c9dbaa8191aea027adc2dae9137f68937f31d040,data/raw/pdfs/28_ขอนแก่น.pdf,1,1,25.84252,75.84649000000002,1088.8346429729727,89.14648999999997
pdf_15:p2:r5,rec_2586159cf735e462009ed34e3efa94ec4b34bbb9941a15a72042337bc9ae257c,1630,pdf_15,bf99cdf12418fcdc90b3c1c739fd4e7e09ca40818852ca43bcd1c3284b3cf084,data/raw/pdfs/15_ฉะเชิงเทรา.pdf,2,5,25.84252,92.54255999999998,1088.8346404878048,105.84256
pdf_73:p2:r35,rec_849dae94f6f672151f4eab13fd895350759a8ea8d7da7b18c6de649ab42cf556,1631,pdf_73,8a9a8b1fb9d81eb7f2d76afa1f886621ea38587fc4c60902bc317398649ff90e,data/raw/pdfs/73_พัทลุง.pdf,2,35,25.84252,491.54256,1088.8346404878048,504.84255999999993
pdf_04:p1:r11,rec_831a05ae3c99d75e370fab79a7386e8bd917477c00370d30dbfd0ccf05d9a742,1632,pdf_04,83861a2a02db33dda27703227bb90cd50ba1b9144123e42912f926c1d1043c39,data/raw/pdfs/04_ปทุมธานี.pdf,1,11,25.84252,208.84649,1088.8346429729727,222.14649
pdf_68:p2:r18,rec_7238f78f7d146bacd559af366860a3c86a452710aa58bf09cf34734cb49ba3f1,1633,pdf_68,3a242476c7c0c82cd6f78455b9ca30a8d8e875f3ae38090ae0fd5fb12805c593,data/raw/pdfs/68_ระนอง.pdf,2,18,25.84252,265.44255999999996,1088.8346404878048,278.74255999999997
pdf_03:p3:r31,rec_be6ac1ecd0017d39f00e3c61deebc20dac06870b9b1bc5da56340979331be5b4,1634,pdf_03,7dd9e7f51732791c63183067d85d18d20f856edf0c2dff89dbda84d866df2d62,data/raw/pdfs/03_นนทบุรี.pdf,3,31,25.84252,438.34255999999993,1088.8346404878048,451.64256000000006
pdf_15:p1:r4,rec_272479dabf9b52d22ac801f157c51cbc65e18b56a0727e39a6f667feb8c4540a,1635,pdf_15,bf99cdf12418fcdc90b3c1c739fd4e7e09ca40818852ca43bcd1c3284b3cf084,data/raw/pdfs/15_ฉะเชิงเทรา.pdf,1,4,25.84252,115.74649,1088.8346429729727,129.04648999999995
pdf_02:p2:r20,rec_3060c8b96740fede1b54696f04b489121210dda045ab56448a928cf29f9c6ca4,1636,pdf_02,368a15805d33fb210ed50297795f7f50bf822054e05b59bf71bfa25bee0f3a3c,data/raw/pdfs/02_สมุทรปราการ.pdf,2,20,25.84252,292.04256,1088.8346404878048,305.34256
pdf_03:p1:r25,rec_4fe0db49af0908abcdfbd1ceaaa4237d4970dbaafe2745f495ec4cdda720fb8f,1637,pdf_03,7dd9e7f51732791c63183067d85d18d20f856edf0c2dff89dbda84d866df2d62,data/raw/pdfs/03_นนทบุรี.pdf,1,25,25.84252,395.04649,1088.8346429729727,408.34649
pdf_62:p1:r14,rec_7476779847d60abab41af4046904bdbf187d9aa9ed8fd7c8a34fbd70a5240f2f,1638,pdf_62,16170e28f4926ce3d0cb9566cb26ec752a3cb84a42d0ceb55d00107b3d3f1443,data/raw/pdfs/62_ประจวบคีรีขันธ์.pdf,1,14,25.84252,248.74649999999997,1088.834638181818,262.0465
pdf_74:p3:r14,rec_9d6da7ba86342ad13cf0b34959630bc1c4d250b88bbed4579e12792be0c642a8,1639,pdf_74,a740362f586a24f46fcc09fc1a1bc6391556e4c9bc432141903734f7833f39db,data/raw/pdfs/74_ปัตตานี.pdf,3,14,25.84252,212.24259999999998,1088.834628333333,225.5426
pdf_15:p1:r17,rec_1e56bbcfc85a537f59be1fefcde63d349f78cdb2676d79fdf8ff0bffd72642b0,1640,pdf_15,bf99cdf12418fcdc90b3c1c739fd4e7e09ca40818852ca43bcd1c3284b3cf084,data/raw/pdfs/15_ฉะเชิงเทรา.pdf,1,17,25.84252,288.64649,1088.8346429729727,301.94649
pdf_50:p1:r29,rec_75e83796e130fdda26832228341b73a8b9996b5053d9661f77e54da5b817f0d0,1641,pdf_50,8b7fe8a59c2c1fa488d7462868687d8f934217d7df929384117ef1e19dae37ab,data/raw/pdfs/50_ตาก.pdf,1,29,25.84252,448.24649,1088.8346429729727,461.54649
pdf_61:p1:r7,rec_22c28d2e5bb280cffe0646dc80ed33e7e5e47af326d5bcd98dec059aa4f70d7f,1642,pdf_61,6dda18b7ffb9a73296045d0dd81965bec27f7cbccc7ef862c8bf458d206599e2,data/raw/pdfs/61_เพชรบุรี.pdf,1,7,25.84252,155.6465,1088.834638181818,168.94650000000001
pdf_04:p4:r35,rec_5f0df71c831b354b77dfecdaaf428821999048d30e53ec6842966c38a41d7299,1643,pdf_04,83861a2a02db33dda27703227bb90cd50ba1b9144123e42912f926c1d1043c39,data/raw/pdfs/04_ปทุมธานี.pdf,4,35,25.84252,491.54256,1088.8346404878048,504.84255999999993
pdf_18:p1:r24,rec_a9cd591d96584947aafab60c4d5807947f16ef1c4f9e52b960c0f9e791a9f556,1644,pdf_18,be2f47080dc7e95c466a639def50661998348f89a3d3495b6324e03e6ac06a59,data/raw/pdfs/18_สระแก้ว.pdf,1,24,25.84252,381.74649,1088.834642121212,395.04649
pdf_66:p2:r11,rec_112bdf1b0d6cac660da9a39f16ae0de1d8b9720446dc8a0d54f4500fcb274c86,1645,pdf_66,012255400d37e8c732ded7ebc3c018108c8f4aa391112b3f6d6515d21e797ab6,data/raw/pdfs/66_ภูเก็ต.pdf,2,11,25.84252,172.34256,1088.8346404878048,185.64255999999995
pdf_72:p1:r31,rec_deae2eaf1adac7e59fddf431cf769769da55a3cbcccfdc59ece43e350891c6a9,1646,pdf_72,04f947c56ddf01a73b376cdbb3099e393f9141fff3fec2504b9e031114606073,data/raw/pdfs/72_ตรัง.pdf,1,31,25.84252,474.84649,1088.8346429729727,488.14649
pdf_03:p3:r32,rec_15297f5c9dc34554e95f5296d5897c77b4f4d00767604f7d53c573e39e7d0235,1647,pdf_03,7dd9e7f51732791c63183067d85d18d20f856edf0c2dff89dbda84d866df2d62,data/raw/pdfs/03_นนทบุรี.pdf,3,32,25.84252,451.64256000000006,1088.8346404878048,464.94255999999996
pdf_77:p1:r2,rec_150eb7c764f909fa9f41d1fcf22c1036686eb62b3fc27bc3a00d74113b9490d1,1648,pdf_77,c6a9a5450194adece004b460d492fc69a9aaf576ac9b79fe291a676e7bd6b4b3,data/raw/pdfs/77_บึงกาฬ.pdf,1,2,25.84252,89.1465,1088.8346299999998,102.44650000000001
pdf_73:p1:r32,rec_eb5b1e6b51fcc805b6db8ab087c854c605b076817be99371fc2f2eeeeb0527ca,1649,pdf_73,8a9a8b1fb9d81eb7f2d76afa1f886621ea38587fc4c60902bc317398649ff90e,data/raw/pdfs/73_พัทลุง.pdf,1,32,25.84252,496.64649,1088.8346429729727,509.94649
pdf_53:p1:r30,rec_2673bc0a094c3d1925fa229d15da0628ee75f6f005e98a4a499ec3780eb38f91,1650,pdf_53,41aaaf3a91961ab9b2dee694f50d9a086d1ad80beffe1b54e81370016a11cb14,data/raw/pdfs/53_พิจิตร.pdf,1,30,25.84252,470.04649,1088.8346429729727,483.34649
pdf_67:p5:r6,rec_b7aaff8b421387f98054489d8df73e262ef2dff779916371d927865f76b712b6,1651,pdf_67,b66fc9f9229750b7a04c0e5c07c072d77eb0800ed604da819fb28b6c4a75a636,data/raw/pdfs/67_สุราษฎร์ธานี.pdf,5,6,25.84252,105.84256,1088.8346404878048,119.14255999999996
pdf_57:p3:r29,rec_a750d0a36dfa6f25e30041263f993457a84108648e4012d41fa9fe885080af9a,1652,pdf_57,9b6f57faac860a1339f68519b1b756d3ef34cc2ccd4962f5e15b78600e7c9112,data/raw/pdfs/57_สุพรรณบุรี.pdf,3,29,25.84252,411.74256,1088.8346404878048,425.04256
pdf_40:p1:r25,rec_9376ee61242c8fb4f2f407948fdde8cb957c332298cd8bd1096ec078e4a21a98,1653,pdf_40,89bea4e9a200e8f073d048a2ed2a881a1e01108b8c12f1e050317b845aac6b1d,data/raw/pdfs/40_ลำปาง.pdf,1,25,25.84252,395.04649,1088.8346429729727,408.34649
pdf_55:p1:r21,rec_fffab32be08fa0a2614f9246608122b3a797ff068e000602634944408e1bf6a6,1654,pdf_55,fe2373eb0d81516b45b09f5bb593a35bc32f505875cafd93f214ca6bc310c4d4,data/raw/pdfs/55_ราชบุรี.pdf,1,21,25.84252,341.84649,1088.8346429729727,355.14649
pdf_34:p1:r3,rec_199c06aa584f44b6dcfb44814708b1f2816b76b6faac159ccc1e9558aea34bf9,1655,pdf_34,30b4d774cb5320d220f159e40b6587975e86746b88d9aa4836232840654436f4,data/raw/pdfs/34_กาฬสินธุ์.pdf,1,3,25.84252,110.94649999999999,1088.834626363636,124.24649999999997
pdf_72:p2:r29,rec_9f3d0db25a4151d5b7c3c7a05a88b0a4dd1986004c83bc10294c647d07332ca8,1656,pdf_72,04f947c56ddf01a73b376cdbb3099e393f9141fff3fec2504b9e031114606073,data/raw/pdfs/72_ตรัง.pdf,2,29,25.84252,411.74255999999997,1088.8346402499997,425.04256
pdf_74:p1:r24,rec_6801c627e4205c89052b8abd65550954764d21c107538782dc417085b5a50803,1657,pdf_74,a740362f586a24f46fcc09fc1a1bc6391556e4c9bc432141903734f7833f39db,data/raw/pdfs/74_ปัตตานี.pdf,1,24,25.84252,381.74649,1088.8346429729727,395.04649
pdf_75:p1:r6,rec_7fcbad44352fcddfc003bdb7bccbea636cc7448cf0b4c7a71a5d099d02619839,1658,pdf_75,ffef7f4f9a7953e62785b17dc6cfa1d3fa15bda9cb7369abaaa41e24f24f5ae4,data/raw/pdfs/75_ยะลา.pdf,1,6,25.84252,142.34649,1088.834642352941,155.64648999999997
pdf_74:p1:r9,rec_8c5bce3f464120a68e8f13a5f744f61016debacf3ff64279b03610b5d17206f5,1659,pdf_74,a740362f586a24f46fcc09fc1a1bc6391556e4c9bc432141903734f7833f39db,data/raw/pdfs/74_ปัตตานี.pdf,1,9,25.84252,182.24649,1088.8346429729727,195.54648999999995
pdf_04:p1:r4,rec_cd05ee37d83bfbc9c69efdba9f3d72ce044d5b6d8f38802e5e46b15debe743c6,1660,pdf_04,83861a2a02db33dda27703227bb90cd50ba1b9144123e42912f926c1d1043c39,data/raw/pdfs/04_ปทุมธานี.pdf,1,4,25.84252,115.74649,1088.8346429729727,129.04648999999995
pdf_30:p1:r12,rec_d2b944343d7ff3e0a192fcf258b6e157e571db101c56ff57236ed1b91de981eb,1661,pdf_30,3dbc36c6e240d0c7cc9a595bfe9743d7b0579f6761191fb00c2a69959c985598,data/raw/pdfs/30_เลย.pdf,1,12,25.84252,222.1465,1088.8346355555555,235.44650000000001
pdf_08:p1:r13,rec_24c07d41ed80f5188dac9c254046b94f46da2ec92c31cf84fe08e89c7359db83,1662,pdf_08,1fd4933c38e10cf826fbe5ecfe74a2eb8305671e2bb949afd059fb72b251fdad,data/raw/pdfs/08_สิงห์บุรี.pdf,1,13,25.84252,235.44650000000001,1088.8346399999998,248.74649999999997
pdf_77:p1:r10,rec_35d8836dc75a5b7378bf2606a1c0bb7c1a352ac981f14472e86394a279b26fc0,1663,pdf_77,c6a9a5450194adece004b460d492fc69a9aaf576ac9b79fe291a676e7bd6b4b3,data/raw/pdfs/77_บึงกาฬ.pdf,1,10,25.84252,195.54649999999998,1088.8346299999998,208.84650000000002
pdf_03:p3:r33,rec_82a839098aa36ace7cc2c79397a4b783697ebf96f8018cc9c01803fef1d2d3cd,1664,pdf_03,7dd9e7f51732791c63183067d85d18d20f856edf0c2dff89dbda84d866df2d62,data/raw/pdfs/03_นนทบุรี.pdf,3,33,25.84252,464.94255999999996,1088.8346404878048,478.24256
pdf_19:p4:r12,rec_50c0c58e7a1ffd88f4f3b42b8186321a8e450cae38734852e14c9a912a42b50b,1665,pdf_19,2fbc685c790d957bd597a9ae4cbc69a07dacbb20cab611015cf1ce2eecd5982c,data/raw/pdfs/19_นครราชสีมา.pdf,4,12,25.84252,185.64255999999995,1088.8346404878048,198.94255999999996
pdf_52:p1:r7,rec_17d156f393571c5af6607a61d73844c0d307110c80cde36667ec1fbdee1d85b4,1666,pdf_52,9cb0d6cf6dff8fc890e8435c67310ba7051a6c49c0a0cbb9b817f49c8ece0551,data/raw/pdfs/52_พิษณุโลก.pdf,1,7,25.84252,155.64648999999997,1088.8346429729727,168.94649000000004
pdf_67:p2:r36,rec_6882918a910fb291db26e1dda4627e95357479b273ddb3b57ef3e76d6ca0b52b,1667,pdf_67,b66fc9f9229750b7a04c0e5c07c072d77eb0800ed604da819fb28b6c4a75a636,data/raw/pdfs/67_สุราษฎร์ธานี.pdf,2,36,25.84252,504.84255999999993,1088.8346404878048,518.14256
pdf_27:p2:r8,rec_e43c727285a2bdf98753f01a415c11b1b1c86e885c3ec4fee24029188a67e1ca,1668,pdf_27,bf545cbe9d19aa5a22880cf18f4484776d7d3e1348605d1451dfe7147ed85334,data/raw/pdfs/27_หนองบัวลำภู.pdf,2,8,25.84252,132.44259999999997,1088.8346304999998,145.74259999999998
pdf_05:p1:r20,rec_b0b05c91c062fa167d0fbbd8b645255a84ec21a953b21ae623c352b6faac3385,1669,pdf_05,ae1ba5ac5ef768c29045f4282a9047c71474a8d654003bfa51574874b3f415fc,data/raw/pdfs/05_พระนครศรีอยุธยา.pdf,1,20,25.84252,328.54649,1088.8346429729727,341.84649
pdf_12:p2:r22,rec_27a8373debaedb30dc8e22b9d37aa51bb62e5cc1b7fc9d05fccb41926d730367,1670,pdf_12,a807bf56c3fc6df739b3c4e072038fd3824bd793ca3bbc711cf4169e5e81ff9c,data/raw/pdfs/12_ระยอง.pdf,2,22,25.842520000000004,318.6426,1088.8346355555555,331.94259999999997
pdf_66:p2:r12,rec_b342257b876afe90c5f7f9488145b45917682e611e2f728e230bcb520ea00b5d,1671,pdf_66,012255400d37e8c732ded7ebc3c018108c8f4aa391112b3f6d6515d21e797ab6,data/raw/pdfs/66_ภูเก็ต.pdf,2,12,25.84252,185.64255999999995,1088.8346404878048,198.94255999999996
pdf_71:p1:r1,rec_043a99ed6d451e03404aee1b13e0f589ef00ad7fa6544d9afc88cfe959e151bd,1672,pdf_71,639082545e4a719e41bac9fcbfd55a943a269cfdf276e85b2e44844d06d2a73a,data/raw/pdfs/71_สตูล.pdf,1,1,25.84252,75.84649999999999,1088.8346395999997,89.14649999999999
pdf_74:p1:r15,rec_24525dece44f563e21d248832a6c1fd3a5fe4cdeaab0a871d7f8947038ff226a,1673,pdf_74,a740362f586a24f46fcc09fc1a1bc6391556e4c9bc432141903734f7833f39db,data/raw/pdfs/74_ปัตตานี.pdf,1,15,25.84252,262.04648999999995,1088.8346429729727,275.34649
pdf_76:p2:r26,rec_2a93276f13cac73aa9e7d9e61cefcafc5747e532b358306464fdbfb6edf1ac82,1674,pdf_76,474bb90a38c020bbc86d90180af2b062867ed6a1db6999d709acff810fd5d84d,data/raw/pdfs/76_นราธิวาส.pdf,2,26,25.84252,371.8426,1088.8346369999997,385.1426
pdf_74:p2:r16,rec_589ba61f059b4b6a7a71a2f0affb84a20fae5c55ed4ad6a2d9184a15fc46bfd9,1675,pdf_74,a740362f586a24f46fcc09fc1a1bc6391556e4c9bc432141903734f7833f39db,data/raw/pdfs/74_ปัตตานี.pdf,2,16,25.84252,238.84256,1088.8346404878048,252.14255999999995
pdf_67:p4:r7,rec_9d1c59b7b7b64c70259748f0cebaf0bdcfaa63d99e1af3112c74d7074345fb05,1676,pdf_67,b66fc9f9229750b7a04c0e5c07c072d77eb0800ed604da819fb28b6c4a75a636,data/raw/pdfs/67_สุราษฎร์ธานี.pdf,4,7,25.84252,119.14255999999996,1088.8346404878048,132.44255999999996
pdf_66:p2:r13,rec_01c82c12505f6b78a40645df9c14efb7d5c93278959817713abbab8301a6bf20,1677,pdf_66,012255400d37e8c732ded7ebc3c018108c8f4aa391112b3f6d6515d21e797ab6,data/raw/pdfs/66_ภูเก็ต.pdf,2,13,25.84252,198.94255999999996,1088.8346404878048,212.24255999999997
pdf_74:p1:r32,rec_f3df89142dac1e5974c158b25e7ab44d6e3e31617b1334ef3949e9de7f02ee54,1678,pdf_74,a740362f586a24f46fcc09fc1a1bc6391556e4c9bc432141903734f7833f39db,data/raw/pdfs/74_ปัตตานี.pdf,1,32,25.84252,488.14649,1088.8346429729727,501.44649
pdf_72:p2:r26,rec_614316f618d07e39c9503e45feda47fd35c7b47423d6b196e43572725e85164c,1679,pdf_72,04f947c56ddf01a73b376cdbb3099e393f9141fff3fec2504b9e031114606073,data/raw/pdfs/72_ตรัง.pdf,2,26,25.84252,371.84256,1088.8346402499997,385.14256
pdf_71:p1:r20,rec_381ca4609e5cc8d8fa7efdfb5404737988b82e13762ec728c53cf7602c8258ef,1680,pdf_71,639082545e4a719e41bac9fcbfd55a943a269cfdf276e85b2e44844d06d2a73a,data/raw/pdfs/71_สตูล.pdf,1,20,25.84252,328.5465,1088.8346395999997,341.8465
pdf_76:p2:r19,rec_74795b6209b8aeaf8e369a24b655efb0880912d31a10117de559e683edb87406,1681,pdf_76,474bb90a38c020bbc86d90180af2b062867ed6a1db6999d709acff810fd5d84d,data/raw/pdfs/76_นราธิวาส.pdf,2,19,25.84252,278.7426,1088.8346369999997,292.0426
pdf_70:p1:r27,rec_25a1f551cbb1568485ff2525faf9e6e2344432f7849b64005b870689ff8be3a1,1682,pdf_70,dd0c8cec48b7f0994639864765a097630785c0e22135d674cb3057f22c0f80ab,data/raw/pdfs/70_สงขลา.pdf,1,27,25.84252,421.64649,1088.8346429729727,434.94649
pdf_76:p1:r6,rec_fa599ab177749828cfba3bb7379840194160e236932a5043634d7b662a079c99,1683,pdf_76,474bb90a38c020bbc86d90180af2b062867ed6a1db6999d709acff810fd5d84d,data/raw/pdfs/76_นราธิวาส.pdf,1,6,25.84252,142.34649000000002,1088.8346429729727,155.64648999999997
pdf_66:p1:r3,rec_73ecc1d1cc2aad761bd8b4517163677f86f65e4bf142010d16f658f0d5d48021,1684,pdf_66,012255400d37e8c732ded7ebc3c018108c8f4aa391112b3f6d6515d21e797ab6,data/raw/pdfs/66_ภูเก็ต.pdf,1,3,25.84252,102.44649000000004,1088.8346429729727,115.74649
pdf_76:p2:r20,rec_2b8f9dc57082fc453a931ea5b6cf6d5b2cd34cb94143725b5884791922475ed5,1685,pdf_76,474bb90a38c020bbc86d90180af2b062867ed6a1db6999d709acff810fd5d84d,data/raw/pdfs/76_นราธิวาส.pdf,2,20,25.84252,292.0426,1088.8346369999997,305.3426
pdf_76:p1:r9,rec_f0df03b833b3efef5e8d5615136d4b408d19b761be96d4a57624f97b5b67f742,1686,pdf_76,474bb90a38c020bbc86d90180af2b062867ed6a1db6999d709acff810fd5d84d,data/raw/pdfs/76_นราธิวาส.pdf,1,9,25.84252,182.24649,1088.8346429729727,195.54648999999995
pdf_67:p2:r38,rec_9a4956237cb3a9c251968d8793df0a77a827fb32dd55d9b2f3f6314bc94a2d81,1687,pdf_67,b66fc9f9229750b7a04c0e5c07c072d77eb0800ed604da819fb28b6c4a75a636,data/raw/pdfs/67_สุราษฎร์ธานี.pdf,2,38,25.84252,531.44256,1088.8346404878048,544.74256
pdf_63:p1:r34,rec_5bec0f49fb1192f1a779bf9f70267e8fe48d2206b3b1e7d7e0302b54110b5566,1688,pdf_63,b04433cfbe561d1199180db3f5210359427f668e1f7b072f31972e2749ce63ae,data/raw/pdfs/63_นครศรีธรรมราช.pdf,1,34,25.84252,514.74649,1088.8346429729727,528.04649
pdf_03:p5:r7,rec_67441ddebcad9debb957c971512ffb57379b08babcc28bb5832da843fa1380ff,1689,pdf_03,7dd9e7f51732791c63183067d85d18d20f856edf0c2dff89dbda84d866df2d62,data/raw/pdfs/03_นนทบุรี.pdf,5,7,25.84252,119.14259999999999,1088.8346391666664,132.44259999999997
pdf_74:p1:r19,rec_7e4359e7a88e4560700eecd7588ed784cffb656dc703aa207e2f9a32ab231cf5,1690,pdf_74,a740362f586a24f46fcc09fc1a1bc6391556e4c9bc432141903734f7833f39db,data/raw/pdfs/74_ปัตตานี.pdf,1,19,25.84252,315.24649,1088.8346429729727,328.54649
pdf_68:p1:r3,rec_e7991f4295a49163d984427f86e89140dbe3c12a71fe2c02260993482e81b6df,1691,pdf_68,3a242476c7c0c82cd6f78455b9ca30a8d8e875f3ae38090ae0fd5fb12805c593,data/raw/pdfs/68_ระนอง.pdf,1,3,25.84252,102.44649000000004,1088.8346429729727,115.74649
pdf_76:p1:r29,rec_1eaabeb7030c3f3f7db58da5209972e144463b267f03decd9890b954a2aeb71c,1692,pdf_76,474bb90a38c020bbc86d90180af2b062867ed6a1db6999d709acff810fd5d84d,data/raw/pdfs/76_นราธิวาส.pdf,1,29,25.84252,448.24649,1088.8346429729727,461.54649
pdf_29:p1:r23,rec_68d05000deda0579e35d4b92cbc367dad90c380104f3bb46dde5886e59375583,1693,pdf_29,a1a30635ac132e2e87cc5b8c3c2c6e737453ecabe176861ce1a21609a26f3a1a,data/raw/pdfs/29_อุดรธานี.pdf,1,23,25.84252,368.44649,1088.8346429729727,381.74649
pdf_03:p2:r33,rec_6ca57e4ffd9d428a1ce9a99e39bb9850ddefec81054ad0630bd7a40c8db5c2bd,1694,pdf_03,7dd9e7f51732791c63183067d85d18d20f856edf0c2dff89dbda84d866df2d62,data/raw/pdfs/03_นนทบุรี.pdf,2,33,25.84252,464.94255999999996,1088.8346404878048,478.24256
pdf_06:p2:r4,rec_9abf3d7725313673ce7d8574fcec8c9f52fee736caa946bd7b864a9f99be4207,1695,pdf_06,03acf167c8c7dcc3b7e6ccbd9afcaa05e3b5157df416e00c1b7e146d91880d3c,data/raw/pdfs/06_อ่างทอง.pdf,2,4,25.84252,79.24259999999998,1088.8346109999998,92.5426
pdf_23:p2:r19,rec_ea1019185de98ed5a8228d9273b4e0e1b6e282795db338a1af25603a6e73bcc7,1696,pdf_23,771338278a591f8b5dfd252a64922234ef0d7071b6e6cd32beb2341668023e47,data/raw/pdfs/23_อุบลราชธานี.pdf,2,19,25.84252,278.74255999999997,1088.8346404878048,292.04256
pdf_03:p3:r34,rec_c9ee5d87d4891c34151f30fda0d8461577ef04d37a4f54a134ecbd01a0a4b1d5,1697,pdf_03,7dd9e7f51732791c63183067d85d18d20f856edf0c2dff89dbda84d866df2d62,data/raw/pdfs/03_นนทบุรี.pdf,3,34,25.84252,478.24256,1088.8346404878048,491.54256
pdf_72:p2:r32,rec_d49702190a1867829e0954532563ac9f6d15ec4d1cd1c4ddc7e1699cb9ee03a6,1698,pdf_72,04f947c56ddf01a73b376cdbb3099e393f9141fff3fec2504b9e031114606073,data/raw/pdfs/72_ตรัง.pdf,2,32,25.84252,451.64256000000006,1088.8346402499997,464.94255999999996
pdf_64:p2:r16,rec_946b33d45b20e2e3a1fab2174057e14f0be6a13d8acb760947178990aaccac5c,1699,pdf_64,a4e4abc03757d1e14ce1bfb2e426567faeea8fce3152123821e712496872240e,data/raw/pdfs/64_กระบี่.pdf,2,16,25.84252,238.84256,1088.8346404878048,252.14255999999995
pdf_06:p1:r34,rec_778385f127593a84625dc05516e63278d2b0db3e1e8e6e6604dfb80c157bcde2,1700,pdf_06,03acf167c8c7dcc3b7e6ccbd9afcaa05e3b5157df416e00c1b7e146d91880d3c,data/raw/pdfs/06_อ่างทอง.pdf,1,34,25.84252,514.74649,1088.8346429729727,528.04649
pdf_19:p4:r6,rec_7de437d55b4dc0664be3be4b3faa463c461f9e32f6f79874927a3cb421ffd25f,1701,pdf_19,2fbc685c790d957bd597a9ae4cbc69a07dacbb20cab611015cf1ce2eecd5982c,data/raw/pdfs/19_นครราชสีมา.pdf,4,6,25.84252,105.84256,1088.8346404878048,119.14255999999996
pdf_74:p2:r21,rec_a8bdf9ed5108d4af9d9782647e952cc87e156ba0b418e691e60698d70eb6779d,1702,pdf_74,a740362f586a24f46fcc09fc1a1bc6391556e4c9bc432141903734f7833f39db,data/raw/pdfs/74_ปัตตานี.pdf,2,21,25.84252,305.34256,1088.8346404878048,318.64256
pdf_38:p1:r21,rec_d652e0926cb1de46d4761580c7812f31c4a56733aac03e8a0b597fc2d9b9756b,1703,pdf_38,462a1c486a501887e4446ef7e812041c7d158ab4442235b85572d4a89fd7f492,data/raw/pdfs/38_เชียงใหม่.pdf,1,21,25.84252,341.84649,1088.8346429729727,355.14649
pdf_54:p3:r4,rec_510caa2cd9f7d37f8e1dffa003aeadfaffc5281a1c6737697f3d531cf538bc85,1704,pdf_54,884b1d2d94fff12fa64928c8a22df877265f50fbc00dfcb61f5a4636dd1c14c8,data/raw/pdfs/54_เพชรบูรณ์.pdf,3,4,25.84252,79.24260000000004,1088.8346066666663,92.5426
pdf_07:p1:r3,rec_9b9f716b37d5a8f81d6192bdee34c58a5e7d2e3a489ad63f89b0ee0818370b60,1705,pdf_07,f00681093e03a60a87dbc3834edae199fd055d6366406e456741ffd059ff3b05,data/raw/pdfs/07_ลพบุรี.pdf,1,3,25.84252,102.44649000000004,1088.8346429729727,115.74649
pdf_11:p1:r5,rec_8bf65ca1b36dc8419c5674fe655ddf5bcfb6503b3402204ad46ec54725349ef2,1706,pdf_11,3638acfefe295becff8609b6ee16edeea0914e518d215754813661f1c0a3f79b,data/raw/pdfs/11_ชลบุรี.pdf,1,5,25.84252,129.04648999999995,1088.8346429729727,142.34649000000002
pdf_64:p1:r34,rec_f56990b5590664ffac1b52ae78e486875723257efc68aecdcf7f588b0f922c34,1707,pdf_64,a4e4abc03757d1e14ce1bfb2e426567faeea8fce3152123821e712496872240e,data/raw/pdfs/64_กระบี่.pdf,1,34,25.84252,514.74649,1088.8346429729727,528.04649
pdf_67:p4:r10,rec_65878ae3b40baba08b729595067e519d3295f26003cbac2bf40dbcf670ec350f,1708,pdf_67,b66fc9f9229750b7a04c0e5c07c072d77eb0800ed604da819fb28b6c4a75a636,data/raw/pdfs/67_สุราษฎร์ธานี.pdf,4,10,25.84252,159.04255999999998,1088.8346404878048,172.34256
pdf_11:p2:r12,rec_c0716276903ce47f5239c5b45fd0909b47245d40f2286761235f76bf5ef2d228,1709,pdf_11,3638acfefe295becff8609b6ee16edeea0914e518d215754813661f1c0a3f79b,data/raw/pdfs/11_ชลบุรี.pdf,2,12,25.84252,185.64255999999995,1088.8346404878048,198.94255999999996
pdf_66:p3:r5,rec_2eeb8b12daae9fcde43434c9c34ebcbf702d8c75b651e6e239d57895b99cdc28,1710,pdf_66,012255400d37e8c732ded7ebc3c018108c8f4aa391112b3f6d6515d21e797ab6,data/raw/pdfs/66_ภูเก็ต.pdf,3,5,25.84252,92.54255999999998,1088.8346397368418,105.84256
pdf_49:p1:r20,rec_9e25b3ce180f1522c83bc91892704f21751f39acf069340db878a2f37d680d7d,1711,pdf_49,6ada8eb27a34993420ed8c6db69aa4ae13ff4283abdb43b9d76a05d6794f6a27,data/raw/pdfs/49_กำแพงเพชร.pdf,1,20,25.84252,328.54649,1088.8346429729727,341.84649
pdf_03:p3:r35,rec_0594de3009376216353e141dd7fdec0b88d04d3646e62d38fc9787fe0d62780e,1712,pdf_03,7dd9e7f51732791c63183067d85d18d20f856edf0c2dff89dbda84d866df2d62,data/raw/pdfs/03_นนทบุรี.pdf,3,35,25.84252,491.54256,1088.8346404878048,504.84255999999993
pdf_05:p1:r19,rec_0fabe75fce1b629b107fa58f034811bf3c71e8276b45fad21e2a4a59feabfcf0,1713,pdf_05,ae1ba5ac5ef768c29045f4282a9047c71474a8d654003bfa51574874b3f415fc,data/raw/pdfs/05_พระนครศรีอยุธยา.pdf,1,19,25.84252,315.24649,1088.8346429729727,328.54649
pdf_61:p1:r13,rec_4061a3243d7d266084e6e9a6344a545c24bc9adae620f483024f356a4377545b,1714,pdf_61,6dda18b7ffb9a73296045d0dd81965bec27f7cbccc7ef862c8bf458d206599e2,data/raw/pdfs/61_เพชรบุรี.pdf,1,13,25.84252,235.44650000000001,1088.834638181818,248.74649999999997
pdf_59:p2:r29,rec_fc1a96ef8ffa698c0c3cf44c9250e5dd06ff5e0f8a96c7862b78902103c3243e,1715,pdf_59,0c5827ab1fffa2ec0689a95405ee8640473ea428f18b199f44d2f71d4f366ad8,data/raw/pdfs/59_สมุทรสาคร.pdf,2,29,25.84252,411.74256,1088.8346404878048,425.04256
pdf_16:p1:r7,rec_786deb8d25fdb5bcbcd917d29713b466cdbe582da909d8405f09154def80a55c,1716,pdf_16,7b893a3f02630b40240d0242410f662e3fe91d8d5ea2449991bba89e89a89ea4,data/raw/pdfs/16_ปราจีนบุรี.pdf,1,7,25.84252,155.64648999999997,1088.8346429729727,168.94649000000004
pdf_48:p1:r17,rec_236beac3255ffa45211c841df9d3e8111aa563b3c39d7b80a0add5ca3a1d1f4f,1717,pdf_48,4ace8fb0ec02d2b1aa95432a9b9e883581d60aba88879e64923cce23b14c3f06,data/raw/pdfs/48_อุทัยธานี.pdf,1,17,25.842519999999997,288.64649999999995,1088.8346376190475,301.94649999999996
pdf_52:p1:r13,rec_621fc3217c38f79ce692a71556db8a0f255690eded46f59c4c0841ad9cd58b3c,1718,pdf_52,9cb0d6cf6dff8fc890e8435c67310ba7051a6c49c0a0cbb9b817f49c8ece0551,data/raw/pdfs/52_พิษณุโลก.pdf,1,13,25.84252,235.44649000000004,1088.8346429729727,248.74649
pdf_58:p2:r29,rec_26e168b7004a18bff694a5848a8cdeadd8141280cf6bc7b95b17866034b6485e,1719,pdf_58,8ff0dc3c9fe92f1cc2721c37fe35cfcc653ad17ca531672dc94686e7776d35a5,data/raw/pdfs/58_นครปฐม.pdf,2,29,25.84252,411.74256,1088.8346404878048,425.04256
pdf_16:p1:r4,rec_0062ea5f55f4cb966dd570d7473930f75bbc0f48c37e938f87fa7d4993c7d2f5,1720,pdf_16,7b893a3f02630b40240d0242410f662e3fe91d8d5ea2449991bba89e89a89ea4,data/raw/pdfs/16_ปราจีนบุรี.pdf,1,4,25.84252,115.74649,1088.8346429729727,129.04648999999995
pdf_10:p1:r31,rec_2098805722e09985adf0130541c7254cd410b7a9add8221916e227d6fb37914e,1721,pdf_10,5e0a433bc2cc307479a32d344bf5b0b4f006af0a3d0ccc1493fb587c885896c1,data/raw/pdfs/10_สระบุรี.pdf,1,31,25.84252,474.84649,1088.8346429729727,488.14649
pdf_19:p4:r26,rec_ce282f3bae4109468bbe71e250a32484d8c1f38e50800c212cee4372d4d85cc0,1722,pdf_19,2fbc685c790d957bd597a9ae4cbc69a07dacbb20cab611015cf1ce2eecd5982c,data/raw/pdfs/19_นครราชสีมา.pdf,4,26,25.84252,371.84256,1088.8346404878048,385.14256
pdf_30:p1:r1,rec_1387b69b78305b3e7f2945ebf6a4410e3e79375f990e4b7a42f3d42aab364a94,1723,pdf_30,3dbc36c6e240d0c7cc9a595bfe9743d7b0579f6761191fb00c2a69959c985598,data/raw/pdfs/30_เลย.pdf,1,1,25.84252,75.84649999999999,1088.8346355555555,89.1465
pdf_63:p1:r29,rec_cc578b4b51bbac0086874e663968f2b13c080b55b0a3ebf2f9f22e298ed3ea4b,1724,pdf_63,b04433cfbe561d1199180db3f5210359427f668e1f7b072f31972e2749ce63ae,data/raw/pdfs/63_นครศรีธรรมราช.pdf,1,29,25.84252,448.24649,1088.8346429729727,461.54649
pdf_54:p1:r12,rec_502da5ab379fb88ba822ba29a5ecc83dd1d41eced438547fa06d9ccd9cc33d0d,1725,pdf_54,884b1d2d94fff12fa64928c8a22df877265f50fbc00dfcb61f5a4636dd1c14c8,data/raw/pdfs/54_เพชรบูรณ์.pdf,1,12,25.84252,230.64649,1088.8346429729727,243.94649000000004
pdf_16:p2:r17,rec_cd54599f1593881b03a77b0c064fdb871c66b5b4b737be9c741e59b3f32a6b5f,1726,pdf_16,7b893a3f02630b40240d0242410f662e3fe91d8d5ea2449991bba89e89a89ea4,data/raw/pdfs/16_ปราจีนบุรี.pdf,2,17,25.84252,252.14260000000004,1088.8346365517239,265.44259999999997
pdf_64:p2:r8,rec_8e59bfedbca5a641d372d835f59c5823c0bc2553fe37bffd4a1e7f35df9dfe0e,1727,pdf_64,a4e4abc03757d1e14ce1bfb2e426567faeea8fce3152123821e712496872240e,data/raw/pdfs/64_กระบี่.pdf,2,8,25.84252,132.44255999999996,1088.8346404878048,145.74255999999997
pdf_08:p1:r14,rec_68a25318503a64cb449b7cb7a7f51ba98d4fcf6109085c0094dc9cf8010b5b1b,1728,pdf_08,1fd4933c38e10cf826fbe5ecfe74a2eb8305671e2bb949afd059fb72b251fdad,data/raw/pdfs/08_สิงห์บุรี.pdf,1,14,25.84252,248.74649999999997,1088.8346399999998,262.0465
pdf_03:p5:r8,rec_cb44fb710029701420c192c4243f84e8d399cda233a8c7cb2e690d9b5f85e026,1729,pdf_03,7dd9e7f51732791c63183067d85d18d20f856edf0c2dff89dbda84d866df2d62,data/raw/pdfs/03_นนทบุรี.pdf,5,8,25.84252,132.44259999999997,1088.8346391666664,145.74259999999998
pdf_66:p2:r32,rec_5e5549496d0bb05c2792f513df54aecc44a2596c79d2b1f434dfb536510e40a3,1730,pdf_66,012255400d37e8c732ded7ebc3c018108c8f4aa391112b3f6d6515d21e797ab6,data/raw/pdfs/66_ภูเก็ต.pdf,2,32,25.84252,451.64256000000006,1088.8346404878048,464.94255999999996
pdf_59:p1:r28,rec_701aa4a940693b891d2c4a3dfcd148a65cd802b9e2201190e7408efdf6923bbc,1731,pdf_59,0c5827ab1fffa2ec0689a95405ee8640473ea428f18b199f44d2f71d4f366ad8,data/raw/pdfs/59_สมุทรสาคร.pdf,1,28,25.84252,434.94649,1088.8346429729727,448.24649
pdf_28:p1:r22,rec_6f6f291f98beb304a1ee66111f920cf7ac72e5985ade00d7493ed223d8500e45,1732,pdf_28,38e1a8d128ab928dd0bef117c9dbaa8191aea027adc2dae9137f68937f31d040,data/raw/pdfs/28_ขอนแก่น.pdf,1,22,25.84252,355.14649,1088.8346429729727,368.44649
pdf_52:p1:r33,rec_e7d5eb37a4c7969d7d726b18711cbd7c149548880cdfb27a733fd7124ea1c1a1,1733,pdf_52,9cb0d6cf6dff8fc890e8435c67310ba7051a6c49c0a0cbb9b817f49c8ece0551,data/raw/pdfs/52_พิษณุโลก.pdf,1,33,25.84252,501.44649,1088.8346429729727,514.74649
pdf_19:p1:r26,rec_4e351889b830f06db8dcc98aac3aa544e18ba2c340819c6c5f4f0182c39581dc,1734,pdf_19,2fbc685c790d957bd597a9ae4cbc69a07dacbb20cab611015cf1ce2eecd5982c,data/raw/pdfs/19_นครราชสีมา.pdf,1,26,25.84252,416.84649,1088.8346429729727,430.14649
pdf_07:p1:r33,rec_bdcc3e56c02d2b5834aa59dddfc9eb09b77d7ee27d3af06a632ca803a3ee1ad4,1735,pdf_07,f00681093e03a60a87dbc3834edae199fd055d6366406e456741ffd059ff3b05,data/raw/pdfs/07_ลพบุรี.pdf,1,33,25.84252,501.44649,1088.8346429729727,514.74649
pdf_53:p1:r15,rec_8961150959bf84407bef0c57fb32d4fd38f3e355d52c443ad1daff7d341066cb,1736,pdf_53,41aaaf3a91961ab9b2dee694f50d9a086d1ad80beffe1b54e81370016a11cb14,data/raw/pdfs/53_พิจิตร.pdf,1,15,25.84252,270.54648999999995,1088.8346429729727,283.84649
pdf_24:p1:r8,rec_6d3c57723f1ee0944e9deda4a21a91fe50013bb8561d1a9b97d6af04649c769b,1737,pdf_24,11414a0eb9f2dd0d2b908d5f1a25e50bf241a96ac3fdabf71ba570e190f65dc5,data/raw/pdfs/24_ยโสธร.pdf,1,8,25.842519999999997,168.94650000000001,1088.834628333333,182.24649999999997
pdf_03:p5:r9,rec_ee94c69c956f03b3aebbf7983b489586d0ef32fcf5eb54a1f9fc2cc8cc0a070e,1738,pdf_03,7dd9e7f51732791c63183067d85d18d20f856edf0c2dff89dbda84d866df2d62,data/raw/pdfs/03_นนทบุรี.pdf,5,9,25.84252,145.74259999999998,1088.8346391666664,159.0426
pdf_12:p2:r17,rec_2ce9fec17c451e66470f1e25bedc60df32934a1b823e5306b2c67eabd74754aa,1739,pdf_12,a807bf56c3fc6df739b3c4e072038fd3824bd793ca3bbc711cf4169e5e81ff9c,data/raw/pdfs/12_ระยอง.pdf,2,17,25.842520000000004,252.14260000000004,1088.8346355555555,265.44259999999997
pdf_04:p2:r12,rec_e8411919d68385ad22d48d01e5c729442b96b45b613f2743eb6ead74b856749e,1740,pdf_04,83861a2a02db33dda27703227bb90cd50ba1b9144123e42912f926c1d1043c39,data/raw/pdfs/04_ปทุมธานี.pdf,2,12,25.84252,185.64255999999995,1088.8346404878048,198.94255999999996
pdf_16:p1:r15,rec_6e79cee6ebcfd60a2e75072290f9b6b001176244ca5ff69753808352686c1f2b,1741,pdf_16,7b893a3f02630b40240d0242410f662e3fe91d8d5ea2449991bba89e89a89ea4,data/raw/pdfs/16_ปราจีนบุรี.pdf,1,15,25.84252,262.04648999999995,1088.8346429729727,275.34649
pdf_66:p2:r33,rec_a43b17cdb8a9b1bad3b712759bee29eda421592467cb2be68f0c784c8a330265,1742,pdf_66,012255400d37e8c732ded7ebc3c018108c8f4aa391112b3f6d6515d21e797ab6,data/raw/pdfs/66_ภูเก็ต.pdf,2,33,25.84252,464.94255999999996,1088.8346404878048,478.24256
pdf_10:p2:r15,rec_bb5f58257f538d09776c8a913670624a71c1d748c0bb00124cd98a46f1461716,1743,pdf_10,5e0a433bc2cc307479a32d344bf5b0b4f006af0a3d0ccc1493fb587c885896c1,data/raw/pdfs/10_สระบุรี.pdf,2,15,25.84252,225.54255999999995,1088.8346404878048,238.84256
pdf_67:p6:r24,rec_24c4ba8b88579e8aa5a84fabc22495cb3b11647590a1a517418afce197cf50a2,1744,pdf_67,b66fc9f9229750b7a04c0e5c07c072d77eb0800ed604da819fb28b6c4a75a636,data/raw/pdfs/67_สุราษฎร์ธานี.pdf,6,24,25.84252,345.24256,1088.8346404878048,358.54256
pdf_07:p2:r18,rec_852df1aa4b20d556548c04e08c93c8d5009ff32e39da380f0d5ee74829756763,1745,pdf_07,f00681093e03a60a87dbc3834edae199fd055d6366406e456741ffd059ff3b05,data/raw/pdfs/07_ลพบุรี.pdf,2,18,25.84252,265.44255999999996,1088.8346404878048,278.74255999999997
pdf_57:p3:r16,rec_4fe8fe6217ec75ffabf271421fce4784a5e5beefae673658dbda68217d3169c2,1746,pdf_57,9b6f57faac860a1339f68519b1b756d3ef34cc2ccd4962f5e15b78600e7c9112,data/raw/pdfs/57_สุพรรณบุรี.pdf,3,16,25.84252,238.84256,1088.8346404878048,252.14255999999995
pdf_03:p1:r19,rec_7c05b468aae1f66d97cc42d8b6318c0d757b92bbc91cb63d3ee82d53096981a3,1747,pdf_03,7dd9e7f51732791c63183067d85d18d20f856edf0c2dff89dbda84d866df2d62,data/raw/pdfs/03_นนทบุรี.pdf,1,19,25.84252,315.24649,1088.8346429729727,328.54649
pdf_23:p1:r22,rec_3b541e33b7ce9f4fb6e1f893fd02eb165a51116b1185ef53e34e5ed3c2cc8413,1748,pdf_23,771338278a591f8b5dfd252a64922234ef0d7071b6e6cd32beb2341668023e47,data/raw/pdfs/23_อุบลราชธานี.pdf,1,22,25.84252,363.64649,1088.8346429729727,376.94649
pdf_64:p2:r5,rec_17e8d60ec3e9e6da568bfa82cb2295a26490a65b28383ad0408961972dfcefa4,1749,pdf_64,a4e4abc03757d1e14ce1bfb2e426567faeea8fce3152123821e712496872240e,data/raw/pdfs/64_กระบี่.pdf,2,5,25.84252,92.54255999999998,1088.8346404878048,105.84256
pdf_67:p3:r27,rec_8962e7892239faad5e6988506079b4e92533b6879777a3ba7ba79139a937d9b0,1750,pdf_67,b66fc9f9229750b7a04c0e5c07c072d77eb0800ed604da819fb28b6c4a75a636,data/raw/pdfs/67_สุราษฎร์ธานี.pdf,3,27,25.84252,385.14256,1088.8346404878048,398.44255999999996
pdf_67:p7:r11,rec_91d230f7b92bd66979764eaeba1312f3f1ad21980da50fd061d491b455851480,1751,pdf_67,b66fc9f9229750b7a04c0e5c07c072d77eb0800ed604da819fb28b6c4a75a636,data/raw/pdfs/67_สุราษฎร์ธานี.pdf,7,11,25.84252,172.3426,1088.8346270588233,185.64260000000002
pdf_64:p2:r29,rec_f66445a602b832c8a2309a0b676aeaa88ddedac0281df04ceeb540c34018467a,1752,pdf_64,a4e4abc03757d1e14ce1bfb2e426567faeea8fce3152123821e712496872240e,data/raw/pdfs/64_กระบี่.pdf,2,29,25.84252,411.74256,1088.8346404878048,425.04256
pdf_43:p1:r4,rec_8b7116ccade458290a9a517b05586b52207cd675af5a577a6614f07a79007416,1753,pdf_43,edb270fe62c998ddd1ab10ecfe3b80a9ebcafcd12ad7a426b34c631deae32c4f,data/raw/pdfs/43_น่าน.pdf,1,4,25.842519999999997,124.24649999999997,1088.834628333333,137.54649999999998
pdf_08:p1:r17,rec_c7e253759b547009c3af5efb400e046d94d23e2a1c19705e27d9bd1f67217acb,1754,pdf_08,1fd4933c38e10cf826fbe5ecfe74a2eb8305671e2bb949afd059fb72b251fdad,data/raw/pdfs/08_สิงห์บุรี.pdf,1,17,25.84252,288.64649999999995,1088.8346399999998,301.9465
pdf_55:p1:r35,rec_50bb0b79d701b6c82494aee522245b6e2f42e752f9638a18d1a93874a5b0e3ef,1755,pdf_55,fe2373eb0d81516b45b09f5bb593a35bc32f505875cafd93f214ca6bc310c4d4,data/raw/pdfs/55_ราชบุรี.pdf,1,35,25.84252,528.04649,1088.8346429729727,541.3464899999999
pdf_29:p2:r23,rec_38f030818b20df1bf5fcb3e9288751d060763ca0277aaa1f0d2ec1c0c47e16a9,1756,pdf_29,a1a30635ac132e2e87cc5b8c3c2c6e737453ecabe176861ce1a21609a26f3a1a,data/raw/pdfs/29_อุดรธานี.pdf,2,23,25.84252,331.94259999999997,1088.8346365517239,345.2426
pdf_59:p1:r20,rec_e3af679f22dffb6f6de5d85c39627034a633beb744440c7aeaf708a485e628aa,1757,pdf_59,0c5827ab1fffa2ec0689a95405ee8640473ea428f18b199f44d2f71d4f366ad8,data/raw/pdfs/59_สมุทรสาคร.pdf,1,20,25.84252,328.54649,1088.8346429729727,341.84649
pdf_23:p2:r5,rec_06dcf2351b2140d73a0025c85cba9e40eccad7bd29034577cfe1fe2ab08fa146,1758,pdf_23,771338278a591f8b5dfd252a64922234ef0d7071b6e6cd32beb2341668023e47,data/raw/pdfs/23_อุบลราชธานี.pdf,2,5,25.84252,92.54255999999998,1088.8346404878048,105.84256
pdf_05:p1:r1,rec_302eb1c0aa049273d8deb2a1fbb35bf5a7a93f14f2f68c30566e8ed9c34d94c6,1759,pdf_05,ae1ba5ac5ef768c29045f4282a9047c71474a8d654003bfa51574874b3f415fc,data/raw/pdfs/05_พระนครศรีอยุธยา.pdf,1,1,25.84252,75.84649000000002,1088.8346429729727,89.14648999999997
pdf_70:p2:r11,rec_0dcec32dd75e47a0f463f055463ebcb4d5a74bb131640fb0c58f0dbd88fc29ac,1760,pdf_70,dd0c8cec48b7f0994639864765a097630785c0e22135d674cb3057f22c0f80ab,data/raw/pdfs/70_สงขลา.pdf,2,11,25.84252,172.3426,1088.8346391666664,185.6426
pdf_03:p2:r16,rec_dd5bda3e4dde026f1bc0d251593b38113235ff41d2d8c8ff2f368bea27692b54,1761,pdf_03,7dd9e7f51732791c63183067d85d18d20f856edf0c2dff89dbda84d866df2d62,data/raw/pdfs/03_นนทบุรี.pdf,2,16,25.84252,238.84256,1088.8346404878048,252.14255999999995
pdf_35:p1:r29,rec_ac67fbe4e78f16ed910ba7daf9d14ff4325e0f34917ce32d5e77c11630009c29,1762,pdf_35,34e8cb69b8d0f03a2caba0ffc0eb6d4b5233159b13350c073968de56ab12b69f,data/raw/pdfs/35_สกลนคร.pdf,1,29,25.84252,448.24649,1088.8346429729727,461.54649
pdf_64:p1:r27,rec_e0be0a89541f22dfa54f0d7dbbda11542da7831422f525ab55fdf699259ed9a4,1763,pdf_64,a4e4abc03757d1e14ce1bfb2e426567faeea8fce3152123821e712496872240e,data/raw/pdfs/64_กระบี่.pdf,1,27,25.84252,421.64649,1088.8346429729727,434.94649
pdf_02:p1:r27,rec_f44106f811102991c3c26fe281486fe4a3a4f296d61f6687bd5e3d1d5f1ec3a9,1764,pdf_02,368a15805d33fb210ed50297795f7f50bf822054e05b59bf71bfa25bee0f3a3c,data/raw/pdfs/02_สมุทรปราการ.pdf,1,27,25.84252,421.64649,1088.8346429729727,434.94649
pdf_73:p2:r9,rec_91326a84f7616295ff9de38d667477093ffcf1ed1da6b273bcb9dd8cc28d1edc,1765,pdf_73,8a9a8b1fb9d81eb7f2d76afa1f886621ea38587fc4c60902bc317398649ff90e,data/raw/pdfs/73_พัทลุง.pdf,2,9,25.84252,145.74255999999997,1088.8346404878048,159.04255999999998
pdf_77:p1:r5,rec_f6b7dc7515060555342558548132e2df99cd9b00ff2207ccd492fbd4d1aba3bb,1766,pdf_77,c6a9a5450194adece004b460d492fc69a9aaf576ac9b79fe291a676e7bd6b4b3,data/raw/pdfs/77_บึงกาฬ.pdf,1,5,25.84252,129.0465,1088.8346299999998,142.3465
pdf_36:p2:r13,rec_c2bd112c208a63e44360462a6e9b2a9d99022e216a50947fb96889fd4c7326a2,1767,pdf_36,e5624d419ac85611ac4b3fe0a27d6bfa73a7b474d5b0ee2a6b1a7b64f4783d70,data/raw/pdfs/36_นครพนม.pdf,2,13,25.84252,198.94260000000003,1088.8346294736841,212.24260000000004
pdf_10:p1:r11,rec_6b6a0160ba958de82f9ebd8d7abff3818214153a7545dcf2f896924efc05208b,1768,pdf_10,5e0a433bc2cc307479a32d344bf5b0b4f006af0a3d0ccc1493fb587c885896c1,data/raw/pdfs/10_สระบุรี.pdf,1,11,25.84252,208.84649,1088.8346429729727,222.14649
pdf_54:p1:r17,rec_1f6789a4865c128dbb8a483d261444ee74d09e17950e5c8c88df8135ba52e2cf,1769,pdf_54,884b1d2d94fff12fa64928c8a22df877265f50fbc00dfcb61f5a4636dd1c14c8,data/raw/pdfs/54_เพชรบูรณ์.pdf,1,17,25.84252,297.14649,1088.8346429729727,310.44649
pdf_59:p1:r2,rec_73b482ca5ef0c5fb856048cbd6e3f181b2dad18bfceb0e800fe7c805b39543c6,1770,pdf_59,0c5827ab1fffa2ec0689a95405ee8640473ea428f18b199f44d2f71d4f366ad8,data/raw/pdfs/59_สมุทรสาคร.pdf,1,2,25.84252,89.14648999999997,1088.8346429729727,102.44649000000004
pdf_11:p3:r5,rec_a112cdeefd81bbd644b76dcd13c5e508565774cfcc61dad73246dfbc30875afd,1771,pdf_11,3638acfefe295becff8609b6ee16edeea0914e518d215754813661f1c0a3f79b,data/raw/pdfs/11_ชลบุรี.pdf,3,5,25.842519999999997,92.5426,1088.8346175,105.84259999999999
pdf_02:p3:r6,rec_aa5eeda1a8e2211dc9bc98ddfcb9cbc04e68c33add439834951fcf6d37faa6dd,1772,pdf_02,368a15805d33fb210ed50297795f7f50bf822054e05b59bf71bfa25bee0f3a3c,data/raw/pdfs/02_สมุทรปราการ.pdf,3,6,25.84252,105.84259999999999,1088.8346343999997,119.14260000000002
pdf_54:p1:r10,rec_6073767c98d903908aca9cc5f52a46fb71212b1ba0ac5ff53d4cc4c04dbfdc07,1773,pdf_54,884b1d2d94fff12fa64928c8a22df877265f50fbc00dfcb61f5a4636dd1c14c8,data/raw/pdfs/54_เพชรบูรณ์.pdf,1,10,25.84252,204.04648999999995,1088.8346429729727,217.34649
pdf_29:p2:r16,rec_c3ffd2ecd8143856c18ef003406f88752feaf6806f861badb282cc347f92d85d,1774,pdf_29,a1a30635ac132e2e87cc5b8c3c2c6e737453ecabe176861ce1a21609a26f3a1a,data/raw/pdfs/29_อุดรธานี.pdf,2,16,25.84252,238.84259999999995,1088.8346365517239,252.14260000000004
pdf_07:p1:r15,rec_7dd0bf431bb4b05fbe2a31aebfb94a0458a712c90f0527bc5d53c1cbdf9010c6,1775,pdf_07,f00681093e03a60a87dbc3834edae199fd055d6366406e456741ffd059ff3b05,data/raw/pdfs/07_ลพบุรี.pdf,1,15,25.84252,262.04648999999995,1088.8346429729727,275.34649
pdf_17:p1:r3,rec_ca8fc8e52ddb74594b2d85eb6e6d2084c572078a113996afd573624b4964db79,1776,pdf_17,69ee6e20b50a8b481e887173d13a132193b234c6f6442cad70c9aa3f04917b71,data/raw/pdfs/17_นครนายก.pdf,1,3,25.84252,102.44650000000001,1088.8346355555555,115.7465
pdf_04:p1:r7,rec_70c0d8fd441f869a1cebcb58590fe110365eb8bd4b394dde2eda3d64b28f9bdf,1777,pdf_04,83861a2a02db33dda27703227bb90cd50ba1b9144123e42912f926c1d1043c39,data/raw/pdfs/04_ปทุมธานี.pdf,1,7,25.84252,155.64648999999997,1088.8346429729727,168.94649000000004
pdf_72:p2:r22,rec_10771ea9b45aa8888b0e5d58cf58b49f05d9803c3e43d3e1f5110a337d40f82d,1778,pdf_72,04f947c56ddf01a73b376cdbb3099e393f9141fff3fec2504b9e031114606073,data/raw/pdfs/72_ตรัง.pdf,2,22,25.84252,318.64256,1088.8346402499997,331.94255999999996
pdf_58:p2:r7,rec_91c54aa10690ac73df10298544fded7f6888ce2eb0c615fe88a9fcec6c497d5e,1779,pdf_58,8ff0dc3c9fe92f1cc2721c37fe35cfcc653ad17ca531672dc94686e7776d35a5,data/raw/pdfs/58_นครปฐม.pdf,2,7,25.84252,119.14255999999996,1088.8346404878048,132.44255999999996
pdf_03:p5:r19,rec_5c5bb8e0c52968d68e199cb5b60d91f087a468ec2b35ac348cfd275b653dce41,1780,pdf_03,7dd9e7f51732791c63183067d85d18d20f856edf0c2dff89dbda84d866df2d62,data/raw/pdfs/03_นนทบุรี.pdf,5,19,25.84252,278.7426,1088.8346391666664,292.0426
pdf_56:p2:r14,rec_15fc85bda5a1b9d23fd243784d1e7db04bbe101942c4906ac7df852bcf31359a,1781,pdf_56,f0ce416ab9d3f527c2052960422068d0564c2b8833f2a75d05cab7aa8280b0d5,data/raw/pdfs/56_กาญจนบุรี.pdf,2,14,25.84252,212.24255999999997,1088.8346394594591,225.54255999999995
pdf_68:p1:r20,rec_c90265d66d33bfdc37e0ef584cebb985c638aeb4ed2f336b722333e565934dfa,1782,pdf_68,3a242476c7c0c82cd6f78455b9ca30a8d8e875f3ae38090ae0fd5fb12805c593,data/raw/pdfs/68_ระนอง.pdf,1,20,25.84252,328.54649,1088.8346429729727,341.84649
pdf_19:p2:r24,rec_f2886036deaa0091ed01403c74f3ef7b54ee391dbf92ce04d02fcfb1bd9dd6db,1783,pdf_19,2fbc685c790d957bd597a9ae4cbc69a07dacbb20cab611015cf1ce2eecd5982c,data/raw/pdfs/19_นครราชสีมา.pdf,2,24,25.84252,345.24256,1088.8346404878048,358.54256
pdf_27:p2:r10,rec_61db913403939ce9345e5b45561458f0386845698072cd5313812dabf1907002,1784,pdf_27,bf545cbe9d19aa5a22880cf18f4484776d7d3e1348605d1451dfe7147ed85334,data/raw/pdfs/27_หนองบัวลำภู.pdf,2,10,25.84252,159.0426,1088.8346304999998,172.34259999999995
pdf_75:p1:r31,rec_cb40cf5cf7e35a5ed0bd7833d22d64ca3627d53470ff2155e29c5fa7ef2ccd91,1785,pdf_75,ffef7f4f9a7953e62785b17dc6cfa1d3fa15bda9cb7369abaaa41e24f24f5ae4,data/raw/pdfs/75_ยะลา.pdf,1,31,25.84252,474.84649,1088.834642352941,488.14649
pdf_36:p1:r9,rec_3d38481d2f99879b3d915dbd03a404153306f4e8e4f2bcb015a8b1d73609b3fc,1786,pdf_36,e5624d419ac85611ac4b3fe0a27d6bfa73a7b474d5b0ee2a6b1a7b64f4783d70,data/raw/pdfs/36_นครพนม.pdf,1,9,25.84252,182.24649,1088.8346429729727,195.54648999999995
pdf_04:p3:r30,rec_a5862046edbaedb4de6fd60afb86f75238b6066c570109809cb11cb2394f0cc0,1787,pdf_04,83861a2a02db33dda27703227bb90cd50ba1b9144123e42912f926c1d1043c39,data/raw/pdfs/04_ปทุมธานี.pdf,3,30,25.84252,425.04256,1088.8346404878048,438.34255999999993
pdf_67:p3:r17,rec_9303d5a2288208d060a1e90c07403bdb900a1d1d6af4b4ff500b956a26a8d836,1788,pdf_67,b66fc9f9229750b7a04c0e5c07c072d77eb0800ed604da819fb28b6c4a75a636,data/raw/pdfs/67_สุราษฎร์ธานี.pdf,3,17,25.84252,252.14255999999995,1088.8346404878048,265.44255999999996
pdf_22:p1:r16,rec_67114c0b799698b2a605ffe7a88ee1a96e1653750540c95d2aaddc05689b075d,1789,pdf_22,2695490faf896b9d7501aa7f09b83fc02b29dc6d768bbbf3a99d9138839b7d3e,data/raw/pdfs/22_ศรีสะเกษ.pdf,1,16,25.84252,283.8465,1088.8346395999997,297.1465
pdf_03:p1:r15,rec_8b480d488ca01e3929182673c7eeb9eba4fa157fb5faa4e7333209dec739c959,1790,pdf_03,7dd9e7f51732791c63183067d85d18d20f856edf0c2dff89dbda84d866df2d62,data/raw/pdfs/03_นนทบุรี.pdf,1,15,25.84252,262.04648999999995,1088.8346429729727,275.34649
pdf_27:p2:r16,rec_ed83ec0e1658bb7a5c06f39e0aa7ef840ccafb8594729be451c08469abc049f7,1791,pdf_27,bf545cbe9d19aa5a22880cf18f4484776d7d3e1348605d1451dfe7147ed85334,data/raw/pdfs/27_หนองบัวลำภู.pdf,2,16,25.84252,238.84259999999995,1088.8346304999998,252.14259999999996
pdf_54:p1:r22,rec_e930c57226a8f9295b025ed9f4cfedf9914509d6e94ce8d08e77cea2dca9f777,1792,pdf_54,884b1d2d94fff12fa64928c8a22df877265f50fbc00dfcb61f5a4636dd1c14c8,data/raw/pdfs/54_เพชรบูรณ์.pdf,1,22,25.84252,363.64649,1088.8346429729727,376.94649
pdf_04:p3:r7,rec_808b39169620df93a09dd04201c89a2ad040faf95416f05eedc6a791f55068c1,1793,pdf_04,83861a2a02db33dda27703227bb90cd50ba1b9144123e42912f926c1d1043c39,data/raw/pdfs/04_ปทุมธานี.pdf,3,7,25.84252,119.14255999999996,1088.8346404878048,132.44255999999996
pdf_58:p2:r11,rec_f620b0cd3d4a73e3efb17c78b3c6c38d1b17bbd787b8e30ff1208cbdc2389785,1794,pdf_58,8ff0dc3c9fe92f1cc2721c37fe35cfcc653ad17ca531672dc94686e7776d35a5,data/raw/pdfs/58_นครปฐม.pdf,2,11,25.84252,172.34256,1088.8346404878048,185.64255999999995
pdf_69:p1:r6,rec_a211e54a0fc424b056820a37e2cd09f34d2cb014e4e9df39388c1d671cdba312,1795,pdf_69,769b283c00d83344280df884874571c2a99d89f78de64644b43bf9c6a108efa4,data/raw/pdfs/69_ชุมพร.pdf,1,6,25.84252,142.34649000000002,1088.8346429729727,155.64648999999997
pdf_11:p1:r6,rec_68f4b63efdf770a21a74a42e2b73b5d0562128b7306e29ccb7ce0cc304b54195,1796,pdf_11,3638acfefe295becff8609b6ee16edeea0914e518d215754813661f1c0a3f79b,data/raw/pdfs/11_ชลบุรี.pdf,1,6,25.84252,142.34649000000002,1088.8346429729727,155.64648999999997
pdf_28:p2:r2,rec_76a4a1ad48a0ee734e88f682c304ba38d380f71c1ab48bd2581cfb32853df16a,1797,pdf_28,38e1a8d128ab928dd0bef117c9dbaa8191aea027adc2dae9137f68937f31d040,data/raw/pdfs/28_ขอนแก่น.pdf,2,2,25.84252,52.642600000000016,1088.8346199999999,65.94259999999997
pdf_40:p1:r34,rec_a1844bd723a13c16cc71a90868c3c2dc767bb7513941ec69e09e49c6bc55868a,1798,pdf_40,89bea4e9a200e8f073d048a2ed2a881a1e01108b8c12f1e050317b845aac6b1d,data/raw/pdfs/40_ลำปาง.pdf,1,34,25.84252,514.74649,1088.8346429729727,528.04649
pdf_69:p1:r11,rec_f411469b3c0e3f850373b94668b232d2f1e1d73f46175419e6c8d43bd358387a,1799,pdf_69,769b283c00d83344280df884874571c2a99d89f78de64644b43bf9c6a108efa4,data/raw/pdfs/69_ชุมพร.pdf,1,11,25.84252,208.84649,1088.8346429729727,222.14649
pdf_57:p1:r1,rec_9b63195458bd89a3f4fa75e5e81f216066852d92b0c1d4bee3e251dbfb3a3063,1800,pdf_57,9b6f57faac860a1339f68519b1b756d3ef34cc2ccd4962f5e15b78600e7c9112,data/raw/pdfs/57_สุพรรณบุรี.pdf,1,1,25.84252,75.84649000000002,1088.8346429729727,89.14648999999997
pdf_27:p2:r11,rec_b866182a96d1c8cc6c8f3dc244454240eeac7bc7b4663969a6de2be2b54c2097,1801,pdf_27,bf545cbe9d19aa5a22880cf18f4484776d7d3e1348605d1451dfe7147ed85334,data/raw/pdfs/27_หนองบัวลำภู.pdf,2,11,25.84252,172.34259999999995,1088.8346304999998,185.64259999999996
pdf_47:p1:r3,rec_ce1c51c9421577c2d3fbc16d9c461d5f6415c3d17f54aebb2edd5fe22f4336bb,1802,pdf_47,365b7fdb0bc54f527416d61502059d02cd2aaa1ed2d3600907d80b79987b64c8,data/raw/pdfs/47_นครสวรรค์.pdf,1,3,25.84252,102.44649999999997,1088.8346326666665,115.74649999999997
pdf_29:p1:r3,rec_69907989bbeecd4e87100a92eb10c90314176b7ee3860a8c943cc544454977de,1803,pdf_29,a1a30635ac132e2e87cc5b8c3c2c6e737453ecabe176861ce1a21609a26f3a1a,data/raw/pdfs/29_อุดรธานี.pdf,1,3,25.84252,102.44649000000004,1088.8346429729727,115.74649
pdf_02:p3:r7,rec_902342b49c526f65133f46531a5d7feda0f7a6d4fe859c47cb4e4b31c93870eb,1804,pdf_02,368a15805d33fb210ed50297795f7f50bf822054e05b59bf71bfa25bee0f3a3c,data/raw/pdfs/02_สมุทรปราการ.pdf,3,7,25.84252,119.14260000000002,1088.8346343999997,132.44259999999997
pdf_23:p1:r3,rec_2d48aa2f38c02595c75343ef9d7c983c1095718ba336c4003af2e53bebe95104,1805,pdf_23,771338278a591f8b5dfd252a64922234ef0d7071b6e6cd32beb2341668023e47,data/raw/pdfs/23_อุบลราชธานี.pdf,1,3,25.84252,110.94649000000004,1088.8346429729727,124.24649
pdf_03:p5:r22,rec_55f9e76ade0f5a125845ef395e0532e20be712fa86b3442707c3b09b57064130,1806,pdf_03,7dd9e7f51732791c63183067d85d18d20f856edf0c2dff89dbda84d866df2d62,data/raw/pdfs/03_นนทบุรี.pdf,5,22,25.84252,318.6426,1088.8346391666664,331.94259999999997
pdf_68:p2:r19,rec_80f6585cbf316b0dbc5ca45869a63f39563115fd2a75f914e685e43a60f29c36,1807,pdf_68,3a242476c7c0c82cd6f78455b9ca30a8d8e875f3ae38090ae0fd5fb12805c593,data/raw/pdfs/68_ระนอง.pdf,2,19,25.84252,278.74255999999997,1088.8346404878048,292.04256
pdf_72:p2:r23,rec_2a721c4dbb6501a6ca35e0824118641c4e3e9133a576f1d0151cd591a5e1bec6,1808,pdf_72,04f947c56ddf01a73b376cdbb3099e393f9141fff3fec2504b9e031114606073,data/raw/pdfs/72_ตรัง.pdf,2,23,25.84252,331.94255999999996,1088.8346402499997,345.24256
pdf_23:p3:r17,rec_4584d73f348ec2cddd824ae977f2416025eedfc289cae3441c7848b847af8977,1809,pdf_23,771338278a591f8b5dfd252a64922234ef0d7071b6e6cd32beb2341668023e47,data/raw/pdfs/23_อุบลราชธานี.pdf,3,17,25.84252,252.1426,1088.8346388571426,265.44259999999997
pdf_03:p3:r36,rec_2ef738065bc217814af008eda238b280066845c1e31051112787e48386c15644,1810,pdf_03,7dd9e7f51732791c63183067d85d18d20f856edf0c2dff89dbda84d866df2d62,data/raw/pdfs/03_นนทบุรี.pdf,3,36,25.84252,504.84255999999993,1088.8346404878048,518.14256
pdf_28:p1:r34,rec_cb0c4766876e646086f51b24669c051ad37da6f006ca2b5528633e5ed55cdfcf,1811,pdf_28,38e1a8d128ab928dd0bef117c9dbaa8191aea027adc2dae9137f68937f31d040,data/raw/pdfs/28_ขอนแก่น.pdf,1,34,25.84252,514.74649,1088.8346429729727,528.04649
pdf_30:p1:r10,rec_54e18f5c6600603571f4b2e14fd21c8720fd4a7160649f00f1f9b2e8b622135a,1812,pdf_30,3dbc36c6e240d0c7cc9a595bfe9743d7b0579f6761191fb00c2a69959c985598,data/raw/pdfs/30_เลย.pdf,1,10,25.84252,195.5465,1088.8346355555555,208.84650000000002
pdf_58:p1:r22,rec_7711163db72700eab7e13eb738cfc41f09cbc1d7584d2b08566afa1f9b289ff4,1813,pdf_58,8ff0dc3c9fe92f1cc2721c37fe35cfcc653ad17ca531672dc94686e7776d35a5,data/raw/pdfs/58_นครปฐม.pdf,1,22,25.84252,355.14649,1088.8346429729727,368.44649
pdf_15:p2:r24,rec_317d1d7816202fb656fe6e9bb9dfc84cb3457fd717d10068f890f1a802726426,1814,pdf_15,bf99cdf12418fcdc90b3c1c739fd4e7e09ca40818852ca43bcd1c3284b3cf084,data/raw/pdfs/15_ฉะเชิงเทรา.pdf,2,24,25.84252,345.24256,1088.8346404878048,358.54256
pdf_68:p2:r32,rec_0e2399d091068f1e9e99f64ba6f1791f42b9271f1805c7e8bb0438c18334d9de,1815,pdf_68,3a242476c7c0c82cd6f78455b9ca30a8d8e875f3ae38090ae0fd5fb12805c593,data/raw/pdfs/68_ระนอง.pdf,2,32,25.84252,451.64256000000006,1088.8346404878048,464.94255999999996
pdf_54:p3:r1,rec_f6316219381c11d571d5399c19ee4561a5dbfbbf1c25d98cad8901a12e860566,1816,pdf_54,884b1d2d94fff12fa64928c8a22df877265f50fbc00dfcb61f5a4636dd1c14c8,data/raw/pdfs/54_เพชรบูรณ์.pdf,3,1,25.84252,39.34260000000006,1088.8346066666663,52.642600000000016
pdf_53:p1:r26,rec_757681590e799f44de8a698f23a26c20b8794b35c8a32b2d399715e3c6a9c742,1817,pdf_53,41aaaf3a91961ab9b2dee694f50d9a086d1ad80beffe1b54e81370016a11cb14,data/raw/pdfs/53_พิจิตร.pdf,1,26,25.84252,416.84649,1088.8346429729727,430.14649
pdf_23:p1:r10,rec_af244afab5a537c87ca5c4cec5a6c403b680270360f72e9e85b57cf5137d4b7f,1818,pdf_23,771338278a591f8b5dfd252a64922234ef0d7071b6e6cd32beb2341668023e47,data/raw/pdfs/23_อุบลราชธานี.pdf,1,10,25.84252,204.04648999999995,1088.8346429729727,217.34649
pdf_15:p2:r2,rec_a7da12cdda79e0c82219d0c09c97cedde9d5d86faf578c3a534bf038058d8b88,1819,pdf_15,bf99cdf12418fcdc90b3c1c739fd4e7e09ca40818852ca43bcd1c3284b3cf084,data/raw/pdfs/15_ฉะเชิงเทรา.pdf,2,2,25.84252,52.64256,1088.8346404878048,65.94255999999996
pdf_67:p2:r21,rec_76e446ceb7ac51c39a9a86daaa3d9f4bfeac6db64d7e6432880c0658bd8ecb83,1820,pdf_67,b66fc9f9229750b7a04c0e5c07c072d77eb0800ed604da819fb28b6c4a75a636,data/raw/pdfs/67_สุราษฎร์ธานี.pdf,2,21,25.84252,305.34256,1088.8346404878048,318.64256
pdf_27:p1:r24,rec_0514f1012c4743989d43508c653b3f91abdf752a1ffdfa43a5b4888ebde979f8,1821,pdf_27,bf545cbe9d19aa5a22880cf18f4484776d7d3e1348605d1451dfe7147ed85334,data/raw/pdfs/27_หนองบัวลำภู.pdf,1,24,25.84252,381.74649,1088.8346429729727,395.04649
pdf_64:p1:r8,rec_04d344cca0ed3f7edaa446125500ec3eaf0808f5eaa39118726db2a3e4590dda,1822,pdf_64,a4e4abc03757d1e14ce1bfb2e426567faeea8fce3152123821e712496872240e,data/raw/pdfs/64_กระบี่.pdf,1,8,25.84252,168.94649000000004,1088.8346429729727,182.24649
pdf_66:p1:r8,rec_baffbcd4a3ad8e6a8657f36f5aa4605e91b006125d908ab68e397f6ac536bd34,1823,pdf_66,012255400d37e8c732ded7ebc3c018108c8f4aa391112b3f6d6515d21e797ab6,data/raw/pdfs/66_ภูเก็ต.pdf,1,8,25.84252,168.94649000000004,1088.8346429729727,182.24649
pdf_67:p3:r9,rec_701f64fde51e95b7f7c6aa0890e20e624677deaff2e57ad864da7b94349a7ab9,1824,pdf_67,b66fc9f9229750b7a04c0e5c07c072d77eb0800ed604da819fb28b6c4a75a636,data/raw/pdfs/67_สุราษฎร์ธานี.pdf,3,9,25.84252,145.74255999999997,1088.8346404878048,159.04255999999998
pdf_36:p1:r25,rec_cc6337433b5d9e57c560fda57ffd11497f1aa0991cc99275e1dfc8300ea9bf7e,1825,pdf_36,e5624d419ac85611ac4b3fe0a27d6bfa73a7b474d5b0ee2a6b1a7b64f4783d70,data/raw/pdfs/36_นครพนม.pdf,1,25,25.84252,395.04649,1088.8346429729727,408.34649
pdf_50:p2:r5,rec_c117ed311caaf529aa154c79a719249d86085a9895d252524112ed216653f0de,1826,pdf_50,8b7fe8a59c2c1fa488d7462868687d8f934217d7df929384117ef1e19dae37ab,data/raw/pdfs/50_ตาก.pdf,2,5,25.84252,92.5426,1088.8346270588233,105.84259999999999
pdf_32:p1:r10,rec_4eb3a0739958fe67210ea4fe621eec09509ccd5772079b615fc36befca7904e7,1827,pdf_32,b00581f42f40b25ff4c6be7ad8e530fc1306844ad3bb673079384b891a4190e5,data/raw/pdfs/32_มหาสารคาม.pdf,1,10,25.84252,195.54649999999998,1088.8346399999998,208.84650000000002
pdf_72:p2:r37,rec_fbee6abdb4240900774c7c687faa3b6295597c311b791a6157bcb20044db8b7e,1828,pdf_72,04f947c56ddf01a73b376cdbb3099e393f9141fff3fec2504b9e031114606073,data/raw/pdfs/72_ตรัง.pdf,2,37,25.84252,518.14256,1088.8346402499997,531.44256
pdf_15:p2:r22,rec_71ee6699e28cf2befec022e041e6bc11be7313ac9d49ab6826330e94869b1ecb,1829,pdf_15,bf99cdf12418fcdc90b3c1c739fd4e7e09ca40818852ca43bcd1c3284b3cf084,data/raw/pdfs/15_ฉะเชิงเทรา.pdf,2,22,25.84252,318.64256,1088.8346404878048,331.94255999999996
pdf_27:p1:r11,rec_1afa4032d96a40ac133f108eb273788644016e8c9e5c39840ba75ee8047af985,1830,pdf_27,bf545cbe9d19aa5a22880cf18f4484776d7d3e1348605d1451dfe7147ed85334,data/raw/pdfs/27_หนองบัวลำภู.pdf,1,11,25.84252,208.84649,1088.8346429729727,222.14649
pdf_04:p3:r2,rec_9a7ae99b005b2cb5c0569f19d7d9b128cccfb8ec3e90fa3d517fba3d08549d66,1831,pdf_04,83861a2a02db33dda27703227bb90cd50ba1b9144123e42912f926c1d1043c39,data/raw/pdfs/04_ปทุมธานี.pdf,3,2,25.84252,52.64256,1088.8346404878048,65.94255999999996
pdf_67:p6:r31,rec_79eab2dcb5c3c89184f8730038b5c0763f853eddef054d716fdf8dce8fc8f7da,1832,pdf_67,b66fc9f9229750b7a04c0e5c07c072d77eb0800ed604da819fb28b6c4a75a636,data/raw/pdfs/67_สุราษฎร์ธานี.pdf,6,31,25.84252,438.34255999999993,1088.8346404878048,451.64256000000006
pdf_11:p1:r18,rec_75306c1ffb69d533107b60a53d8cf12a87616dee8b04ad2462b461bd7e060aff,1833,pdf_11,3638acfefe295becff8609b6ee16edeea0914e518d215754813661f1c0a3f79b,data/raw/pdfs/11_ชลบุรี.pdf,1,18,25.84252,301.94649,1088.8346429729727,315.24649
pdf_38:p2:r3,rec_e3561c8414b51a5851b6d7528136ed8b98c1f9268a1938aa20189e9519e4475c,1834,pdf_38,462a1c486a501887e4446ef7e812041c7d158ab4442235b85572d4a89fd7f492,data/raw/pdfs/38_เชียงใหม่.pdf,2,3,25.84252,65.94259999999997,1088.8346109999998,79.24259999999998
pdf_05:p3:r9,rec_b16c31cd3030e1240320e7955b2575688a036e6f1d8acdfecf895aeecbfa2d35,1835,pdf_05,ae1ba5ac5ef768c29045f4282a9047c71474a8d654003bfa51574874b3f415fc,data/raw/pdfs/05_พระนครศรีอยุธยา.pdf,3,9,25.84252,145.74259999999998,1088.8346388571426,159.0426
pdf_51:p1:r18,rec_3ea0a935f50294bc3ab46979c1aca3144dc00f0a719e3d8b17eaf24527e7e469,1836,pdf_51,380327daf06efde704e25ac9a209c4688b14087a4bcd57b35db44471d39e5199,data/raw/pdfs/51_สุโขทัย.pdf,1,18,25.84252,310.44649,1088.834642352941,323.74649
pdf_16:p2:r26,rec_03d2b2358e7d89a90716b6ec6b8b7d730545a066b7d9899b84bff817225ee35d,1837,pdf_16,7b893a3f02630b40240d0242410f662e3fe91d8d5ea2449991bba89e89a89ea4,data/raw/pdfs/16_ปราจีนบุรี.pdf,2,26,25.84252,371.84259999999995,1088.8346365517239,385.14259999999996
pdf_68:p3:r3,rec_8dd29fe0cda902084e7fc5132694f5dcbcce3cdeaedbeec553f9cac4695a3648,1838,pdf_68,3a242476c7c0c82cd6f78455b9ca30a8d8e875f3ae38090ae0fd5fb12805c593,data/raw/pdfs/68_ระนอง.pdf,3,3,25.842519999999997,65.94260000000008,1088.8346337499997,79.24260000000004
pdf_11:p2:r38,rec_c4b2ae2375c856599ef2d3a27ec208b897f917ac2bc576a90fc5969bbc90b0d2,1839,pdf_11,3638acfefe295becff8609b6ee16edeea0914e518d215754813661f1c0a3f79b,data/raw/pdfs/11_ชลบุรี.pdf,2,38,25.84252,531.44256,1088.8346404878048,544.74256
pdf_67:p1:r24,rec_326363a7f00a02d9514d592bbfd438bff27d6011801b4fc5b1a2bc36b29a811f,1840,pdf_67,b66fc9f9229750b7a04c0e5c07c072d77eb0800ed604da819fb28b6c4a75a636,data/raw/pdfs/67_สุราษฎร์ธานี.pdf,1,24,25.84252,381.74649,1088.8346429729727,395.04649
pdf_04:p5:r19,rec_3097503c7d5f46df5987862e9feb0adf616644364f1a6e99fc6b464857b8fac4,1841,pdf_04,83861a2a02db33dda27703227bb90cd50ba1b9144123e42912f926c1d1043c39,data/raw/pdfs/04_ปทุมธานี.pdf,5,19,25.84252,278.7426,1088.8346388571426,292.0426
pdf_04:p4:r28,rec_8940b423e1349002e9291f178109c02c718deedeadef59baf9a9397fe6d19469,1842,pdf_04,83861a2a02db33dda27703227bb90cd50ba1b9144123e42912f926c1d1043c39,data/raw/pdfs/04_ปทุมธานี.pdf,4,28,25.84252,398.44255999999996,1088.8346404878048,411.74256
pdf_50:p1:r5,rec_8ad9f562fd38f24b377fc7583c14494052c0c32a3128bdf5a34077a1cdc31189,1843,pdf_50,8b7fe8a59c2c1fa488d7462868687d8f934217d7df929384117ef1e19dae37ab,data/raw/pdfs/50_ตาก.pdf,1,5,25.84252,129.04648999999995,1088.8346429729727,142.34649000000002
pdf_07:p2:r1,rec_d47ea5c997d7f6e204d7634d732cbabae836bd4e8c0a57aabe50d86b024bb019,1844,pdf_07,f00681093e03a60a87dbc3834edae199fd055d6366406e456741ffd059ff3b05,data/raw/pdfs/07_ลพบุรี.pdf,2,1,25.84252,39.34256000000005,1088.8346404878048,52.64256
pdf_19:p3:r28,rec_0fefb252801727ccb53b135bc0284a4861e844c4898c3cf7448e5ea85ec3fdbc,1845,pdf_19,2fbc685c790d957bd597a9ae4cbc69a07dacbb20cab611015cf1ce2eecd5982c,data/raw/pdfs/19_นครราชสีมา.pdf,3,28,25.84252,398.44255999999996,1088.8346404878048,411.74256
pdf_64:p2:r36,rec_3cf3b8f2f6cd63af10f63d137a10c708041448426d4657ad5d4284e001624bde,1846,pdf_64,a4e4abc03757d1e14ce1bfb2e426567faeea8fce3152123821e712496872240e,data/raw/pdfs/64_กระบี่.pdf,2,36,25.84252,504.84255999999993,1088.8346404878048,518.14256
pdf_69:p1:r27,rec_4d52489718184b49e350dfa5199a346e2ffc549e9107c5f9356053bf4296c646,1847,pdf_69,769b283c00d83344280df884874571c2a99d89f78de64644b43bf9c6a108efa4,data/raw/pdfs/69_ชุมพร.pdf,1,27,25.84252,421.64649,1088.8346429729727,434.94649
pdf_51:p1:r23,rec_ff758b2298b3b593f578b6aeb085a8d4e723d4e95267532549f18a2b216f9087,1848,pdf_51,380327daf06efde704e25ac9a209c4688b14087a4bcd57b35db44471d39e5199,data/raw/pdfs/51_สุโขทัย.pdf,1,23,25.84252,376.94649,1088.834642352941,390.24649
pdf_23:p2:r38,rec_3744f43bb813c0b236d0c6b3b282fadf8d8b8c29a96a0d0bea3453507c5debb0,1849,pdf_23,771338278a591f8b5dfd252a64922234ef0d7071b6e6cd32beb2341668023e47,data/raw/pdfs/23_อุบลราชธานี.pdf,2,38,25.84252,531.44256,1088.8346404878048,544.74256
pdf_66:p3:r18,rec_13bef72a6b4b4e26fe8e8cece5a06b4bff7d5afedda2c4019759e18c99050e9b,1850,pdf_66,012255400d37e8c732ded7ebc3c018108c8f4aa391112b3f6d6515d21e797ab6,data/raw/pdfs/66_ภูเก็ต.pdf,3,18,25.84252,265.44255999999996,1088.8346397368418,278.74256
pdf_73:p3:r10,rec_49fdcfedf050e351180f5e46e4dbfeb1e7c83cb6fc5116723446b163267a8cf9,1851,pdf_73,8a9a8b1fb9d81eb7f2d76afa1f886621ea38587fc4c60902bc317398649ff90e,data/raw/pdfs/73_พัทลุง.pdf,3,10,25.842519999999997,159.0426,1088.8346314285711,172.34259999999995
pdf_12:p1:r29,rec_d494e895d4809bc34cb905445f9785f99f017d063dc9ffc0ee5c71aae802df72,1852,pdf_12,a807bf56c3fc6df739b3c4e072038fd3824bd793ca3bbc711cf4169e5e81ff9c,data/raw/pdfs/12_ระยอง.pdf,1,29,25.84252,448.24649,1088.8346429729727,461.54649
pdf_16:p2:r13,rec_5808ab10ac5caf901a684b064f4d9ced26ffa865427a0b8bc669602c3c15ab74,1853,pdf_16,7b893a3f02630b40240d0242410f662e3fe91d8d5ea2449991bba89e89a89ea4,data/raw/pdfs/16_ปราจีนบุรี.pdf,2,13,25.84252,198.94259999999997,1088.8346365517239,212.24259999999998
pdf_67:p4:r18,rec_72e7c96043242934021c8e89b373413ee331d16e3cacbae7f0b25c3f576bce4e,1854,pdf_67,b66fc9f9229750b7a04c0e5c07c072d77eb0800ed604da819fb28b6c4a75a636,data/raw/pdfs/67_สุราษฎร์ธานี.pdf,4,18,25.84252,265.44255999999996,1088.8346404878048,278.74255999999997
pdf_27:p1:r22,rec_6ce78a8f43a6c69956771c2b1295b67d66beb2d17a36b1390579e1cdd557f505,1855,pdf_27,bf545cbe9d19aa5a22880cf18f4484776d7d3e1348605d1451dfe7147ed85334,data/raw/pdfs/27_หนองบัวลำภู.pdf,1,22,25.84252,355.14649,1088.8346429729727,368.44649
pdf_27:p1:r35,rec_89f08ba5cfefa6c839861143de650e77f2f42d2491c67edb6e6ec31192d2df55,1856,pdf_27,bf545cbe9d19aa5a22880cf18f4484776d7d3e1348605d1451dfe7147ed85334,data/raw/pdfs/27_หนองบัวลำภู.pdf,1,35,25.84252,528.04649,1088.8346429729727,541.3464899999999
pdf_54:p2:r27,rec_6aba6d01fcd762070c30a6a25fec09cd667413430fd6aef62b9a135aa29e7a16,1857,pdf_54,884b1d2d94fff12fa64928c8a22df877265f50fbc00dfcb61f5a4636dd1c14c8,data/raw/pdfs/54_เพชรบูรณ์.pdf,2,27,25.84252,385.14256,1088.8346404878048,398.44255999999996
pdf_59:p2:r20,rec_d9caadadd2389e14c4bafa02cc3bebba1c798161e143a7555e9068fb3226b13b,1858,pdf_59,0c5827ab1fffa2ec0689a95405ee8640473ea428f18b199f44d2f71d4f366ad8,data/raw/pdfs/59_สมุทรสาคร.pdf,2,20,25.84252,292.04256,1088.8346404878048,305.34256
pdf_07:p2:r10,rec_127d82f4bf2aea44db0867351537bea4e0b4d77596458d06ca48f6acac2e8cb4,1859,pdf_07,f00681093e03a60a87dbc3834edae199fd055d6366406e456741ffd059ff3b05,data/raw/pdfs/07_ลพบุรี.pdf,2,10,25.84252,159.04255999999998,1088.8346404878048,172.34256
pdf_58:p1:r5,rec_dee0b66e83be4feae60bfff36bbd44a5bbe54fd029a6b37a714f7f48a3cba35b,1860,pdf_58,8ff0dc3c9fe92f1cc2721c37fe35cfcc653ad17ca531672dc94686e7776d35a5,data/raw/pdfs/58_นครปฐม.pdf,1,5,25.84252,129.04648999999995,1088.8346429729727,142.34649000000002
pdf_07:p2:r26,rec_8b9ae17fd4c5694deda757b5af43fef50ee161637d44f06306e34ecbc3f567f2,1861,pdf_07,f00681093e03a60a87dbc3834edae199fd055d6366406e456741ffd059ff3b05,data/raw/pdfs/07_ลพบุรี.pdf,2,26,25.84252,371.84256,1088.8346404878048,385.14256
pdf_74:p2:r33,rec_47b2fd10a661267b12d9075b9d8408a237998ae429efd724423c2bdc2f12050d,1862,pdf_74,a740362f586a24f46fcc09fc1a1bc6391556e4c9bc432141903734f7833f39db,data/raw/pdfs/74_ปัตตานี.pdf,2,33,25.84252,464.94255999999996,1088.8346404878048,478.24256
pdf_16:p1:r8,rec_39b3bd0f808e7eec29b6769924a850ff3f0c1ec5701169ed261df7e660e89eb5,1863,pdf_16,7b893a3f02630b40240d0242410f662e3fe91d8d5ea2449991bba89e89a89ea4,data/raw/pdfs/16_ปราจีนบุรี.pdf,1,8,25.84252,168.94649000000004,1088.8346429729727,182.24649
pdf_58:p1:r16,rec_9cfc0c49dd009b9aed6fe97d1175e147950623b034b373344d14ce76b663851f,1864,pdf_58,8ff0dc3c9fe92f1cc2721c37fe35cfcc653ad17ca531672dc94686e7776d35a5,data/raw/pdfs/58_นครปฐม.pdf,1,16,25.84252,275.34649,1088.8346429729727,288.64649
pdf_74:p2:r28,rec_b31854c57411627ba9f18c55641bcf2ca5e39aadc10391739b692a5eb5749bcf,1865,pdf_74,a740362f586a24f46fcc09fc1a1bc6391556e4c9bc432141903734f7833f39db,data/raw/pdfs/74_ปัตตานี.pdf,2,28,25.84252,398.44255999999996,1088.8346404878048,411.74256
pdf_04:p4:r19,rec_8baa5278a79ffdeb6ca529a0bd52855f5e6592993ab815d319a559178502d6e9,1866,pdf_04,83861a2a02db33dda27703227bb90cd50ba1b9144123e42912f926c1d1043c39,data/raw/pdfs/04_ปทุมธานี.pdf,4,19,25.84252,278.74255999999997,1088.8346404878048,292.04256
pdf_15:p1:r8,rec_f3f5cea0222dfb29a19b1e46c3b971bba12b569c28a168130386c77906e45659,1867,pdf_15,bf99cdf12418fcdc90b3c1c739fd4e7e09ca40818852ca43bcd1c3284b3cf084,data/raw/pdfs/15_ฉะเชิงเทรา.pdf,1,8,25.84252,168.94649000000004,1088.8346429729727,182.24649
pdf_67:p4:r16,rec_8070be7280c48a5b2ddc767500479773edec6f624241e1504565ea41ccedb403,1868,pdf_67,b66fc9f9229750b7a04c0e5c07c072d77eb0800ed604da819fb28b6c4a75a636,data/raw/pdfs/67_สุราษฎร์ธานี.pdf,4,16,25.84252,238.84256,1088.8346404878048,252.14255999999995
pdf_40:p1:r29,rec_b8502a04537e5638d8f466deb48570db83a29b704a91fcbad9939ddb68553658,1869,pdf_40,89bea4e9a200e8f073d048a2ed2a881a1e01108b8c12f1e050317b845aac6b1d,data/raw/pdfs/40_ลำปาง.pdf,1,29,25.84252,448.24649,1088.8346429729727,461.54649
pdf_12:p2:r13,rec_11829a9a4b75520ab18da56d7f8f92b68d142aa2e9e5681cf5942ecd63f75643,1870,pdf_12,a807bf56c3fc6df739b3c4e072038fd3824bd793ca3bbc711cf4169e5e81ff9c,data/raw/pdfs/12_ระยอง.pdf,2,13,25.842520000000004,198.94259999999997,1088.8346355555555,212.24259999999998
pdf_74:p1:r35,rec_7ca83e083064bdb118b0eba5c77133038d135b9c3156a8e23350655af863dbb2,1871,pdf_74,a740362f586a24f46fcc09fc1a1bc6391556e4c9bc432141903734f7833f39db,data/raw/pdfs/74_ปัตตานี.pdf,1,35,25.84252,528.04649,1088.8346429729727,541.3464899999999
pdf_07:p2:r20,rec_4f7a0a58be5139fa04c0a211ba9c32df4ed9d01b89d3f8f49efe9cf852689013,1872,pdf_07,f00681093e03a60a87dbc3834edae199fd055d6366406e456741ffd059ff3b05,data/raw/pdfs/07_ลพบุรี.pdf,2,20,25.84252,292.04256,1088.8346404878048,305.34256
pdf_35:p1:r19,rec_69b4863166fc2f7e9b084c36902d3ce0dd483e92381fe3d44703071a5b2b2426,1873,pdf_35,34e8cb69b8d0f03a2caba0ffc0eb6d4b5233159b13350c073968de56ab12b69f,data/raw/pdfs/35_สกลนคร.pdf,1,19,25.84252,315.24649,1088.8346429729727,328.54649
pdf_03:p3:r37,rec_414262dfdd1789b795420e4408e533f8a5847269fc59c89f95881fa84d181ae4,1874,pdf_03,7dd9e7f51732791c63183067d85d18d20f856edf0c2dff89dbda84d866df2d62,data/raw/pdfs/03_นนทบุรี.pdf,3,37,25.84252,518.14256,1088.8346404878048,531.44256
pdf_68:p3:r18,rec_11d5dffb3d756555e7a6561e24ac40dd76ab41821c784f71036be15a13c681dd,1875,pdf_68,3a242476c7c0c82cd6f78455b9ca30a8d8e875f3ae38090ae0fd5fb12805c593,data/raw/pdfs/68_ระนอง.pdf,3,18,25.842519999999997,265.4426,1088.8346337499997,278.74260000000004
pdf_04:p4:r18,rec_d3c731beaa5a0ac472f0e4bcc033498508dc6cb1c2e5409764ac78dfefc2e6be,1876,pdf_04,83861a2a02db33dda27703227bb90cd50ba1b9144123e42912f926c1d1043c39,data/raw/pdfs/04_ปทุมธานี.pdf,4,18,25.84252,265.44255999999996,1088.8346404878048,278.74255999999997
pdf_44:p1:r14,rec_258a952cce24ee4687a1f5afe783a32815a8e1034ad3abaaf17e365b391c2aa6,1877,pdf_44,0b6a87addaacef010594603f0dfdfb6eeb947a760e12360b52409636f432ab36,data/raw/pdfs/44_พะเยา.pdf,1,14,25.84252,248.74649999999997,1088.8346369999997,262.0465
pdf_64:p3:r16,rec_9a72564772df12db2959fcaa2af97c305f3d2fac0842e78f6a055db9b384e2f9,1878,pdf_64,a4e4abc03757d1e14ce1bfb2e426567faeea8fce3152123821e712496872240e,data/raw/pdfs/64_กระบี่.pdf,3,16,25.84252,238.84256,1088.8346404878048,252.14255999999995
pdf_51:p1:r29,rec_7796bb48b7a5f97b8aa25058a310ae334ad3b621a1b7e0d2a3f8b3253de4152a,1879,pdf_51,380327daf06efde704e25ac9a209c4688b14087a4bcd57b35db44471d39e5199,data/raw/pdfs/51_สุโขทัย.pdf,1,29,25.84252,456.74649,1088.834642352941,470.04649
pdf_18:p1:r1,rec_f2ed7724416b2544e4c30d866550a898530ce9d57a0dbdd7aee49d322a3a5f1b,1880,pdf_18,be2f47080dc7e95c466a639def50661998348f89a3d3495b6324e03e6ac06a59,data/raw/pdfs/18_สระแก้ว.pdf,1,1,25.84252,75.84648999999996,1088.834642121212,89.14648999999997
pdf_69:p2:r31,rec_4c0a2c520ec2885ef62da52e274d1eb4452861f817cd1a5d810db0f49e78a7c9,1881,pdf_69,769b283c00d83344280df884874571c2a99d89f78de64644b43bf9c6a108efa4,data/raw/pdfs/69_ชุมพร.pdf,2,31,25.84252,438.34255999999993,1088.8346404878048,451.64256000000006
pdf_67:p7:r3,rec_f10987d28d60ec8093ca78edf3e40426a5c94e8075fb2f755df06c463bdd105d,1882,pdf_67,b66fc9f9229750b7a04c0e5c07c072d77eb0800ed604da819fb28b6c4a75a636,data/raw/pdfs/67_สุราษฎร์ธานี.pdf,7,3,25.84252,65.94259999999997,1088.8346270588233,79.24260000000001
pdf_66:p2:r14,rec_300676a3d26908fb6bcc68e9bb12649836ce16ea8f103be3b2b65e259b61fefa,1883,pdf_66,012255400d37e8c732ded7ebc3c018108c8f4aa391112b3f6d6515d21e797ab6,data/raw/pdfs/66_ภูเก็ต.pdf,2,14,25.84252,212.24255999999997,1088.8346404878048,225.54255999999995
pdf_67:p6:r14,rec_1d6ecf2a33abbb2caf594deb4089ce10fe3402418322f54f6aae00b2346b5108,1884,pdf_67,b66fc9f9229750b7a04c0e5c07c072d77eb0800ed604da819fb28b6c4a75a636,data/raw/pdfs/67_สุราษฎร์ธานี.pdf,6,14,25.84252,212.24255999999997,1088.8346404878048,225.54255999999995
pdf_19:p2:r34,rec_f7da346ea2568f043d9ba0be10c97280adc26c58bf4166fd062a259281156158,1885,pdf_19,2fbc685c790d957bd597a9ae4cbc69a07dacbb20cab611015cf1ce2eecd5982c,data/raw/pdfs/19_นครราชสีมา.pdf,2,34,25.84252,478.24256,1088.8346404878048,491.54256
pdf_19:p2:r19,rec_7345e7ba0f81dc534db006a68021f966fc5164b0d4ec5176e458ea8c38000732,1886,pdf_19,2fbc685c790d957bd597a9ae4cbc69a07dacbb20cab611015cf1ce2eecd5982c,data/raw/pdfs/19_นครราชสีมา.pdf,2,19,25.84252,278.74255999999997,1088.8346404878048,292.04256
pdf_05:p2:r9,rec_6042a3caa2b6b5211f92764c19fad2303c8cd1782d52ee419ef5abcaac1a7261,1887,pdf_05,ae1ba5ac5ef768c29045f4282a9047c71474a8d654003bfa51574874b3f415fc,data/raw/pdfs/05_พระนครศรีอยุธยา.pdf,2,9,25.84252,145.74255999999997,1088.8346404878048,159.04255999999998
pdf_18:p1:r14,rec_ddea19ef6d41a60159333a9b7b85c1997c08291fc5e03fef50f9df30b5aa2620,1888,pdf_18,be2f47080dc7e95c466a639def50661998348f89a3d3495b6324e03e6ac06a59,data/raw/pdfs/18_สระแก้ว.pdf,1,14,25.84252,248.74649,1088.834642121212,262.04649
pdf_36:p1:r12,rec_6a3e61efae55990bdfe05801455cc455d61a9d5d967104d1fb024a818abbea49,1889,pdf_36,e5624d419ac85611ac4b3fe0a27d6bfa73a7b474d5b0ee2a6b1a7b64f4783d70,data/raw/pdfs/36_นครพนม.pdf,1,12,25.84252,222.14649,1088.8346429729727,235.44649000000004
pdf_76:p1:r26,rec_a1b7f61a1b128d76a5437bbace8c10aad74c89d3c7580ee3cb343ae440017e9a,1890,pdf_76,474bb90a38c020bbc86d90180af2b062867ed6a1db6999d709acff810fd5d84d,data/raw/pdfs/76_นราธิวาส.pdf,1,26,25.84252,408.34649,1088.8346429729727,421.64649
pdf_04:p4:r29,rec_6b16e3e8c8a2c20185e7b3370be01cb58050f9821845f1f4ef636811c8d60870,1891,pdf_04,83861a2a02db33dda27703227bb90cd50ba1b9144123e42912f926c1d1043c39,data/raw/pdfs/04_ปทุมธานี.pdf,4,29,25.84252,411.74256,1088.8346404878048,425.04256
pdf_67:p6:r32,rec_17d6ec80fd7dfda7c4e9d541f024fb243b19e8207d6e52e901e16925e4f7b20f,1892,pdf_67,b66fc9f9229750b7a04c0e5c07c072d77eb0800ed604da819fb28b6c4a75a636,data/raw/pdfs/67_สุราษฎร์ธานี.pdf,6,32,25.84252,451.64256000000006,1088.8346404878048,464.94255999999996
pdf_64:p3:r28,rec_4f9e297eb121fbfb2872eb7f680ccbe4cee55f02cc6a1addd04cac8df8a19efb,1893,pdf_64,a4e4abc03757d1e14ce1bfb2e426567faeea8fce3152123821e712496872240e,data/raw/pdfs/64_กระบี่.pdf,3,28,25.84252,398.44255999999996,1088.8346404878048,411.74256
pdf_35:p1:r6,rec_631ad9109163408d348857e275fa488c1a71e5a189e936e2ffb51079d64c151f,1894,pdf_35,34e8cb69b8d0f03a2caba0ffc0eb6d4b5233159b13350c073968de56ab12b69f,data/raw/pdfs/35_สกลนคร.pdf,1,6,25.84252,142.34649000000002,1088.8346429729727,155.64648999999997
pdf_25:p1:r19,rec_ab196e8931278be14e9e595d33e89517454c411c01ed75fa2d98bf572711bbf8,1895,pdf_25,0155bd151db06d789a16df2bc6422d9237698f7f38d57991cc1ab60bcb86601c,data/raw/pdfs/25_ชัยภูมิ.pdf,1,19,25.84252,315.24649,1088.8346429729727,328.54649
pdf_15:p3:r1,rec_96d5e6c6f7b3dd341a2c7114951999ecb3023c79c3fb3f23a539ed2b84400747,1896,pdf_15,bf99cdf12418fcdc90b3c1c739fd4e7e09ca40818852ca43bcd1c3284b3cf084,data/raw/pdfs/15_ฉะเชิงเทรา.pdf,3,1,25.842519999999997,39.34259999999995,1088.8345849999998,52.642600000000016
pdf_57:p2:r5,rec_6a912784ba8622747e7072e5f977985da02263aed7b1f38bfb42dee0e0fb31bd,1897,pdf_57,9b6f57faac860a1339f68519b1b756d3ef34cc2ccd4962f5e15b78600e7c9112,data/raw/pdfs/57_สุพรรณบุรี.pdf,2,5,25.84252,92.54255999999998,1088.8346404878048,105.84256
pdf_66:p3:r19,rec_d986f87df2a9b0d55ab058c0347b84d3de482d9101763d31ef8e3d4b2f3c27b4,1898,pdf_66,012255400d37e8c732ded7ebc3c018108c8f4aa391112b3f6d6515d21e797ab6,data/raw/pdfs/66_ภูเก็ต.pdf,3,19,25.84252,278.74256,1088.8346397368418,292.04256
pdf_36:p2:r3,rec_90e2dcd2be8eef6d8d81812fbc88c9932e8b6e29fe08a952b4512b8bc5238cd7,1899,pdf_36,e5624d419ac85611ac4b3fe0a27d6bfa73a7b474d5b0ee2a6b1a7b64f4783d70,data/raw/pdfs/36_นครพนม.pdf,2,3,25.84252,65.94260000000008,1088.8346294736841,79.24260000000004
pdf_56:p1:r13,rec_6b47e1e3cdcc2b5839b317212ba3032dbba47a368fcc0d5af731b54de6631410,1900,pdf_56,f0ce416ab9d3f527c2052960422068d0564c2b8833f2a75d05cab7aa8280b0d5,data/raw/pdfs/56_กาญจนบุรี.pdf,1,13,25.84252,235.44649000000004,1088.8346429729727,248.74649
pdf_03:p1:r4,rec_b847cc08f829af5e50972be586f48be469388e284966bf78f67730d7f63fe3b8,1901,pdf_03,7dd9e7f51732791c63183067d85d18d20f856edf0c2dff89dbda84d866df2d62,data/raw/pdfs/03_นนทบุรี.pdf,1,4,25.84252,115.74649,1088.8346429729727,129.04648999999995
pdf_15:p1:r15,rec_0510aeb8c442619b9d292ab2a021e6b02c9b01fe0c5577f92501c9f0f1301e9e,1902,pdf_15,bf99cdf12418fcdc90b3c1c739fd4e7e09ca40818852ca43bcd1c3284b3cf084,data/raw/pdfs/15_ฉะเชิงเทรา.pdf,1,15,25.84252,262.04648999999995,1088.8346429729727,275.34649
pdf_69:p1:r2,rec_51978dffce0162c8fc3d382298129219e6e144f04ad52d3e22ff28845d819a83,1903,pdf_69,769b283c00d83344280df884874571c2a99d89f78de64644b43bf9c6a108efa4,data/raw/pdfs/69_ชุมพร.pdf,1,2,25.84252,89.14648999999997,1088.8346429729727,102.44649000000004
pdf_19:p1:r9,rec_be0f6df7c6f91a58464b239216aede7433e91bb03cd6c7139fc9cb278047b219,1904,pdf_19,2fbc685c790d957bd597a9ae4cbc69a07dacbb20cab611015cf1ce2eecd5982c,data/raw/pdfs/19_นครราชสีมา.pdf,1,9,25.84252,190.74649,1088.8346429729727,204.04648999999995
pdf_67:p4:r11,rec_37ac34708113e005d93a4ff3bf5074619cfc839c0e6e80112e637fe35552d1c5,1905,pdf_67,b66fc9f9229750b7a04c0e5c07c072d77eb0800ed604da819fb28b6c4a75a636,data/raw/pdfs/67_สุราษฎร์ธานี.pdf,4,11,25.84252,172.34256,1088.8346404878048,185.64255999999995
pdf_40:p1:r14,rec_af84110567709a4deb632fc7dd8dd54b53e00811645d612115e3823c71e91356,1906,pdf_40,89bea4e9a200e8f073d048a2ed2a881a1e01108b8c12f1e050317b845aac6b1d,data/raw/pdfs/40_ลำปาง.pdf,1,14,25.84252,248.74649,1088.8346429729727,262.04648999999995
pdf_70:p2:r33,rec_8ecb4abd237f5290507479ad8fbfb28973c5ffce4e7e7301220d79746a9eaeed,1907,pdf_70,dd0c8cec48b7f0994639864765a097630785c0e22135d674cb3057f22c0f80ab,data/raw/pdfs/70_สงขลา.pdf,2,33,25.84252,464.94259999999997,1088.8346391666664,478.2426
pdf_23:p2:r20,rec_c5e2710c7fdf6eb97d5cf3c6779b28da93ef6026b473c48f94f1c1c719ad6624,1908,pdf_23,771338278a591f8b5dfd252a64922234ef0d7071b6e6cd32beb2341668023e47,data/raw/pdfs/23_อุบลราชธานี.pdf,2,20,25.84252,292.04256,1088.8346404878048,305.34256
pdf_51:p1:r12,rec_b9ac20bb4679ec43cbddfe8fd6af497768384e20415681ce5c7f70077cf1d26a,1909,pdf_51,380327daf06efde704e25ac9a209c4688b14087a4bcd57b35db44471d39e5199,data/raw/pdfs/51_สุโขทัย.pdf,1,12,25.84252,230.64649,1088.834642352941,243.94648999999998
pdf_52:p1:r32,rec_b3241b4e4ce4a27a6f8bdafb62336e14cc8227154cd8af32d1e11f6520b278d8,1910,pdf_52,9cb0d6cf6dff8fc890e8435c67310ba7051a6c49c0a0cbb9b817f49c8ece0551,data/raw/pdfs/52_พิษณุโลก.pdf,1,32,25.84252,488.14649,1088.8346429729727,501.44649
pdf_05:p2:r2,rec_6349a1e65e88c2c5d9c43ea1b8a7062b20bfc528c22a219027bfd568f902dfcb,1911,pdf_05,ae1ba5ac5ef768c29045f4282a9047c71474a8d654003bfa51574874b3f415fc,data/raw/pdfs/05_พระนครศรีอยุธยา.pdf,2,2,25.84252,52.64256,1088.8346404878048,65.94255999999996
pdf_67:p3:r10,rec_07e129de24a80c01284ab6ac6d7b94806370cca972f3a7465ea797a899a4e970,1912,pdf_67,b66fc9f9229750b7a04c0e5c07c072d77eb0800ed604da819fb28b6c4a75a636,data/raw/pdfs/67_สุราษฎร์ธานี.pdf,3,10,25.84252,159.04255999999998,1088.8346404878048,172.34256
pdf_03:p3:r38,rec_100d07c96fb27001cc67503a6653c5d044b4687751ff8ece092bb0772c603d7d,1913,pdf_03,7dd9e7f51732791c63183067d85d18d20f856edf0c2dff89dbda84d866df2d62,data/raw/pdfs/03_นนทบุรี.pdf,3,38,25.84252,531.44256,1088.8346404878048,544.74256
pdf_04:p2:r15,rec_acc9dc2693f4f40abe9a691f988c37f1046f87f17f886ec3fffcb6421137bc40,1914,pdf_04,83861a2a02db33dda27703227bb90cd50ba1b9144123e42912f926c1d1043c39,data/raw/pdfs/04_ปทุมธานี.pdf,2,15,25.84252,225.54255999999995,1088.8346404878048,238.84256
pdf_04:p1:r12,rec_b22fd2971b61a39e299d1b3a7d8107069ca69a1648eeed72ed3233e801d457f6,1915,pdf_04,83861a2a02db33dda27703227bb90cd50ba1b9144123e42912f926c1d1043c39,data/raw/pdfs/04_ปทุมธานี.pdf,1,12,25.84252,222.14649,1088.8346429729727,235.44649000000004
pdf_63:p1:r5,rec_5a6d60b7e51124b1329e95da458bd5dbec1deabf05bec67ed3a8cc940fb21f8c,1916,pdf_63,b04433cfbe561d1199180db3f5210359427f668e1f7b072f31972e2749ce63ae,data/raw/pdfs/63_นครศรีธรรมราช.pdf,1,5,25.84252,129.04648999999995,1088.8346429729727,142.34649000000002
pdf_56:p1:r16,rec_e0cbdb101d71f2a30ce20e6e77d6bdb2698018ce07f4ec3f4248588b0d8cc695,1917,pdf_56,f0ce416ab9d3f527c2052960422068d0564c2b8833f2a75d05cab7aa8280b0d5,data/raw/pdfs/56_กาญจนบุรี.pdf,1,16,25.84252,275.34649,1088.8346429729727,288.64649
pdf_23:p2:r1,rec_5998dc0512bc38334008c7bb4e5f51e22660c1e1c3863011852d89b94b439a6c,1918,pdf_23,771338278a591f8b5dfd252a64922234ef0d7071b6e6cd32beb2341668023e47,data/raw/pdfs/23_อุบลราชธานี.pdf,2,1,25.84252,39.34256000000005,1088.8346404878048,52.64256
pdf_17:p1:r14,rec_8ca5642ba8eb64ae8998fa417088aaa0d6915a0aef649b0d819910e9b157e8d9,1919,pdf_17,69ee6e20b50a8b481e887173d13a132193b234c6f6442cad70c9aa3f04917b71,data/raw/pdfs/17_นครนายก.pdf,1,14,25.84252,248.74650000000003,1088.8346355555555,262.0465
pdf_58:p1:r12,rec_99eefab05c7977691eb6994e26248d469486d788e448f23e2b685944c3aca2fb,1920,pdf_58,8ff0dc3c9fe92f1cc2721c37fe35cfcc653ad17ca531672dc94686e7776d35a5,data/raw/pdfs/58_นครปฐม.pdf,1,12,25.84252,222.14649,1088.8346429729727,235.44649000000004
pdf_68:p1:r27,rec_b3e31df3a1c8a869677dfeb0afd5b31870f8c1aac6d1133494d5a9fa7a00e950,1921,pdf_68,3a242476c7c0c82cd6f78455b9ca30a8d8e875f3ae38090ae0fd5fb12805c593,data/raw/pdfs/68_ระนอง.pdf,1,27,25.84252,421.64649,1088.8346429729727,434.94649
pdf_75:p1:r14,rec_29e30a31c310652c9bb621aaff6338bc93763081a3b259072313b371613617d9,1922,pdf_75,ffef7f4f9a7953e62785b17dc6cfa1d3fa15bda9cb7369abaaa41e24f24f5ae4,data/raw/pdfs/75_ยะลา.pdf,1,14,25.84252,248.74649,1088.834642352941,262.04649
pdf_10:p1:r16,rec_d5828e5d405769b3c61627135270f9cfc37e4b5f1476de7e500961a2c17061c7,1923,pdf_10,5e0a433bc2cc307479a32d344bf5b0b4f006af0a3d0ccc1493fb587c885896c1,data/raw/pdfs/10_สระบุรี.pdf,1,16,25.84252,275.34649,1088.8346429729727,288.64649
pdf_03:p5:r28,rec_2bceb082e9d38163e72544571533a61b1e8de5127c778c4e355572c3aa51897a,1924,pdf_03,7dd9e7f51732791c63183067d85d18d20f856edf0c2dff89dbda84d866df2d62,data/raw/pdfs/03_นนทบุรี.pdf,5,28,25.84252,398.44259999999997,1088.8346391666664,411.7425999999999
pdf_06:p1:r26,rec_67a04b69ab9522c4ce4344a6a7eed91f7d690234993cad62b7401aaf3161cb81,1925,pdf_06,03acf167c8c7dcc3b7e6ccbd9afcaa05e3b5157df416e00c1b7e146d91880d3c,data/raw/pdfs/06_อ่างทอง.pdf,1,26,25.84252,408.34649,1088.8346429729727,421.64649
pdf_33:p1:r2,rec_f7e85c095ce7640faa98c6f70b7c3add29321109898fb5ebbc779914e5227d4a,1926,pdf_33,803bc44f1213b58c511b011e1bd47fdf863f6e6f583f7263065cda30ef3d413a,data/raw/pdfs/33_ร้อยเอ็ด.pdf,1,2,25.84252,89.14650000000003,1088.8346314285714,102.44650000000001
pdf_03:p1:r26,rec_353080367a26eae12731aa358703a51e5f02174615642fa4bae6caaf71bf4cc9,1927,pdf_03,7dd9e7f51732791c63183067d85d18d20f856edf0c2dff89dbda84d866df2d62,data/raw/pdfs/03_นนทบุรี.pdf,1,26,25.84252,408.34649,1088.8346429729727,421.64649
pdf_60:p1:r5,rec_9b22d63dd6021ffb61f85eafff973f167bd6b1d45ca97de784b81d40641ec8f3,1928,pdf_60,83005eabe1d9070b5592477278ea610755bdcb54fea6e719fee81b3b098eaa28,data/raw/pdfs/60_สมุทรสงคราม.pdf,1,5,25.842520000000004,129.04649999999998,1088.8346403703702,142.3465
pdf_03:p2:r17,rec_6ee61ed6905a6c21a6c12f11a078b73f96c2308b4a4ad0a5c30c79c9b1b49208,1929,pdf_03,7dd9e7f51732791c63183067d85d18d20f856edf0c2dff89dbda84d866df2d62,data/raw/pdfs/03_นนทบุรี.pdf,2,17,25.84252,252.14255999999995,1088.8346404878048,265.44255999999996
pdf_66:p1:r14,rec_52c1f0d15643924558c2ebafcc02b1f36392ad6b44402c372b55fd6938d4b898,1930,pdf_66,012255400d37e8c732ded7ebc3c018108c8f4aa391112b3f6d6515d21e797ab6,data/raw/pdfs/66_ภูเก็ต.pdf,1,14,25.84252,248.74649,1088.8346429729727,262.04648999999995
pdf_52:p1:r27,rec_ad13aad7a56101f70dd35dc9933576bcab6b6e893a21a150fa906b91901ca24d,1931,pdf_52,9cb0d6cf6dff8fc890e8435c67310ba7051a6c49c0a0cbb9b817f49c8ece0551,data/raw/pdfs/52_พิษณุโลก.pdf,1,27,25.84252,421.64649,1088.8346429729727,434.94649
pdf_67:p6:r33,rec_2a7f65f8f1339c625c1b38e6e89a0b6a827a07a60ce3c1fc0f7524a82d0d00ff,1932,pdf_67,b66fc9f9229750b7a04c0e5c07c072d77eb0800ed604da819fb28b6c4a75a636,data/raw/pdfs/67_สุราษฎร์ธานี.pdf,6,33,25.84252,464.94255999999996,1088.8346404878048,478.24256
pdf_02:p3:r20,rec_1990c3450a2591e316aa34d146794524aad4e053f1c3e2a25361d37168701ffe,1933,pdf_02,368a15805d33fb210ed50297795f7f50bf822054e05b59bf71bfa25bee0f3a3c,data/raw/pdfs/02_สมุทรปราการ.pdf,3,20,25.84252,292.0426,1088.8346343999997,305.3426
pdf_11:p2:r28,rec_39fe726dcc494c6c80a491149cfae245d0f20ae152d2cc8ee982c4df5f14ba85,1934,pdf_11,3638acfefe295becff8609b6ee16edeea0914e518d215754813661f1c0a3f79b,data/raw/pdfs/11_ชลบุรี.pdf,2,28,25.84252,398.44255999999996,1088.8346404878048,411.74256
pdf_58:p3:r12,rec_788083c3b9c2beedbc3d522eedbd6c97ee14ef2d7897cb564e670ae6eacba601,1935,pdf_58,8ff0dc3c9fe92f1cc2721c37fe35cfcc653ad17ca531672dc94686e7776d35a5,data/raw/pdfs/58_นครปฐม.pdf,3,12,25.84252,185.64259999999996,1088.8346304999998,198.94259999999997
pdf_10:p2:r21,rec_0f32441deca7917ea980588e313fd569d5d11a3de8eb18849b1d8f74c264cad0,1936,pdf_10,5e0a433bc2cc307479a32d344bf5b0b4f006af0a3d0ccc1493fb587c885896c1,data/raw/pdfs/10_สระบุรี.pdf,2,21,25.84252,305.34256,1088.8346404878048,318.64256
pdf_05:p1:r14,rec_6e264d019edc45acacbb3c0c575df603e3c8ff0bab86b7a7f8073fe073c88c5e,1937,pdf_05,ae1ba5ac5ef768c29045f4282a9047c71474a8d654003bfa51574874b3f415fc,data/raw/pdfs/05_พระนครศรีอยุธยา.pdf,1,14,25.84252,248.74649,1088.8346429729727,262.04648999999995
pdf_68:p1:r1,rec_b1bbe092ac7b79753f6e25ca10134e2d44b79cb148d6586ce0c4ff3dc274aa07,1938,pdf_68,3a242476c7c0c82cd6f78455b9ca30a8d8e875f3ae38090ae0fd5fb12805c593,data/raw/pdfs/68_ระนอง.pdf,1,1,25.84252,75.84649000000002,1088.8346429729727,89.14648999999997
pdf_02:p1:r9,rec_3a5505efb29b232f84ea0f79aea4a79be5a372e56f4c48f76de0b1a498049d37,1939,pdf_02,368a15805d33fb210ed50297795f7f50bf822054e05b59bf71bfa25bee0f3a3c,data/raw/pdfs/02_สมุทรปราการ.pdf,1,9,25.84252,182.24649,1088.8346429729727,195.54648999999995
pdf_63:p1:r11,rec_4f9392d4fd80dd1aa4943ec0941f8451f0d430f5c7469ea4e6e92761e4e1889a,1940,pdf_63,b04433cfbe561d1199180db3f5210359427f668e1f7b072f31972e2749ce63ae,data/raw/pdfs/63_นครศรีธรรมราช.pdf,1,11,25.84252,208.84649,1088.8346429729727,222.14649
pdf_68:p3:r2,rec_c1186ef967d494788168b66351f56616ed8c882e9148ab16e8de0722a7d83f6a,1941,pdf_68,3a242476c7c0c82cd6f78455b9ca30a8d8e875f3ae38090ae0fd5fb12805c593,data/raw/pdfs/68_ระนอง.pdf,3,2,25.842519999999997,52.642600000000016,1088.8346337499997,65.94260000000008
pdf_19:p4:r23,rec_030b5faea10bec7238fb173312e4fb311896aeb514d9217b2a0336bb9e6befad,1942,pdf_19,2fbc685c790d957bd597a9ae4cbc69a07dacbb20cab611015cf1ce2eecd5982c,data/raw/pdfs/19_นครราชสีมา.pdf,4,23,25.84252,331.94255999999996,1088.8346404878048,345.24256
pdf_67:p3:r36,rec_e2573b2400aa93801610bf33c732c84343a1196e8c6fcb23bf5a70d1ede99930,1943,pdf_67,b66fc9f9229750b7a04c0e5c07c072d77eb0800ed604da819fb28b6c4a75a636,data/raw/pdfs/67_สุราษฎร์ธานี.pdf,3,36,25.84252,504.84255999999993,1088.8346404878048,518.14256
pdf_15:p2:r21,rec_11e3dc810ae5598196b6dcd7d36fe0924a68307763d0942800e43a35fcab4af5,1944,pdf_15,bf99cdf12418fcdc90b3c1c739fd4e7e09ca40818852ca43bcd1c3284b3cf084,data/raw/pdfs/15_ฉะเชิงเทรา.pdf,2,21,25.84252,305.34256,1088.8346404878048,318.64256
pdf_03:p2:r29,rec_5118062d4d500e850d0dccf2440fd897c33f4362a0a8722e977cc91b8b115fa4,1945,pdf_03,7dd9e7f51732791c63183067d85d18d20f856edf0c2dff89dbda84d866df2d62,data/raw/pdfs/03_นนทบุรี.pdf,2,29,25.84252,411.74256,1088.8346404878048,425.04256
pdf_49:p1:r29,rec_29a7d79fae81a536c84ddb059b541d49c578e6690f8c96dc9325b2e6a26788c0,1946,pdf_49,6ada8eb27a34993420ed8c6db69aa4ae13ff4283abdb43b9d76a05d6794f6a27,data/raw/pdfs/49_กำแพงเพชร.pdf,1,29,25.84252,448.24649,1088.8346429729727,461.54649
pdf_56:p2:r22,rec_d895c07228e2351efca68a3638d540a946b4906fb18bb2d1c92fd7275b9826df,1947,pdf_56,f0ce416ab9d3f527c2052960422068d0564c2b8833f2a75d05cab7aa8280b0d5,data/raw/pdfs/56_กาญจนบุรี.pdf,2,22,25.84252,318.64256,1088.8346394594591,331.94256
pdf_64:p3:r7,rec_936d12cd3003f241d9188c29ea5f01ee861bc3ae7d580a91f577c90195f367e7,1948,pdf_64,a4e4abc03757d1e14ce1bfb2e426567faeea8fce3152123821e712496872240e,data/raw/pdfs/64_กระบี่.pdf,3,7,25.84252,119.14255999999996,1088.8346404878048,132.44255999999996
pdf_31:p1:r6,rec_e1e6083bad6a7fe2c8c2f009daf01cfbccc037559276ef77c7b2e5a0b61737a2,1949,pdf_31,f1a10c3940792a9b882ab08acb2b2394c5009faa4f9334ce940cf44438cf5d54,data/raw/pdfs/31_หนองคาย.pdf,1,6,25.84252,142.34649,1088.834642352941,155.64648999999997
pdf_04:p3:r8,rec_d278a2e63945764a23b0619a5fada67989d2aa874c6194518251da5ebae50d26,1950,pdf_04,83861a2a02db33dda27703227bb90cd50ba1b9144123e42912f926c1d1043c39,data/raw/pdfs/04_ปทุมธานี.pdf,3,8,25.84252,132.44255999999996,1088.8346404878048,145.74255999999997
pdf_47:p1:r12,rec_91ee10201b84c8f5abbc3c339549e726bfa64bd5513c816d860057e97cc1f989,1951,pdf_47,365b7fdb0bc54f527416d61502059d02cd2aaa1ed2d3600907d80b79987b64c8,data/raw/pdfs/47_นครสวรรค์.pdf,1,12,25.84252,222.14649999999992,1088.8346326666665,235.44649999999996
pdf_67:p6:r15,rec_938ba39477bfdd08210ffab2e658901355ecc75731f1d95cc16d328d7334e7ef,1952,pdf_67,b66fc9f9229750b7a04c0e5c07c072d77eb0800ed604da819fb28b6c4a75a636,data/raw/pdfs/67_สุราษฎร์ธานี.pdf,6,15,25.84252,225.54255999999995,1088.8346404878048,238.84256
pdf_76:p1:r21,rec_5c5983076113b5403f75149028654a1a5dfe10f07563a82267f676f9fef5c9eb,1953,pdf_76,474bb90a38c020bbc86d90180af2b062867ed6a1db6999d709acff810fd5d84d,data/raw/pdfs/76_นราธิวาส.pdf,1,21,25.84252,341.84649,1088.8346429729727,355.14649
pdf_70:p1:r22,rec_aaa6e05ff74ed1d5e974d8e6ae8413c7002b74f4f2fa96cf4eedf1c8d0e04e4a,1954,pdf_70,dd0c8cec48b7f0994639864765a097630785c0e22135d674cb3057f22c0f80ab,data/raw/pdfs/70_สงขลา.pdf,1,22,25.84252,355.14649,1088.8346429729727,368.44649
pdf_11:p3:r1,rec_d116a72339e8a51b8f14800f285112308b1cb2d2bc55fd61a1bb6aec09e3a2b8,1955,pdf_11,3638acfefe295becff8609b6ee16edeea0914e518d215754813661f1c0a3f79b,data/raw/pdfs/11_ชลบุรี.pdf,3,1,25.842519999999997,39.34259999999995,1088.8346175,52.642600000000016
pdf_09:p1:r12,rec_168da7b50c866ca006d70a1f4244eb231d5c0d85f0a3fb303861228522f2c002,1956,pdf_09,1912b318a38a3716d462ae8461062b50db721b56bb5dcac725c184bafd97be54,data/raw/pdfs/09_ชัยนาท.pdf,1,12,25.84252,222.1465,1088.8346395999997,235.44650000000001
pdf_16:p2:r18,rec_fca76cf62af72fc6064e8e9ea417f6bb2f1be1694a3bc7253c66cfb73be50911,1957,pdf_16,7b893a3f02630b40240d0242410f662e3fe91d8d5ea2449991bba89e89a89ea4,data/raw/pdfs/16_ปราจีนบุรี.pdf,2,18,25.84252,265.44259999999997,1088.8346365517239,278.7426
pdf_16:p2:r2,rec_e6d75e64f37412fc954bd1858713e5364ce849d2cdf5d32f441883058f0212bc,1958,pdf_16,7b893a3f02630b40240d0242410f662e3fe91d8d5ea2449991bba89e89a89ea4,data/raw/pdfs/16_ปราจีนบุรี.pdf,2,2,25.84252,52.642600000000016,1088.8346365517239,65.94259999999997
pdf_58:p3:r9,rec_f010b67486252268dfcf66dc2236ce49d03ecd6823005fa7f709c25d3f76fae5,1959,pdf_58,8ff0dc3c9fe92f1cc2721c37fe35cfcc653ad17ca531672dc94686e7776d35a5,data/raw/pdfs/58_นครปฐม.pdf,3,9,25.84252,145.74259999999998,1088.8346304999998,159.0426
pdf_27:p1:r30,rec_405e544426880322e08f4043b87a1a4f89e42c4146f788b2ac100308986fd99d,1960,pdf_27,bf545cbe9d19aa5a22880cf18f4484776d7d3e1348605d1451dfe7147ed85334,data/raw/pdfs/27_หนองบัวลำภู.pdf,1,30,25.84252,461.54649,1088.8346429729727,474.84649
pdf_67:p6:r8,rec_008b25560540d31eb3be6a6d74e6b3ab1251fc70be0ab73e962993617644fc92,1961,pdf_67,b66fc9f9229750b7a04c0e5c07c072d77eb0800ed604da819fb28b6c4a75a636,data/raw/pdfs/67_สุราษฎร์ธานี.pdf,6,8,25.84252,132.44255999999996,1088.8346404878048,145.74255999999997
pdf_36:p1:r35,rec_2e5728bf6e709ae3897e002e7c4c6a12c8a06c3bb7f7ab6c90cc720782c5f246,1962,pdf_36,e5624d419ac85611ac4b3fe0a27d6bfa73a7b474d5b0ee2a6b1a7b64f4783d70,data/raw/pdfs/36_นครพนม.pdf,1,35,25.84252,528.04649,1088.8346429729727,541.3464899999999
pdf_04:p5:r11,rec_d83551f8571cf6b8472218e0e29984a5fb0ff87bb7ab37f174e74cbcab1a5c1c,1963,pdf_04,83861a2a02db33dda27703227bb90cd50ba1b9144123e42912f926c1d1043c39,data/raw/pdfs/04_ปทุมธานี.pdf,5,11,25.84252,172.34259999999998,1088.8346388571426,185.64259999999996
pdf_07:p1:r16,rec_ea87d92aee4d882ab0e7dbe5ab29946ed21e0ece4eb9d54cdad933f8d9482869,1964,pdf_07,f00681093e03a60a87dbc3834edae199fd055d6366406e456741ffd059ff3b05,data/raw/pdfs/07_ลพบุรี.pdf,1,16,25.84252,275.34649,1088.8346429729727,288.64649
pdf_75:p1:r15,rec_b3e05693a92122bf490e7e5041585cbaa9596c64bceedf4a9a83739f27b2526a,1965,pdf_75,ffef7f4f9a7953e62785b17dc6cfa1d3fa15bda9cb7369abaaa41e24f24f5ae4,data/raw/pdfs/75_ยะลา.pdf,1,15,25.84252,262.04649,1088.834642352941,275.34649
pdf_67:p2:r2,rec_1d9b360362960dfa2c046d99a0d2046ae11a92ff36a891cd8c0eb47cd1468d19,1966,pdf_67,b66fc9f9229750b7a04c0e5c07c072d77eb0800ed604da819fb28b6c4a75a636,data/raw/pdfs/67_สุราษฎร์ธานี.pdf,2,2,25.84252,52.64256,1088.8346404878048,65.94255999999996
pdf_76:p2:r1,rec_b9b65d871ae8b359f79d07ffe5775e519b2c2ddab6aca257ff68b8e9aa0c63ba,1967,pdf_76,474bb90a38c020bbc86d90180af2b062867ed6a1db6999d709acff810fd5d84d,data/raw/pdfs/76_นราธิวาส.pdf,2,1,25.84252,39.34259999999995,1088.8346369999997,52.642600000000016
pdf_30:p1:r2,rec_d6bc5fd00c76c9e0c66a712ae8094d9960b0cac7241337d6c96fb1a1742dca0d,1968,pdf_30,3dbc36c6e240d0c7cc9a595bfe9743d7b0579f6761191fb00c2a69959c985598,data/raw/pdfs/30_เลย.pdf,1,2,25.84252,89.1465,1088.8346355555555,102.44650000000001
pdf_67:p4:r36,rec_353bea13e890767d8d46fc430f0c5c8b03233a9672691b9f2be7ce65c6e20925,1969,pdf_67,b66fc9f9229750b7a04c0e5c07c072d77eb0800ed604da819fb28b6c4a75a636,data/raw/pdfs/67_สุราษฎร์ธานี.pdf,4,36,25.84252,504.84255999999993,1088.8346404878048,518.14256
pdf_64:p3:r29,rec_b7d073095e1aa237b3c95cb4d8860773a6cb0a9fdcf16b2f3a9c5e7df46ce746,1970,pdf_64,a4e4abc03757d1e14ce1bfb2e426567faeea8fce3152123821e712496872240e,data/raw/pdfs/64_กระบี่.pdf,3,29,25.84252,411.74256,1088.8346404878048,425.04256
pdf_76:p2:r2,rec_b2d8bda2603cd92e67c5989aef1623606f5b2962ea4b3d66fb4cee75fe4df178,1971,pdf_76,474bb90a38c020bbc86d90180af2b062867ed6a1db6999d709acff810fd5d84d,data/raw/pdfs/76_นราธิวาส.pdf,2,2,25.84252,52.642600000000016,1088.8346369999997,65.94259999999997
pdf_24:p1:r5,rec_37a0eb247769960ca0927d36e6586701d16b28273ae040711aaf81eff8d065e5,1972,pdf_24,11414a0eb9f2dd0d2b908d5f1a25e50bf241a96ac3fdabf71ba570e190f65dc5,data/raw/pdfs/24_ยโสธร.pdf,1,5,25.842519999999997,129.04649999999998,1088.834628333333,142.3465
pdf_09:p1:r18,rec_173c05f64179b56dbe3a3943f60917d100271f40e388c098221bad54b1ae1771,1973,pdf_09,1912b318a38a3716d462ae8461062b50db721b56bb5dcac725c184bafd97be54,data/raw/pdfs/09_ชัยนาท.pdf,1,18,25.84252,301.9465,1088.8346395999997,315.24649999999997
pdf_54:p1:r34,rec_3e2eff62386edad8a05e379986e3f25b963f14cb8aa4ec36ed4df26bf628676d,1974,pdf_54,884b1d2d94fff12fa64928c8a22df877265f50fbc00dfcb61f5a4636dd1c14c8,data/raw/pdfs/54_เพชรบูรณ์.pdf,1,34,25.84252,523.24649,1088.8346429729727,536.54649
pdf_54:p2:r36,rec_7eb9adacf81f535f3286465920392ab28d45749567d61b3979dda5db01bdc9ca,1975,pdf_54,884b1d2d94fff12fa64928c8a22df877265f50fbc00dfcb61f5a4636dd1c14c8,data/raw/pdfs/54_เพชรบูรณ์.pdf,2,36,25.84252,504.84255999999993,1088.8346404878048,518.14256
pdf_54:p2:r33,rec_cfc9e11c5ea42763dd6cbd330eea429f8a2e7d5590393c2a34cc6f739527db31,1976,pdf_54,884b1d2d94fff12fa64928c8a22df877265f50fbc00dfcb61f5a4636dd1c14c8,data/raw/pdfs/54_เพชรบูรณ์.pdf,2,33,25.84252,464.94255999999996,1088.8346404878048,478.24256
pdf_69:p2:r3,rec_b52397923d832c463620f8ba1c48c943ba93060794900d03b5f192b2599bbfd1,1977,pdf_69,769b283c00d83344280df884874571c2a99d89f78de64644b43bf9c6a108efa4,data/raw/pdfs/69_ชุมพร.pdf,2,3,25.84252,65.94255999999996,1088.8346404878048,79.24255999999997
pdf_04:p1:r13,rec_76dac871330f67b1c2fbd455986790162fedd25bb1939a0aa64290f50b21a785,1978,pdf_04,83861a2a02db33dda27703227bb90cd50ba1b9144123e42912f926c1d1043c39,data/raw/pdfs/04_ปทุมธานี.pdf,1,13,25.84252,235.44649000000004,1088.8346429729727,248.74649
pdf_02:p3:r8,rec_16f4cc00b1636194bd4a2348a1dfcacfd86e03142afeb0c68c26feb6d81b6009,1979,pdf_02,368a15805d33fb210ed50297795f7f50bf822054e05b59bf71bfa25bee0f3a3c,data/raw/pdfs/02_สมุทรปราการ.pdf,3,8,25.84252,132.44259999999997,1088.8346343999997,145.74260000000004
pdf_09:p1:r4,rec_86c2517561b8c31d97f88c4fbf6a188aa69420450505572119515e61ca3a0efd,1980,pdf_09,1912b318a38a3716d462ae8461062b50db721b56bb5dcac725c184bafd97be54,data/raw/pdfs/09_ชัยนาท.pdf,1,4,25.84252,115.74649999999997,1088.8346395999997,129.04650000000004
pdf_04:p4:r23,rec_4321eb184c04ab2450f4f2f2927bfdcfaa6c37627d86dbcef798a17e5023edc7,1981,pdf_04,83861a2a02db33dda27703227bb90cd50ba1b9144123e42912f926c1d1043c39,data/raw/pdfs/04_ปทุมธานี.pdf,4,23,25.84252,331.94255999999996,1088.8346404878048,345.24256
pdf_60:p1:r14,rec_20c193a306372a814d15a9feeefbe1fe1c3bb9d4a5cd9ca555fb10da52708000,1982,pdf_60,83005eabe1d9070b5592477278ea610755bdcb54fea6e719fee81b3b098eaa28,data/raw/pdfs/60_สมุทรสงคราม.pdf,1,14,25.842520000000004,248.74649999999997,1088.8346403703702,262.04650000000004
pdf_06:p1:r6,rec_ced58e23d1966ee47800d83236640d3de3d1401099affdc7923814676af31614,1983,pdf_06,03acf167c8c7dcc3b7e6ccbd9afcaa05e3b5157df416e00c1b7e146d91880d3c,data/raw/pdfs/06_อ่างทอง.pdf,1,6,25.84252,142.34649000000002,1088.8346429729727,155.64648999999997
pdf_57:p2:r26,rec_ea80d9458b3e2c4598123c8dc71e850daa2ad73e64c70922c1da3df7c3ba811c,1984,pdf_57,9b6f57faac860a1339f68519b1b756d3ef34cc2ccd4962f5e15b78600e7c9112,data/raw/pdfs/57_สุพรรณบุรี.pdf,2,26,25.84252,371.84256,1088.8346404878048,385.14256
pdf_05:p1:r8,rec_f3f9c822032d85ec222f49be64a1d57525397efdc2cb541a2b7e35db1cec38ad,1985,pdf_05,ae1ba5ac5ef768c29045f4282a9047c71474a8d654003bfa51574874b3f415fc,data/raw/pdfs/05_พระนครศรีอยุธยา.pdf,1,8,25.84252,168.94649000000004,1088.8346429729727,182.24649
pdf_73:p3:r9,rec_9797cb6df270fc3149d26a2154f5f83bb8a47e4e99b57298dacfa0db97043639,1986,pdf_73,8a9a8b1fb9d81eb7f2d76afa1f886621ea38587fc4c60902bc317398649ff90e,data/raw/pdfs/73_พัทลุง.pdf,3,9,25.842519999999997,145.74259999999998,1088.8346314285711,159.0426
pdf_19:p1:r28,rec_bc53576e5706d31167cadf05f6e5b55bdd09582a961cb298b1370fe869bbb011,1987,pdf_19,2fbc685c790d957bd597a9ae4cbc69a07dacbb20cab611015cf1ce2eecd5982c,data/raw/pdfs/19_นครราชสีมา.pdf,1,28,25.84252,443.44649,1088.8346429729727,456.74649
pdf_09:p1:r21,rec_54ac0b8152bf39c7d1b6cbec1d550f8398790be1c1b31880352e656733f55ecc,1988,pdf_09,1912b318a38a3716d462ae8461062b50db721b56bb5dcac725c184bafd97be54,data/raw/pdfs/09_ชัยนาท.pdf,1,21,25.84252,341.8465,1088.8346395999997,355.1465
pdf_69:p1:r28,rec_a299224294065fac6a597f2aeff034c1df635a30a8999bf0803350ac2891b6bd,1989,pdf_69,769b283c00d83344280df884874571c2a99d89f78de64644b43bf9c6a108efa4,data/raw/pdfs/69_ชุมพร.pdf,1,28,25.84252,434.94649,1088.8346429729727,448.24649
pdf_59:p2:r15,rec_b277ecad88973bded3e4918f671b9ff032e4c63cca1927935e5f6484c9a4110f,1990,pdf_59,0c5827ab1fffa2ec0689a95405ee8640473ea428f18b199f44d2f71d4f366ad8,data/raw/pdfs/59_สมุทรสาคร.pdf,2,15,25.84252,225.54255999999995,1088.8346404878048,238.84256
pdf_53:p1:r18,rec_2816c4e02058252322f9c07b2c62c7908a26991aaedb99a6c174ff55ce72b4f1,1991,pdf_53,41aaaf3a91961ab9b2dee694f50d9a086d1ad80beffe1b54e81370016a11cb14,data/raw/pdfs/53_พิจิตร.pdf,1,18,25.84252,310.44649,1088.8346429729727,323.74649
pdf_66:p2:r15,rec_e6cd4467267e205f14ea388e8e61d6a8fb361546447346abed0f72321189489c,1992,pdf_66,012255400d37e8c732ded7ebc3c018108c8f4aa391112b3f6d6515d21e797ab6,data/raw/pdfs/66_ภูเก็ต.pdf,2,15,25.84252,225.54255999999995,1088.8346404878048,238.84256
pdf_10:p3:r4,rec_bcb87de637763b40d2f9e6763e28bc97592bc45f8ad569ef71392623139192c9,1993,pdf_10,5e0a433bc2cc307479a32d344bf5b0b4f006af0a3d0ccc1493fb587c885896c1,data/raw/pdfs/10_สระบุรี.pdf,3,4,25.842519999999997,79.24259999999998,1088.8346314285711,92.5426
pdf_52:p1:r11,rec_b9b0583ca21e7a2b82735854205adc59fc37fe440ae6a1a3723b19c052b63d97,1994,pdf_52,9cb0d6cf6dff8fc890e8435c67310ba7051a6c49c0a0cbb9b817f49c8ece0551,data/raw/pdfs/52_พิษณุโลก.pdf,1,11,25.84252,208.84649,1088.8346429729727,222.14649
pdf_73:p3:r14,rec_a608757edb46f8b5c898fcdef9e8ba5c5092ac87cf207531cc5dca944edb00f5,1995,pdf_73,8a9a8b1fb9d81eb7f2d76afa1f886621ea38587fc4c60902bc317398649ff90e,data/raw/pdfs/73_พัทลุง.pdf,3,14,25.842519999999997,212.24259999999998,1088.8346314285711,225.5426
pdf_29:p1:r18,rec_2223c124f43520a3fa08ec30e35dc4e2e57ddc4ab1113da6a8b6aa4cdbfcc3cf,1996,pdf_29,a1a30635ac132e2e87cc5b8c3c2c6e737453ecabe176861ce1a21609a26f3a1a,data/raw/pdfs/29_อุดรธานี.pdf,1,18,25.84252,301.94649,1088.8346429729727,315.24649
pdf_18:p1:r19,rec_f133bed54fc8ed7ccb35d28f5fd980264706512edfaa7e16dddadd8e2bbf8ca9,1997,pdf_18,be2f47080dc7e95c466a639def50661998348f89a3d3495b6324e03e6ac06a59,data/raw/pdfs/18_สระแก้ว.pdf,1,19,25.84252,315.24649,1088.834642121212,328.54649
pdf_07:p2:r21,rec_0aa63185ba058f1ca023480c08c85ca938c4189da2fd6cc8605d0f4c07830e04,1998,pdf_07,f00681093e03a60a87dbc3834edae199fd055d6366406e456741ffd059ff3b05,data/raw/pdfs/07_ลพบุรี.pdf,2,21,25.84252,305.34256,1088.8346404878048,318.64256
pdf_19:p2:r12,rec_12b6cd89570945ec37879cdfd0c5646e66a748f3f3c4fb50788353d63d661e1b,1999,pdf_19,2fbc685c790d957bd597a9ae4cbc69a07dacbb20cab611015cf1ce2eecd5982c,data/raw/pdfs/19_นครราชสีมา.pdf,2,12,25.84252,185.64255999999995,1088.8346404878048,198.94255999999996
pdf_14:p1:r3,rec_a19063d14cc48d63620a723a43cf9b29f31c7c34b0d9dc8f4b0c778abaf09efc,2000,pdf_14,393e31a1b8153f8cc465f3ec91d9f8ca361728a4cd33c0dfaa79d4d01d13c1e9,data/raw/pdfs/14_ตราด.pdf,1,3,25.84252,102.44650000000001,1088.8346174999997,115.74650000000001
pdf_58:p2:r17,rec_38c1c5f8a798f96e54f05eac342e5266c88c457a2d9e8d5b5525e587059f481f,2001,pdf_58,8ff0dc3c9fe92f1cc2721c37fe35cfcc653ad17ca531672dc94686e7776d35a5,data/raw/pdfs/58_นครปฐม.pdf,2,17,25.84252,252.14255999999995,1088.8346404878048,265.44255999999996
pdf_16:p1:r9,rec_e20f1947772a55dee6b2e321e7dfa97f1075b4bd148bdcc479ccd4bf0deae7ed,2002,pdf_16,7b893a3f02630b40240d0242410f662e3fe91d8d5ea2449991bba89e89a89ea4,data/raw/pdfs/16_ปราจีนบุรี.pdf,1,9,25.84252,182.24649,1088.8346429729727,195.54648999999995
pdf_58:p2:r4,rec_cba1df2844c4b276c93aef15826eccff34b074b79ad209b52a0be5b3db4b7632,2003,pdf_58,8ff0dc3c9fe92f1cc2721c37fe35cfcc653ad17ca531672dc94686e7776d35a5,data/raw/pdfs/58_นครปฐม.pdf,2,4,25.84252,79.24255999999997,1088.8346404878048,92.54255999999998
pdf_07:p1:r21,rec_fa49257a96f9b574e48eb54f48a940922ef2eb12fa0e8e1678822216aff4871f,2004,pdf_07,f00681093e03a60a87dbc3834edae199fd055d6366406e456741ffd059ff3b05,data/raw/pdfs/07_ลพบุรี.pdf,1,21,25.84252,341.84649,1088.8346429729727,355.14649
pdf_12:p1:r21,rec_48c916061368961b2c7b229e6f8886cee5f7bf580ac7787eb7a577443c068deb,2005,pdf_12,a807bf56c3fc6df739b3c4e072038fd3824bd793ca3bbc711cf4169e5e81ff9c,data/raw/pdfs/12_ระยอง.pdf,1,21,25.84252,341.84649,1088.8346429729727,355.14649
pdf_67:p6:r16,rec_ccdd3d8ad94c30ac790f6cd38126e31b46cf18756e1ab86e355545664bcbb0d6,2006,pdf_67,b66fc9f9229750b7a04c0e5c07c072d77eb0800ed604da819fb28b6c4a75a636,data/raw/pdfs/67_สุราษฎร์ธานี.pdf,6,16,25.84252,238.84256,1088.8346404878048,252.14255999999995
pdf_58:p3:r2,rec_245bd6e9ae5ee10b114cf0cfd0b8b2523ba41a7df67b0878af689192df1899f8,2007,pdf_58,8ff0dc3c9fe92f1cc2721c37fe35cfcc653ad17ca531672dc94686e7776d35a5,data/raw/pdfs/58_นครปฐม.pdf,3,2,25.84252,52.642599999999945,1088.8346304999998,65.94259999999997
pdf_33:p1:r11,rec_ad667bc4f21923ccb4cb317a433d32d35596ebe4f71b8db3a021f0130fc78cea,2008,pdf_33,803bc44f1213b58c511b011e1bd47fdf863f6e6f583f7263065cda30ef3d413a,data/raw/pdfs/33_ร้อยเอ็ด.pdf,1,11,25.84252,208.84650000000002,1088.8346314285714,222.1465
pdf_54:p2:r28,rec_178480242c77de357fdc432954ef11cb9c3c1f194acec50845e62af994445fdb,2009,pdf_54,884b1d2d94fff12fa64928c8a22df877265f50fbc00dfcb61f5a4636dd1c14c8,data/raw/pdfs/54_เพชรบูรณ์.pdf,2,28,25.84252,398.44255999999996,1088.8346404878048,411.74256
pdf_45:p1:r10,rec_0e91bb5f7fe02044154852e8729f0e4e0082d2c656463f8541c99a67dd2bf0ff,2010,pdf_45,29b1222a0b0979d29984a9dd61c0130edaa8b2dbaf6e6c7cd7a1c4c198e06186,data/raw/pdfs/45_เชียงราย.pdf,1,10,25.84252,195.54650000000004,1088.8346314285714,208.84650000000002
pdf_64:p3:r17,rec_db09d7eb47397abdda523c1fee0dc73314fbd0266aab88f6d2c475b5eef128ec,2011,pdf_64,a4e4abc03757d1e14ce1bfb2e426567faeea8fce3152123821e712496872240e,data/raw/pdfs/64_กระบี่.pdf,3,17,25.84252,252.14255999999995,1088.8346404878048,265.44255999999996
pdf_18:p1:r7,rec_431cf5ffcdd9885805f72eeaa9567c40a5f29649ebaec2550a8af8e878010861,2012,pdf_18,be2f47080dc7e95c466a639def50661998348f89a3d3495b6324e03e6ac06a59,data/raw/pdfs/18_สระแก้ว.pdf,1,7,25.84252,155.64648999999997,1088.834642121212,168.94648999999998
pdf_56:p1:r4,rec_57f9103d84f4760d47d34cab04fa259843a561f72895eac41369baf5ecb717c8,2013,pdf_56,f0ce416ab9d3f527c2052960422068d0564c2b8833f2a75d05cab7aa8280b0d5,data/raw/pdfs/56_กาญจนบุรี.pdf,1,4,25.84252,115.74649,1088.8346429729727,129.04648999999995
pdf_38:p1:r15,rec_3a0b0a01dac45e839259e5a26bad4252d694eab0a90fb3460ce28f869e8eee52,2014,pdf_38,462a1c486a501887e4446ef7e812041c7d158ab4442235b85572d4a89fd7f492,data/raw/pdfs/38_เชียงใหม่.pdf,1,15,25.84252,262.04648999999995,1088.8346429729727,275.34649
pdf_10:p2:r26,rec_13c648da2270f32180c08a84f663235af2936d5fddcb5172a8f2e6d9161f4983,2015,pdf_10,5e0a433bc2cc307479a32d344bf5b0b4f006af0a3d0ccc1493fb587c885896c1,data/raw/pdfs/10_สระบุรี.pdf,2,26,25.84252,371.84256,1088.8346404878048,385.14256
pdf_67:p5:r34,rec_1ea108da3530c320658f6c005597a389ef72c2ef69afa0081f53de162c9111bc,2016,pdf_67,b66fc9f9229750b7a04c0e5c07c072d77eb0800ed604da819fb28b6c4a75a636,data/raw/pdfs/67_สุราษฎร์ธานี.pdf,5,34,25.84252,478.24256,1088.8346404878048,491.54256
pdf_05:p1:r11,rec_12aa397c6483a80509b1263d4e38e3957417c4773d511e62874e83f14487f329,2017,pdf_05,ae1ba5ac5ef768c29045f4282a9047c71474a8d654003bfa51574874b3f415fc,data/raw/pdfs/05_พระนครศรีอยุธยา.pdf,1,11,25.84252,208.84649,1088.8346429729727,222.14649
pdf_62:p1:r8,rec_b47956c7b7ed70712d140594d700396387032c34ee0b31adb0694ce627c10515,2018,pdf_62,16170e28f4926ce3d0cb9566cb26ec752a3cb84a42d0ceb55d00107b3d3f1443,data/raw/pdfs/62_ประจวบคีรีขันธ์.pdf,1,8,25.84252,168.94650000000001,1088.834638181818,182.24649999999997
pdf_58:p1:r13,rec_7232720b1264a2a1ad0e129f016a5a9444d054b5e53a8ea6221b8b7ba6e5b0cb,2019,pdf_58,8ff0dc3c9fe92f1cc2721c37fe35cfcc653ad17ca531672dc94686e7776d35a5,data/raw/pdfs/58_นครปฐม.pdf,1,13,25.84252,235.44649000000004,1088.8346429729727,248.74649
pdf_50:p1:r6,rec_b29046ddbd1bff4298725859992b622814b3227aa87457c004543c27ac00e0f5,2020,pdf_50,8b7fe8a59c2c1fa488d7462868687d8f934217d7df929384117ef1e19dae37ab,data/raw/pdfs/50_ตาก.pdf,1,6,25.84252,142.34649000000002,1088.8346429729727,155.64648999999997
pdf_23:p1:r13,rec_165d19184b959c5d4e71dee2faa3b29cd7215cc4eaa5ac1528d7a447e02047ca,2021,pdf_23,771338278a591f8b5dfd252a64922234ef0d7071b6e6cd32beb2341668023e47,data/raw/pdfs/23_อุบลราชธานี.pdf,1,13,25.84252,243.94649000000004,1088.8346429729727,257.24649
pdf_11:p1:r27,rec_3c708875981c354a92cb82ad1336309f23c08a24e168843e51a179b2d27c9fbe,2022,pdf_11,3638acfefe295becff8609b6ee16edeea0914e518d215754813661f1c0a3f79b,data/raw/pdfs/11_ชลบุรี.pdf,1,27,25.84252,421.64649,1088.8346429729727,434.94649
pdf_11:p2:r34,rec_31d5e0b5125893c434017d05c3018bc7fd210e1309e609061826ddd977cb97ee,2023,pdf_11,3638acfefe295becff8609b6ee16edeea0914e518d215754813661f1c0a3f79b,data/raw/pdfs/11_ชลบุรี.pdf,2,34,25.84252,478.24256,1088.8346404878048,491.54256
pdf_26:p1:r2,rec_cbbaf9060880b80f9518af0e9b40d46b912d4fc2ca399e59a15baf331c80156f,2024,pdf_26,608054fcb545877f0b72292a81f585036ae60a0a5c03c450d70bb8db53ec4788,data/raw/pdfs/26_อำนาจเจริญ.pdf,1,2,25.84252,89.14649999999995,1088.834598,102.44649999999997
pdf_57:p1:r30,rec_01da2dd50cb7d64af478b0ef91fbbf33f4de00028d8484dcd0512d4fc4631e92,2025,pdf_57,9b6f57faac860a1339f68519b1b756d3ef34cc2ccd4962f5e15b78600e7c9112,data/raw/pdfs/57_สุพรรณบุรี.pdf,1,30,25.84252,461.54649,1088.8346429729727,474.84649
pdf_11:p1:r7,rec_0ee728fe96815f78a79ff45db786c644ba82f55cadccbbe6d2ddb66edc078a8c,2026,pdf_11,3638acfefe295becff8609b6ee16edeea0914e518d215754813661f1c0a3f79b,data/raw/pdfs/11_ชลบุรี.pdf,1,7,25.84252,155.64648999999997,1088.8346429729727,168.94649000000004
pdf_69:p2:r7,rec_9ab597c439c655c39ff6f25cbaaac5f0aee9133dba410736af0039d9cc8500bf,2027,pdf_69,769b283c00d83344280df884874571c2a99d89f78de64644b43bf9c6a108efa4,data/raw/pdfs/69_ชุมพร.pdf,2,7,25.84252,119.14255999999996,1088.8346404878048,132.44255999999996
pdf_04:p5:r12,rec_f38d44cb29b8df3f4374621d1ba34ed43693407995eda20fdfd1d3a9d2bf0af2,2028,pdf_04,83861a2a02db33dda27703227bb90cd50ba1b9144123e42912f926c1d1043c39,data/raw/pdfs/04_ปทุมธานี.pdf,5,12,25.84252,185.64259999999996,1088.8346388571426,198.94259999999997
pdf_53:p2:r13,rec_5ecd9120c7d234f526507afeec5eab9696daac2cb1084111937050a675fa1032,2029,pdf_53,41aaaf3a91961ab9b2dee694f50d9a086d1ad80beffe1b54e81370016a11cb14,data/raw/pdfs/53_พิจิตร.pdf,2,13,25.84252,198.94259999999997,1088.834638181818,212.24259999999998
pdf_67:p4:r1,rec_f9b3b90f5e56680d2cc22ff85579963821d097dba752fb62a4b16a69c9683fbc,2030,pdf_67,b66fc9f9229750b7a04c0e5c07c072d77eb0800ed604da819fb28b6c4a75a636,data/raw/pdfs/67_สุราษฎร์ธานี.pdf,4,1,25.84252,39.34256000000005,1088.8346404878048,52.64256
pdf_19:p3:r17,rec_ffbd0c18d75c029db7c404b2f9c77e060734a1a3d8d00db6e3b1ed2ebb8a21ab,2031,pdf_19,2fbc685c790d957bd597a9ae4cbc69a07dacbb20cab611015cf1ce2eecd5982c,data/raw/pdfs/19_นครราชสีมา.pdf,3,17,25.84252,252.14255999999995,1088.8346404878048,265.44255999999996
pdf_47:p1:r7,rec_8ba216534d205546507ab20a21099204dabe32f7994aba63347db143acf8cfd3,2032,pdf_47,365b7fdb0bc54f527416d61502059d02cd2aaa1ed2d3600907d80b79987b64c8,data/raw/pdfs/47_นครสวรรค์.pdf,1,7,25.84252,155.64649999999995,1088.8346326666665,168.94649999999996
pdf_19:p3:r4,rec_89db4f5a6bffc5ac842c84f71fb03756319b499257eb236f92e6a8ae18ae638e,2033,pdf_19,2fbc685c790d957bd597a9ae4cbc69a07dacbb20cab611015cf1ce2eecd5982c,data/raw/pdfs/19_นครราชสีมา.pdf,3,4,25.84252,79.24255999999997,1088.8346404878048,92.54255999999998
pdf_66:p1:r15,rec_779848f876664bdd5e9c2e5d6c4ef588ccf76d5d298dfc25ebca74ae705b156d,2034,pdf_66,012255400d37e8c732ded7ebc3c018108c8f4aa391112b3f6d6515d21e797ab6,data/raw/pdfs/66_ภูเก็ต.pdf,1,15,25.84252,262.04648999999995,1088.8346429729727,275.34649
pdf_15:p2:r32,rec_593b77abe1945acba3fbea2f4c612cdc53af73df2c3300cab8066a5e799a82b9,2035,pdf_15,bf99cdf12418fcdc90b3c1c739fd4e7e09ca40818852ca43bcd1c3284b3cf084,data/raw/pdfs/15_ฉะเชิงเทรา.pdf,2,32,25.84252,451.64256000000006,1088.8346404878048,464.94255999999996
pdf_67:p6:r1,rec_77a953cbff87cb35880295a9bd754ab648af2af8bea72a7591b139dd43f0d243,2036,pdf_67,b66fc9f9229750b7a04c0e5c07c072d77eb0800ed604da819fb28b6c4a75a636,data/raw/pdfs/67_สุราษฎร์ธานี.pdf,6,1,25.84252,39.34256000000005,1088.8346404878048,52.64256
pdf_19:p3:r3,rec_78e7ae3c7526fb1dbb5fbc8ede7bed50b53a65ae578c645ff0880ed108d8a3f1,2037,pdf_19,2fbc685c790d957bd597a9ae4cbc69a07dacbb20cab611015cf1ce2eecd5982c,data/raw/pdfs/19_นครราชสีมา.pdf,3,3,25.84252,65.94255999999996,1088.8346404878048,79.24255999999997
pdf_04:p5:r29,rec_5b5b8c8f006a1b591fd6477244bef573abc3d70f70a54d92109c101f478cf331,2038,pdf_04,83861a2a02db33dda27703227bb90cd50ba1b9144123e42912f926c1d1043c39,data/raw/pdfs/04_ปทุมธานี.pdf,5,29,25.84252,411.7425999999999,1088.8346388571426,425.04259999999994
pdf_73:p2:r25,rec_f83fc990b95f9dc0ad35d25fb192afa1afd4ea6feeffb1508fe87395ce03c603,2039,pdf_73,8a9a8b1fb9d81eb7f2d76afa1f886621ea38587fc4c60902bc317398649ff90e,data/raw/pdfs/73_พัทลุง.pdf,2,25,25.84252,358.54256,1088.8346404878048,371.84256
pdf_75:p1:r3,rec_c503902a1f0cb203d852a76ecdeef3be65948df51189c81c335d90bc21fc4326,2040,pdf_75,ffef7f4f9a7953e62785b17dc6cfa1d3fa15bda9cb7369abaaa41e24f24f5ae4,data/raw/pdfs/75_ยะลา.pdf,1,3,25.84252,102.44649,1088.834642352941,115.74649
pdf_63:p1:r33,rec_86ed8725faaeaa2600f395f3055c2861f8d65aece291306dffe593be4ebb10a9,2041,pdf_63,b04433cfbe561d1199180db3f5210359427f668e1f7b072f31972e2749ce63ae,data/raw/pdfs/63_นครศรีธรรมราช.pdf,1,33,25.84252,501.44649,1088.8346429729727,514.74649
pdf_02:p1:r4,rec_528e68d9b0256b8e62e7a637f551aede29b1f40a153480a69491d71aaffcc8fb,2042,pdf_02,368a15805d33fb210ed50297795f7f50bf822054e05b59bf71bfa25bee0f3a3c,data/raw/pdfs/02_สมุทรปราการ.pdf,1,4,25.84252,115.74649,1088.8346429729727,129.04648999999995
pdf_03:p4:r1,rec_ca24ab7664df5bad36d58a6f73388a2595c75d12b87f5c2880ecedd57264fa58,2043,pdf_03,7dd9e7f51732791c63183067d85d18d20f856edf0c2dff89dbda84d866df2d62,data/raw/pdfs/03_นนทบุรี.pdf,4,1,25.84252,39.34256000000005,1088.8346404878048,52.64256
pdf_04:p3:r9,rec_727fc293f15634269d1edf9160ecec5fe3d6d8fa41e572bed3b413526c2907ed,2044,pdf_04,83861a2a02db33dda27703227bb90cd50ba1b9144123e42912f926c1d1043c39,data/raw/pdfs/04_ปทุมธานี.pdf,3,9,25.84252,145.74255999999997,1088.8346404878048,159.04255999999998
pdf_06:p2:r2,rec_d466c0f8ccc1bba359a14e7dd93e7ad2e5f6743507dee064c50abcf25faa3bb6,2045,pdf_06,03acf167c8c7dcc3b7e6ccbd9afcaa05e3b5157df416e00c1b7e146d91880d3c,data/raw/pdfs/06_อ่างทอง.pdf,2,2,25.84252,52.642600000000016,1088.8346109999998,65.94259999999997
pdf_59:p2:r16,rec_12ec1f0c6da3462e8d60d99cea78f271ab0f12116fa0545b019b08d7a8e0b731,2046,pdf_59,0c5827ab1fffa2ec0689a95405ee8640473ea428f18b199f44d2f71d4f366ad8,data/raw/pdfs/59_สมุทรสาคร.pdf,2,16,25.84252,238.84256,1088.8346404878048,252.14255999999995
pdf_59:p2:r30,rec_8433f8b37fc9c886b03fc8882425b293e8c3abd2be0346dec879c108b64f429c,2047,pdf_59,0c5827ab1fffa2ec0689a95405ee8640473ea428f18b199f44d2f71d4f366ad8,data/raw/pdfs/59_สมุทรสาคร.pdf,2,30,25.84252,425.04256,1088.8346404878048,438.34255999999993
pdf_36:p1:r2,rec_a134c274275a6de6ca278c86ea5ead16062bc0ecddbd2b2a478ee5d290f9dc34,2048,pdf_36,e5624d419ac85611ac4b3fe0a27d6bfa73a7b474d5b0ee2a6b1a7b64f4783d70,data/raw/pdfs/36_นครพนม.pdf,1,2,25.84252,89.14648999999997,1088.8346429729727,102.44649000000004
pdf_72:p2:r35,rec_f669cb6134c7d3b03bf4a124348892aa82618f0c86b22ecea6ca974eb3a6c8ca,2049,pdf_72,04f947c56ddf01a73b376cdbb3099e393f9141fff3fec2504b9e031114606073,data/raw/pdfs/72_ตรัง.pdf,2,35,25.84252,491.54256,1088.8346402499997,504.84255999999993
pdf_15:p1:r33,rec_dbba1343226331df1316f0f06dc1caba5008a1c65069676814c957eff1943762,2050,pdf_15,bf99cdf12418fcdc90b3c1c739fd4e7e09ca40818852ca43bcd1c3284b3cf084,data/raw/pdfs/15_ฉะเชิงเทรา.pdf,1,33,25.84252,501.44649,1088.8346429729727,514.74649
pdf_63:p1:r30,rec_9eeca8514c3ad2d3411cd418c407e3279c7ef6c77f289467807a274bb55a8df0,2051,pdf_63,b04433cfbe561d1199180db3f5210359427f668e1f7b072f31972e2749ce63ae,data/raw/pdfs/63_นครศรีธรรมราช.pdf,1,30,25.84252,461.54649,1088.8346429729727,474.84649
pdf_53:p1:r20,rec_5c86278a17a3de29944d554fcad321fb37b67f6f7e0dfa7f51a8890ee863f89b,2052,pdf_53,41aaaf3a91961ab9b2dee694f50d9a086d1ad80beffe1b54e81370016a11cb14,data/raw/pdfs/53_พิจิตร.pdf,1,20,25.84252,337.04649,1088.8346429729727,350.34649
pdf_22:p1:r17,rec_8f8aa86c013ff415f33ab951a0caa7d961973ca287f62838dc1e209e88623b46,2053,pdf_22,2695490faf896b9d7501aa7f09b83fc02b29dc6d768bbbf3a99d9138839b7d3e,data/raw/pdfs/22_ศรีสะเกษ.pdf,1,17,25.84252,297.1465,1088.8346395999997,310.4465
pdf_69:p1:r19,rec_ba76adc7b8fcadcc524ffb9c9fbead7e0be7fc8ef6ed663c77a5e29d87673d3f,2054,pdf_69,769b283c00d83344280df884874571c2a99d89f78de64644b43bf9c6a108efa4,data/raw/pdfs/69_ชุมพร.pdf,1,19,25.84252,315.24649,1088.8346429729727,328.54649
pdf_70:p1:r11,rec_86668ae9eba4f208a6feb1a97f59647b5128e397c12672de8b151c84140d4c39,2055,pdf_70,dd0c8cec48b7f0994639864765a097630785c0e22135d674cb3057f22c0f80ab,data/raw/pdfs/70_สงขลา.pdf,1,11,25.84252,208.84649,1088.8346429729727,222.14649
pdf_67:p3:r38,rec_a634f6f98c220678bf7fbe582da6bf7b7ba5f671bb84e8e512ef7f3b9b1b5ef0,2056,pdf_67,b66fc9f9229750b7a04c0e5c07c072d77eb0800ed604da819fb28b6c4a75a636,data/raw/pdfs/67_สุราษฎร์ธานี.pdf,3,38,25.84252,531.44256,1088.8346404878048,544.74256
pdf_56:p2:r24,rec_447f9e97f4cf636ab534b231726c5ce6a2071f1e94005b6bd8311ff9a036e0cd,2057,pdf_56,f0ce416ab9d3f527c2052960422068d0564c2b8833f2a75d05cab7aa8280b0d5,data/raw/pdfs/56_กาญจนบุรี.pdf,2,24,25.84252,345.24256,1088.8346394594591,358.54256
pdf_67:p1:r10,rec_c834289c3a5918cc3faa3c669f7950859a36bcdac9f88f4e5376b274378a645a,2058,pdf_67,b66fc9f9229750b7a04c0e5c07c072d77eb0800ed604da819fb28b6c4a75a636,data/raw/pdfs/67_สุราษฎร์ธานี.pdf,1,10,25.84252,195.54648999999995,1088.8346429729727,208.84649
pdf_11:p1:r31,rec_e027723073365160457c93b359cc9ace440cc5885339189456d2c48097bd79a1,2059,pdf_11,3638acfefe295becff8609b6ee16edeea0914e518d215754813661f1c0a3f79b,data/raw/pdfs/11_ชลบุรี.pdf,1,31,25.84252,474.84649,1088.8346429729727,488.14649
pdf_53:p1:r13,rec_c4d9a6c12e873b5cfd5e6c392489e43870018165f34589cc606e8b461d7a046d,2060,pdf_53,41aaaf3a91961ab9b2dee694f50d9a086d1ad80beffe1b54e81370016a11cb14,data/raw/pdfs/53_พิจิตร.pdf,1,13,25.84252,243.94649000000004,1088.8346429729727,257.24649
pdf_15:p1:r13,rec_8bfa3b27609f4690af503ee82e39b14727d15de8a6ff651f98139ecc563c415f,2061,pdf_15,bf99cdf12418fcdc90b3c1c739fd4e7e09ca40818852ca43bcd1c3284b3cf084,data/raw/pdfs/15_ฉะเชิงเทรา.pdf,1,13,25.84252,235.44649000000004,1088.8346429729727,248.74649
pdf_02:p1:r23,rec_58068e74d4a0602dec08371669e36ba4a0d5b008564b1a9c27341500e386910f,2062,pdf_02,368a15805d33fb210ed50297795f7f50bf822054e05b59bf71bfa25bee0f3a3c,data/raw/pdfs/02_สมุทรปราการ.pdf,1,23,25.84252,368.44649,1088.8346429729727,381.74649
pdf_18:p1:r25,rec_3a7443e0b877851daf3bcc86a21680e5f74d2dac8b88134e07b700374f114450,2063,pdf_18,be2f47080dc7e95c466a639def50661998348f89a3d3495b6324e03e6ac06a59,data/raw/pdfs/18_สระแก้ว.pdf,1,25,25.84252,395.04649,1088.834642121212,408.34649
pdf_67:p3:r33,rec_2d66ddcff3b560537a0d29e802f215c9c21ac8cab9c25532e84453998650aa46,2064,pdf_67,b66fc9f9229750b7a04c0e5c07c072d77eb0800ed604da819fb28b6c4a75a636,data/raw/pdfs/67_สุราษฎร์ธานี.pdf,3,33,25.84252,464.94255999999996,1088.8346404878048,478.24256
pdf_54:p1:r8,rec_083c5b2d52068b954b5e7054cb96c71081116c44ab594feaa166b1148ebc428d,2065,pdf_54,884b1d2d94fff12fa64928c8a22df877265f50fbc00dfcb61f5a4636dd1c14c8,data/raw/pdfs/54_เพชรบูรณ์.pdf,1,8,25.84252,177.44649000000004,1088.8346429729727,190.74649
pdf_27:p2:r14,rec_28a08ff46b936a0197ff67c7579072484b41d5c4bfdd9f6474d8e9fd4d58bf52,2066,pdf_27,bf545cbe9d19aa5a22880cf18f4484776d7d3e1348605d1451dfe7147ed85334,data/raw/pdfs/27_หนองบัวลำภู.pdf,2,14,25.84252,212.24259999999998,1088.8346304999998,225.5426
pdf_53:p2:r8,rec_7c89c37da856404782409e27b332e0b7fc640bad0aa6957c318a42af8be393ed,2067,pdf_53,41aaaf3a91961ab9b2dee694f50d9a086d1ad80beffe1b54e81370016a11cb14,data/raw/pdfs/53_พิจิตร.pdf,2,8,25.84252,132.44259999999997,1088.834638181818,145.74259999999998
pdf_38:p1:r30,rec_c0305c182a47d8e8b04c3e54dd8aed4d66c22ad366c818f9374948d5c704bab5,2068,pdf_38,462a1c486a501887e4446ef7e812041c7d158ab4442235b85572d4a89fd7f492,data/raw/pdfs/38_เชียงใหม่.pdf,1,30,25.84252,461.54649,1088.8346429729727,474.84649
pdf_67:p2:r30,rec_c574bfdd9d70bb712a98e4165c24ff671402e026806d55fa66843a0c905ff521,2069,pdf_67,b66fc9f9229750b7a04c0e5c07c072d77eb0800ed604da819fb28b6c4a75a636,data/raw/pdfs/67_สุราษฎร์ธานี.pdf,2,30,25.84252,425.04256,1088.8346404878048,438.34255999999993
pdf_05:p1:r28,rec_32c1115fb5d498c2997a23d67d5396f8ef704bb1c5fe36c087e6827b539f3a4f,2070,pdf_05,ae1ba5ac5ef768c29045f4282a9047c71474a8d654003bfa51574874b3f415fc,data/raw/pdfs/05_พระนครศรีอยุธยา.pdf,1,28,25.84252,434.94649,1088.8346429729727,448.24649
pdf_04:p3:r10,rec_449b2d56a823f15bd91f3776a757e4d5bdecffbbc0d2923a4e9d38706a96dbce,2071,pdf_04,83861a2a02db33dda27703227bb90cd50ba1b9144123e42912f926c1d1043c39,data/raw/pdfs/04_ปทุมธานี.pdf,3,10,25.84252,159.04255999999998,1088.8346404878048,172.34256
pdf_04:p1:r21,rec_482d2a85b15f6690a2e8ae8e9987db04b6c57371c3e54a69db5ad44226961992,2072,pdf_04,83861a2a02db33dda27703227bb90cd50ba1b9144123e42912f926c1d1043c39,data/raw/pdfs/04_ปทุมธานี.pdf,1,21,25.84252,341.84649,1088.8346429729727,355.14649
pdf_53:p2:r14,rec_150d2a8efc7af40ee0e58bcc207cce7fe1264bf29fd960961a511e5e85bd805a,2073,pdf_53,41aaaf3a91961ab9b2dee694f50d9a086d1ad80beffe1b54e81370016a11cb14,data/raw/pdfs/53_พิจิตร.pdf,2,14,25.84252,212.24259999999998,1088.834638181818,225.5426
pdf_36:p2:r14,rec_e2b26eeb08117b5692d385f3c0a81fd48a00551f13e219185bb401ccd9ed9047,2074,pdf_36,e5624d419ac85611ac4b3fe0a27d6bfa73a7b474d5b0ee2a6b1a7b64f4783d70,data/raw/pdfs/36_นครพนม.pdf,2,14,25.84252,212.24260000000004,1088.8346294736841,225.5426
pdf_69:p2:r19,rec_3a8bd0c7ecbf50f3340b2ea2129223fae07bc2e4a00fa920c5a9dbf2979d7952,2075,pdf_69,769b283c00d83344280df884874571c2a99d89f78de64644b43bf9c6a108efa4,data/raw/pdfs/69_ชุมพร.pdf,2,19,25.84252,278.74255999999997,1088.8346404878048,292.04256
pdf_04:p1:r2,rec_f79c48e60984a18c3a44b84b778ab7bf68fe88615510f2f5b357b3d4b8727047,2076,pdf_04,83861a2a02db33dda27703227bb90cd50ba1b9144123e42912f926c1d1043c39,data/raw/pdfs/04_ปทุมธานี.pdf,1,2,25.84252,89.14648999999997,1088.8346429729727,102.44649000000004
pdf_57:p3:r11,rec_f5455b92cc78f7c1dde7a71b6c6a288c8c65a96162bf522e0fff2abc03464ca0,2077,pdf_57,9b6f57faac860a1339f68519b1b756d3ef34cc2ccd4962f5e15b78600e7c9112,data/raw/pdfs/57_สุพรรณบุรี.pdf,3,11,25.84252,172.34256,1088.8346404878048,185.64255999999995
pdf_57:p3:r12,rec_15e2b0565674714831949b4162c9e06ecd353403158c956fba848de0d7811871,2078,pdf_57,9b6f57faac860a1339f68519b1b756d3ef34cc2ccd4962f5e15b78600e7c9112,data/raw/pdfs/57_สุพรรณบุรี.pdf,3,12,25.84252,185.64255999999995,1088.8346404878048,198.94255999999996
pdf_38:p1:r33,rec_53c156cca588c991627c903943d744c409dbca9500547d79a81dfe87141fc126,2079,pdf_38,462a1c486a501887e4446ef7e812041c7d158ab4442235b85572d4a89fd7f492,data/raw/pdfs/38_เชียงใหม่.pdf,1,33,25.84252,501.44649,1088.8346429729727,514.74649
pdf_11:p1:r30,rec_3a05e875ebbe8da976be14f298f9f5507b6ec741ffe994a82c5ea2794fa53a35,2080,pdf_11,3638acfefe295becff8609b6ee16edeea0914e518d215754813661f1c0a3f79b,data/raw/pdfs/11_ชลบุรี.pdf,1,30,25.84252,461.54649,1088.8346429729727,474.84649
pdf_68:p2:r3,rec_252494055e94a54681f0399fa31fd8b09d6534a1659bd92bbf83a7b5f9830668,2081,pdf_68,3a242476c7c0c82cd6f78455b9ca30a8d8e875f3ae38090ae0fd5fb12805c593,data/raw/pdfs/68_ระนอง.pdf,2,3,25.84252,65.94255999999996,1088.8346404878048,79.24255999999997
pdf_19:p1:r14,rec_2295ceb9315f1d6adf16951cbd82759354e96ad6fda87ceff7ac8fb2958aa47e,2082,pdf_19,2fbc685c790d957bd597a9ae4cbc69a07dacbb20cab611015cf1ce2eecd5982c,data/raw/pdfs/19_นครราชสีมา.pdf,1,14,25.84252,257.24649,1088.8346429729727,270.54648999999995
pdf_64:p1:r9,rec_185c1fcfa1da4a2e8854e06f81208ba60cc2002aebd71162b6870a70bf96d939,2083,pdf_64,a4e4abc03757d1e14ce1bfb2e426567faeea8fce3152123821e712496872240e,data/raw/pdfs/64_กระบี่.pdf,1,9,25.84252,182.24649,1088.8346429729727,195.54648999999995
pdf_73:p1:r6,rec_f490d014c811cb7d2d45c2a2c2d3aa53ffd48096b57f1b21c385ab893f2c57ae,2084,pdf_73,8a9a8b1fb9d81eb7f2d76afa1f886621ea38587fc4c60902bc317398649ff90e,data/raw/pdfs/73_พัทลุง.pdf,1,6,25.84252,150.84649000000002,1088.8346429729727,164.14648999999997
pdf_63:p2:r2,rec_503a6c4a0d36f446e5b00ebeb92303186ed48edc65decd2069c9d438a30e2592,2085,pdf_63,b04433cfbe561d1199180db3f5210359427f668e1f7b072f31972e2749ce63ae,data/raw/pdfs/63_นครศรีธรรมราช.pdf,2,2,25.84252,52.642600000000016,1088.834594285714,65.94259999999997
pdf_54:p2:r7,rec_94a313ca4c76eadb320b7bb486591b26cd79d7c8b091cfc3bfaf1df6fe21c781,2086,pdf_54,884b1d2d94fff12fa64928c8a22df877265f50fbc00dfcb61f5a4636dd1c14c8,data/raw/pdfs/54_เพชรบูรณ์.pdf,2,7,25.84252,119.14255999999996,1088.8346404878048,132.44255999999996
pdf_18:p1:r28,rec_5ead54fe9536db0c6871b995f480af89332ec12ad2c681ecfb47f72cfa198118,2087,pdf_18,be2f47080dc7e95c466a639def50661998348f89a3d3495b6324e03e6ac06a59,data/raw/pdfs/18_สระแก้ว.pdf,1,28,25.84252,434.94649,1088.834642121212,448.24649
pdf_05:p3:r3,rec_620dcc7f6c80a5fc9d7ce471b910046304bd180578360bc6499d34ba0cef2ef3,2088,pdf_05,ae1ba5ac5ef768c29045f4282a9047c71474a8d654003bfa51574874b3f415fc,data/raw/pdfs/05_พระนครศรีอยุธยา.pdf,3,3,25.84252,65.94259999999997,1088.8346388571426,79.24259999999998
pdf_10:p2:r13,rec_42932c32678ce16c5306d10129b2fe4b798bdcd17f6188c0ba122e0c88c44900,2089,pdf_10,5e0a433bc2cc307479a32d344bf5b0b4f006af0a3d0ccc1493fb587c885896c1,data/raw/pdfs/10_สระบุรี.pdf,2,13,25.84252,198.94255999999996,1088.8346404878048,212.24255999999997
pdf_05:p1:r25,rec_852fb43990814f3f11a59e9b627a3a741fee4e7938b4feb5a4877c2615fcb1b9,2090,pdf_05,ae1ba5ac5ef768c29045f4282a9047c71474a8d654003bfa51574874b3f415fc,data/raw/pdfs/05_พระนครศรีอยุธยา.pdf,1,25,25.84252,395.04649,1088.8346429729727,408.34649
pdf_23:p1:r33,rec_0ced4ab8dd7895327e0e763196ee326256ea4bbb59f01632f2a5c54ab5409e2c,2091,pdf_23,771338278a591f8b5dfd252a64922234ef0d7071b6e6cd32beb2341668023e47,data/raw/pdfs/23_อุบลราชธานี.pdf,1,33,25.84252,509.94649,1088.8346429729727,523.24649
pdf_51:p1:r30,rec_0ee6deb5af0ad5027693202a8bf87248007af6082338dc223b660f8e5b182b13,2092,pdf_51,380327daf06efde704e25ac9a209c4688b14087a4bcd57b35db44471d39e5199,data/raw/pdfs/51_สุโขทัย.pdf,1,30,25.84252,470.04649,1088.834642352941,483.34649
pdf_36:p1:r27,rec_8e47a7f091990eb9dc916325306502dfe5425738ddebe8915f852a98186787ee,2093,pdf_36,e5624d419ac85611ac4b3fe0a27d6bfa73a7b474d5b0ee2a6b1a7b64f4783d70,data/raw/pdfs/36_นครพนม.pdf,1,27,25.84252,421.64649,1088.8346429729727,434.94649
pdf_05:p2:r10,rec_17ddf32689267bcedcbf1a0d13d2e534fe7404167bf2462ff03593a5f1f21dfb,2094,pdf_05,ae1ba5ac5ef768c29045f4282a9047c71474a8d654003bfa51574874b3f415fc,data/raw/pdfs/05_พระนครศรีอยุธยา.pdf,2,10,25.84252,159.04255999999998,1088.8346404878048,172.34256
pdf_64:p2:r11,rec_1308db96d35ef41b149f55ab0f76de73cf86d8d068af1f27869d73fe5a043f96,2095,pdf_64,a4e4abc03757d1e14ce1bfb2e426567faeea8fce3152123821e712496872240e,data/raw/pdfs/64_กระบี่.pdf,2,11,25.84252,172.34256,1088.8346404878048,185.64255999999995
pdf_59:p2:r17,rec_c31c1f75c6ce30723d6beeac72896553b6275891ded280f22f49aa4e346fc028,2096,pdf_59,0c5827ab1fffa2ec0689a95405ee8640473ea428f18b199f44d2f71d4f366ad8,data/raw/pdfs/59_สมุทรสาคร.pdf,2,17,25.84252,252.14255999999995,1088.8346404878048,265.44255999999996
pdf_08:p1:r15,rec_ee1d764fd991f1eca46e89533bdb8cc370f84d6a575efb385f2065f0a32cfa75,2097,pdf_08,1fd4933c38e10cf826fbe5ecfe74a2eb8305671e2bb949afd059fb72b251fdad,data/raw/pdfs/08_สิงห์บุรี.pdf,1,15,25.84252,262.0465,1088.8346399999998,275.3465
pdf_17:p1:r7,rec_d52ba13a6f0012c0a976ef927dbff5a94f6e9263c7421cbdc366f6ff22c1d693,2098,pdf_17,69ee6e20b50a8b481e887173d13a132193b234c6f6442cad70c9aa3f04917b71,data/raw/pdfs/17_นครนายก.pdf,1,7,25.84252,155.6465,1088.8346355555555,168.94650000000001
pdf_05:p2:r21,rec_b1d3b372a14f5150bbad6e07f66e959c4eef63e1668580c8c54e307b75707544,2099,pdf_05,ae1ba5ac5ef768c29045f4282a9047c71474a8d654003bfa51574874b3f415fc,data/raw/pdfs/05_พระนครศรีอยุธยา.pdf,2,21,25.84252,305.34256,1088.8346404878048,318.64256
pdf_12:p1:r15,rec_ca135bab08d99d23d2bec7bfe8a7e901ca26411dcbda6a0fd8c0d3c9c51c920a,2100,pdf_12,a807bf56c3fc6df739b3c4e072038fd3824bd793ca3bbc711cf4169e5e81ff9c,data/raw/pdfs/12_ระยอง.pdf,1,15,25.84252,262.04648999999995,1088.8346429729727,275.34649
pdf_51:p1:r3,rec_524f34b5dd177f46ae853802411add3c7e8bf49e75f1cd19e4db52b1ad6aeca3,2101,pdf_51,380327daf06efde704e25ac9a209c4688b14087a4bcd57b35db44471d39e5199,data/raw/pdfs/51_สุโขทัย.pdf,1,3,25.84252,110.94649,1088.834642352941,124.24649
pdf_29:p1:r21,rec_81ce3df1cbf4cf70d604fc2b7b1f00dd5a78fb0567135a70181956b2cbd994cf,2102,pdf_29,a1a30635ac132e2e87cc5b8c3c2c6e737453ecabe176861ce1a21609a26f3a1a,data/raw/pdfs/29_อุดรธานี.pdf,1,21,25.84252,341.84649,1088.8346429729727,355.14649
pdf_67:p4:r8,rec_551aa488bf515d4940eaa6e591659ecb481205cd77b4e185dea3b7d6a51f2416,2103,pdf_67,b66fc9f9229750b7a04c0e5c07c072d77eb0800ed604da819fb28b6c4a75a636,data/raw/pdfs/67_สุราษฎร์ธานี.pdf,4,8,25.84252,132.44255999999996,1088.8346404878048,145.74255999999997
pdf_74:p1:r11,rec_b4333752598ace9cdb98877f5cfc876f05d7601ebfb4cb255c84ed7560c79c29,2104,pdf_74,a740362f586a24f46fcc09fc1a1bc6391556e4c9bc432141903734f7833f39db,data/raw/pdfs/74_ปัตตานี.pdf,1,11,25.84252,208.84649,1088.8346429729727,222.14649
pdf_31:p1:r13,rec_fa9a077af5a7eeb280c54932ba7de6b155137de07379206777c38db7a683c1a6,2105,pdf_31,f1a10c3940792a9b882ab08acb2b2394c5009faa4f9334ce940cf44438cf5d54,data/raw/pdfs/31_หนองคาย.pdf,1,13,25.84252,235.44648999999998,1088.834642352941,248.74649
pdf_69:p1:r24,rec_10ac8b2c8399f06c9b6d78af9a6415f1336dd526f99c74caadb4f54bea549f0d,2106,pdf_69,769b283c00d83344280df884874571c2a99d89f78de64644b43bf9c6a108efa4,data/raw/pdfs/69_ชุมพร.pdf,1,24,25.84252,381.74649,1088.8346429729727,395.04649
pdf_67:p6:r2,rec_20c986114a90c1b35a385ef18f144074c5c639155bc83231fbcebccea0507f5b,2107,pdf_67,b66fc9f9229750b7a04c0e5c07c072d77eb0800ed604da819fb28b6c4a75a636,data/raw/pdfs/67_สุราษฎร์ธานี.pdf,6,2,25.84252,52.64256,1088.8346404878048,65.94255999999996
pdf_50:p1:r31,rec_00c8923044825d03e2ebc112c40f441a21fc3dbf6cc240374354cf6832dcc0eb,2108,pdf_50,8b7fe8a59c2c1fa488d7462868687d8f934217d7df929384117ef1e19dae37ab,data/raw/pdfs/50_ตาก.pdf,1,31,25.84252,474.84649,1088.8346429729727,488.14649
pdf_31:p1:r7,rec_90774fa171dc9ea4aa8363384c73bddf587640d0c90c2f15f66ddf990c7ad7b3,2109,pdf_31,f1a10c3940792a9b882ab08acb2b2394c5009faa4f9334ce940cf44438cf5d54,data/raw/pdfs/31_หนองคาย.pdf,1,7,25.84252,155.64648999999997,1088.834642352941,168.94648999999998
pdf_15:p2:r3,rec_69b9e09e7703a496108c19ec52c0f76702d618bbc2faba0001f72d75417af73c,2110,pdf_15,bf99cdf12418fcdc90b3c1c739fd4e7e09ca40818852ca43bcd1c3284b3cf084,data/raw/pdfs/15_ฉะเชิงเทรา.pdf,2,3,25.84252,65.94255999999996,1088.8346404878048,79.24255999999997
pdf_12:p2:r14,rec_377e1ac6099e28005175038a40e42e8a074370cdda651981d2ad570d751692ac,2111,pdf_12,a807bf56c3fc6df739b3c4e072038fd3824bd793ca3bbc711cf4169e5e81ff9c,data/raw/pdfs/12_ระยอง.pdf,2,14,25.842520000000004,212.24259999999998,1088.8346355555555,225.5426
pdf_54:p2:r8,rec_55828bc3f6fbf81d40ef6b0ddc034c39e2a026ebaa6484035ff892ad56338a0f,2112,pdf_54,884b1d2d94fff12fa64928c8a22df877265f50fbc00dfcb61f5a4636dd1c14c8,data/raw/pdfs/54_เพชรบูรณ์.pdf,2,8,25.84252,132.44255999999996,1088.8346404878048,145.74255999999997
pdf_38:p1:r8,rec_f77fc9d0d2b403fb0f05743b573468e73e67e37537a57f32a6015c96e0b2887f,2113,pdf_38,462a1c486a501887e4446ef7e812041c7d158ab4442235b85572d4a89fd7f492,data/raw/pdfs/38_เชียงใหม่.pdf,1,8,25.84252,168.94649000000004,1088.8346429729727,182.24649
pdf_10:p2:r22,rec_feab9239531658aaa5740af38e2753ea58a6cd6c6b58f65bf800e6d96cf65332,2114,pdf_10,5e0a433bc2cc307479a32d344bf5b0b4f006af0a3d0ccc1493fb587c885896c1,data/raw/pdfs/10_สระบุรี.pdf,2,22,25.84252,318.64256,1088.8346404878048,331.94255999999996
pdf_07:p1:r9,rec_e52a9701e25f4bde025d0ed3fd8b55fb795b1e76482dbb4c0ecdae28fb3317fd,2115,pdf_07,f00681093e03a60a87dbc3834edae199fd055d6366406e456741ffd059ff3b05,data/raw/pdfs/07_ลพบุรี.pdf,1,9,25.84252,182.24649,1088.8346429729727,195.54648999999995
pdf_04:p2:r17,rec_a46d8fb1f7c6aa1e006ab013bd7110d93460648cc6d6da70dcf7811452d1d8b5,2116,pdf_04,83861a2a02db33dda27703227bb90cd50ba1b9144123e42912f926c1d1043c39,data/raw/pdfs/04_ปทุมธานี.pdf,2,17,25.84252,252.14255999999995,1088.8346404878048,265.44255999999996
pdf_23:p2:r2,rec_d29ca54ae726364c4ff9e05287581fbef47c7979f2e36fd2b538d2fa4fded860,2117,pdf_23,771338278a591f8b5dfd252a64922234ef0d7071b6e6cd32beb2341668023e47,data/raw/pdfs/23_อุบลราชธานี.pdf,2,2,25.84252,52.64256,1088.8346404878048,65.94255999999996
pdf_53:p1:r19,rec_fb5bf94b08f12c2feb775eb5352145b0941dfaa83fb4256a291d827b4310dccf,2118,pdf_53,41aaaf3a91961ab9b2dee694f50d9a086d1ad80beffe1b54e81370016a11cb14,data/raw/pdfs/53_พิจิตร.pdf,1,19,25.84252,323.74649,1088.8346429729727,337.04649
pdf_64:p3:r38,rec_d0118b8d740e9200330ed60d67b4b16867badfe507033db1dd41013165e510e6,2119,pdf_64,a4e4abc03757d1e14ce1bfb2e426567faeea8fce3152123821e712496872240e,data/raw/pdfs/64_กระบี่.pdf,3,38,25.84252,531.44256,1088.8346404878048,544.74256
pdf_55:p2:r6,rec_2ed3626c5d7348238e2e07cd00ed618d699a79b266226183c77f543081ba7e76,2120,pdf_55,fe2373eb0d81516b45b09f5bb593a35bc32f505875cafd93f214ca6bc310c4d4,data/raw/pdfs/55_ราชบุรี.pdf,2,6,25.84252,105.84259999999999,1088.834622142857,119.14260000000002
pdf_68:p1:r31,rec_546e4469c7699c19d3d4441df9316c40ba6b0ba08d4b7a7db51e72e84a7f2582,2121,pdf_68,3a242476c7c0c82cd6f78455b9ca30a8d8e875f3ae38090ae0fd5fb12805c593,data/raw/pdfs/68_ระนอง.pdf,1,31,25.84252,474.84649,1088.8346429729727,488.14649
pdf_28:p1:r29,rec_66d82bc2b9efdedfce97aff9520804b4a3a0e64b1ff52fa681588aad28c2b47e,2122,pdf_28,38e1a8d128ab928dd0bef117c9dbaa8191aea027adc2dae9137f68937f31d040,data/raw/pdfs/28_ขอนแก่น.pdf,1,29,25.84252,448.24649,1088.8346429729727,461.54649
pdf_58:p1:r33,rec_3d90bcce176efb9174f653fa87ec8cd75ef5d03e65e184a31a91507fd899f89a,2123,pdf_58,8ff0dc3c9fe92f1cc2721c37fe35cfcc653ad17ca531672dc94686e7776d35a5,data/raw/pdfs/58_นครปฐม.pdf,1,33,25.84252,501.44649,1088.8346429729727,514.74649
pdf_59:p1:r21,rec_67462d4e10c4b73abf9096bc89104a34c2af415c4c8221486b20cbe346302e60,2124,pdf_59,0c5827ab1fffa2ec0689a95405ee8640473ea428f18b199f44d2f71d4f366ad8,data/raw/pdfs/59_สมุทรสาคร.pdf,1,21,25.84252,341.84649,1088.8346429729727,355.14649
pdf_09:p1:r7,rec_151eb86b9d8056b589520339de65c81a13697e3fc8c9be03cb6dc29edc394486,2125,pdf_09,1912b318a38a3716d462ae8461062b50db721b56bb5dcac725c184bafd97be54,data/raw/pdfs/09_ชัยนาท.pdf,1,7,25.84252,155.6465,1088.8346395999997,168.94650000000001
pdf_10:p2:r20,rec_d4c3718a32f12e7c1bffd853933dbfab1c83642cb5855528e9d03c6e7812af63,2126,pdf_10,5e0a433bc2cc307479a32d344bf5b0b4f006af0a3d0ccc1493fb587c885896c1,data/raw/pdfs/10_สระบุรี.pdf,2,20,25.84252,292.04256,1088.8346404878048,305.34256
pdf_35:p2:r7,rec_3b5b420d1d703b617f2d70a63383d2910a6d157d5604a5eef023a642d6e67397,2127,pdf_35,34e8cb69b8d0f03a2caba0ffc0eb6d4b5233159b13350c073968de56ab12b69f,data/raw/pdfs/35_สกลนคร.pdf,2,7,25.84252,119.14259999999994,1088.8346109999998,132.44259999999997
pdf_54:p2:r34,rec_deae805af1001796699bd10c118b2e001b656522e5e9c195fa713d6590ff8bfc,2128,pdf_54,884b1d2d94fff12fa64928c8a22df877265f50fbc00dfcb61f5a4636dd1c14c8,data/raw/pdfs/54_เพชรบูรณ์.pdf,2,34,25.84252,478.24256,1088.8346404878048,491.54256
pdf_19:p4:r13,rec_478ee5a3fa220f279a9df2b0b6d1159b1707c71e85acbdddb2ec540ed99139be,2129,pdf_19,2fbc685c790d957bd597a9ae4cbc69a07dacbb20cab611015cf1ce2eecd5982c,data/raw/pdfs/19_นครราชสีมา.pdf,4,13,25.84252,198.94255999999996,1088.8346404878048,212.24255999999997
pdf_05:p1:r18,rec_33d56372b6dad3c84cd988333784a611dfe66a5dbb648f1b4e976dba45baf262,2130,pdf_05,ae1ba5ac5ef768c29045f4282a9047c71474a8d654003bfa51574874b3f415fc,data/raw/pdfs/05_พระนครศรีอยุธยา.pdf,1,18,25.84252,301.94649,1088.8346429729727,315.24649
pdf_05:p3:r12,rec_947fa0208eeae54f5cd1c70f77c870955635b17a99236fe4a8e469d13bf91767,2131,pdf_05,ae1ba5ac5ef768c29045f4282a9047c71474a8d654003bfa51574874b3f415fc,data/raw/pdfs/05_พระนครศรีอยุธยา.pdf,3,12,25.84252,185.64259999999996,1088.8346388571426,198.94259999999997
pdf_19:p1:r1,rec_ab179f85f61214ed9786d6a92d67411811c0cd69ba20538662006bee06027173,2132,pdf_19,2fbc685c790d957bd597a9ae4cbc69a07dacbb20cab611015cf1ce2eecd5982c,data/raw/pdfs/19_นครราชสีมา.pdf,1,1,25.84252,84.34649000000002,1088.8346429729727,97.64648999999997
pdf_03:p1:r21,rec_7596955ea21dfef274ad99abea91433188e9e178dc31935daf8e955e96a113f8,2133,pdf_03,7dd9e7f51732791c63183067d85d18d20f856edf0c2dff89dbda84d866df2d62,data/raw/pdfs/03_นนทบุรี.pdf,1,21,25.84252,341.84649,1088.8346429729727,355.14649
pdf_67:p5:r16,rec_47b1f77595920d1299430505daadf5e97faf516a6673627fc19b9343fb581079,2134,pdf_67,b66fc9f9229750b7a04c0e5c07c072d77eb0800ed604da819fb28b6c4a75a636,data/raw/pdfs/67_สุราษฎร์ธานี.pdf,5,16,25.84252,238.84256,1088.8346404878048,252.14255999999995
pdf_67:p2:r9,rec_fb0962e8149709e623526e952df26e04cf55fa538d84536ae1826cd4155b8426,2135,pdf_67,b66fc9f9229750b7a04c0e5c07c072d77eb0800ed604da819fb28b6c4a75a636,data/raw/pdfs/67_สุราษฎร์ธานี.pdf,2,9,25.84252,145.74255999999997,1088.8346404878048,159.04255999999998
pdf_76:p1:r22,rec_d7c3530af970185f1876ab12a49936bac50557f98561ab4ee9ba07abae014201,2136,pdf_76,474bb90a38c020bbc86d90180af2b062867ed6a1db6999d709acff810fd5d84d,data/raw/pdfs/76_นราธิวาส.pdf,1,22,25.84252,355.14649,1088.8346429729727,368.44649
pdf_53:p1:r27,rec_6058ab78f4655cdc9355d3e66ff065d0cfebfaef83bbb98c012ff49256daf413,2137,pdf_53,41aaaf3a91961ab9b2dee694f50d9a086d1ad80beffe1b54e81370016a11cb14,data/raw/pdfs/53_พิจิตร.pdf,1,27,25.84252,430.14649,1088.8346429729727,443.44649
pdf_54:p2:r19,rec_3a069cfbc9cee85181b4fc4ee027ea3c6507c65492b501f565ab50628be70764,2138,pdf_54,884b1d2d94fff12fa64928c8a22df877265f50fbc00dfcb61f5a4636dd1c14c8,data/raw/pdfs/54_เพชรบูรณ์.pdf,2,19,25.84252,278.74255999999997,1088.8346404878048,292.04256
pdf_21:p1:r15,rec_6427fc073497f59b81cdb58b5de276de7a05a8ab85e64fa64d7b1d28c6070d8f,2139,pdf_21,30de42d8df83af320948c083353a9109256e5f6ce057c8d941902c86bbb645dd,data/raw/pdfs/21_สุรินทร์.pdf,1,15,25.84252,262.0465,1088.8346369999997,275.3465
pdf_73:p1:r25,rec_1eff95706e2dc306d7ff7dabeec10e5fbc8f6f1163e698dd386db2a70f7ca866,2140,pdf_73,8a9a8b1fb9d81eb7f2d76afa1f886621ea38587fc4c60902bc317398649ff90e,data/raw/pdfs/73_พัทลุง.pdf,1,25,25.84252,403.54649,1088.8346429729727,416.84649
pdf_28:p1:r12,rec_dc2113e054facb831f0d242e23a282a7335787ab62736f3f6e0c01ac6ae3cdb7,2141,pdf_28,38e1a8d128ab928dd0bef117c9dbaa8191aea027adc2dae9137f68937f31d040,data/raw/pdfs/28_ขอนแก่น.pdf,1,12,25.84252,222.14649,1088.8346429729727,235.44649000000004
pdf_52:p1:r29,rec_4ce2ba72dc9e0ce20da81a5f78fa0b50e18710ab03d926537b6fb3701cfeeb77,2142,pdf_52,9cb0d6cf6dff8fc890e8435c67310ba7051a6c49c0a0cbb9b817f49c8ece0551,data/raw/pdfs/52_พิษณุโลก.pdf,1,29,25.84252,448.24649,1088.8346429729727,461.54649
pdf_57:p1:r33,rec_4834647a99ebbc636af5848172c8baf08b64132e073de79ad21e4395042f786a,2143,pdf_57,9b6f57faac860a1339f68519b1b756d3ef34cc2ccd4962f5e15b78600e7c9112,data/raw/pdfs/57_สุพรรณบุรี.pdf,1,33,25.84252,501.44649,1088.8346429729727,514.74649
pdf_58:p2:r22,rec_0652858b22248e2a45dace59b6d08cd822b3cb68b1494f82e1e78f9d36a4c10d,2144,pdf_58,8ff0dc3c9fe92f1cc2721c37fe35cfcc653ad17ca531672dc94686e7776d35a5,data/raw/pdfs/58_นครปฐม.pdf,2,22,25.84252,318.64256,1088.8346404878048,331.94255999999996
pdf_52:p1:r23,rec_1d9cc340ef53387e35c96750199bf42cf33576c23e65d8696d94f15b39156e03,2145,pdf_52,9cb0d6cf6dff8fc890e8435c67310ba7051a6c49c0a0cbb9b817f49c8ece0551,data/raw/pdfs/52_พิษณุโลก.pdf,1,23,25.84252,368.44649,1088.8346429729727,381.74649
pdf_50:p2:r6,rec_8067e734d9f82922d236a3e6a958ea72eff70833f3930e3f632068498278d416,2146,pdf_50,8b7fe8a59c2c1fa488d7462868687d8f934217d7df929384117ef1e19dae37ab,data/raw/pdfs/50_ตาก.pdf,2,6,25.84252,105.84259999999999,1088.8346270588233,119.14260000000002
pdf_38:p1:r35,rec_1ddea4e69b2a2ad1f714ecb02ccfc3d94871e87be853dd1641cdfb2d39604628,2147,pdf_38,462a1c486a501887e4446ef7e812041c7d158ab4442235b85572d4a89fd7f492,data/raw/pdfs/38_เชียงใหม่.pdf,1,35,25.84252,528.04649,1088.8346429729727,541.3464899999999
pdf_40:p1:r5,rec_582c521c05a658516e88f735206f0ccb2e2be7dc12b520d0eb979db177c52cc2,2148,pdf_40,89bea4e9a200e8f073d048a2ed2a881a1e01108b8c12f1e050317b845aac6b1d,data/raw/pdfs/40_ลำปาง.pdf,1,5,25.84252,129.04648999999995,1088.8346429729727,142.34649000000002
pdf_05:p3:r14,rec_166744dc9872a9b52c3b42a611f55afc209dafbadee4de406b8ce1fa0057ed74,2149,pdf_05,ae1ba5ac5ef768c29045f4282a9047c71474a8d654003bfa51574874b3f415fc,data/raw/pdfs/05_พระนครศรีอยุธยา.pdf,3,14,25.84252,212.24259999999998,1088.8346388571426,225.5426
pdf_64:p2:r3,rec_e5b70697e9e2c602ed861e72b7911309963b4befff149a3a9cee4951c1043f04,2150,pdf_64,a4e4abc03757d1e14ce1bfb2e426567faeea8fce3152123821e712496872240e,data/raw/pdfs/64_กระบี่.pdf,2,3,25.84252,65.94255999999996,1088.8346404878048,79.24255999999997
pdf_58:p2:r12,rec_d26525e9a9a7ecdfcaf0d9e8df70bea2e97129b1967f557e45774351c0d3f6b6,2151,pdf_58,8ff0dc3c9fe92f1cc2721c37fe35cfcc653ad17ca531672dc94686e7776d35a5,data/raw/pdfs/58_นครปฐม.pdf,2,12,25.84252,185.64255999999995,1088.8346404878048,198.94255999999996
pdf_64:p1:r18,rec_849c2363aa82bcc7442ebe06f1b461bdc0822fc31a7a87496f6c729b7a51819c,2152,pdf_64,a4e4abc03757d1e14ce1bfb2e426567faeea8fce3152123821e712496872240e,data/raw/pdfs/64_กระบี่.pdf,1,18,25.84252,301.94649,1088.8346429729727,315.24649
pdf_04:p2:r27,rec_d0f51702be343f6e0f6a409d05fcdad764a0c8a36d3c8b6fa551e1aa82eee1a3,2153,pdf_04,83861a2a02db33dda27703227bb90cd50ba1b9144123e42912f926c1d1043c39,data/raw/pdfs/04_ปทุมธานี.pdf,2,27,25.84252,385.14256,1088.8346404878048,398.44255999999996
pdf_05:p2:r22,rec_d654526ded257a28326a4a4c3f679e81b68d1d166d67b283ed9cee62f45e7b20,2154,pdf_05,ae1ba5ac5ef768c29045f4282a9047c71474a8d654003bfa51574874b3f415fc,data/raw/pdfs/05_พระนครศรีอยุธยา.pdf,2,22,25.84252,318.64256,1088.8346404878048,331.94255999999996
pdf_08:p1:r22,rec_c81f52a03fce57dca885395cf80f575ea62db68355ebc4ca2009187f8c477cf3,2155,pdf_08,1fd4933c38e10cf826fbe5ecfe74a2eb8305671e2bb949afd059fb72b251fdad,data/raw/pdfs/08_สิงห์บุรี.pdf,1,22,25.84252,355.14649999999995,1088.8346399999998,368.4465
pdf_25:p1:r4,rec_457af10593ef19feca8a62170245657e31fa1cefece7d32820ce929e02f36675,2156,pdf_25,0155bd151db06d789a16df2bc6422d9237698f7f38d57991cc1ab60bcb86601c,data/raw/pdfs/25_ชัยภูมิ.pdf,1,4,25.84252,115.74649,1088.8346429729727,129.04648999999995
pdf_35:p1:r13,rec_4f2172ae02d61b81bfed92866f9b97fbc00c8c5f314e3246dc69995288b863ba,2157,pdf_35,34e8cb69b8d0f03a2caba0ffc0eb6d4b5233159b13350c073968de56ab12b69f,data/raw/pdfs/35_สกลนคร.pdf,1,13,25.84252,235.44649000000004,1088.8346429729727,248.74649
pdf_67:p7:r12,rec_d8c353162cda456b9ebddf187289cae779327060f36cb12e262923c555ecc740,2158,pdf_67,b66fc9f9229750b7a04c0e5c07c072d77eb0800ed604da819fb28b6c4a75a636,data/raw/pdfs/67_สุราษฎร์ธานี.pdf,7,12,25.84252,185.64260000000002,1088.8346270588233,198.94259999999997
pdf_63:p1:r17,rec_99c301243d20251a2ae5d75b07b7ba4176e4d38c0dfd2fc0997ba510d4659ac9,2159,pdf_63,b04433cfbe561d1199180db3f5210359427f668e1f7b072f31972e2749ce63ae,data/raw/pdfs/63_นครศรีธรรมราช.pdf,1,17,25.84252,288.64649,1088.8346429729727,301.94649
pdf_23:p3:r26,rec_da5c6dfb8afc5212f6fbbf412487e6aba11e2b9054725f137d9cce38fa707b4b,2160,pdf_23,771338278a591f8b5dfd252a64922234ef0d7071b6e6cd32beb2341668023e47,data/raw/pdfs/23_อุบลราชธานี.pdf,3,26,25.84252,371.8426,1088.8346388571426,385.1426
pdf_49:p1:r3,rec_60ebfa8a9f0dcdeac0cb13456fc5ead32d6dd0f5d883cce7aa6e1eae50d69f15,2161,pdf_49,6ada8eb27a34993420ed8c6db69aa4ae13ff4283abdb43b9d76a05d6794f6a27,data/raw/pdfs/49_กำแพงเพชร.pdf,1,3,25.84252,102.44649000000004,1088.8346429729727,115.74649
pdf_68:p1:r28,rec_68aa510ba907091eb93ebf6c02a45c9a6d9425ad1b637f86d0835b1590cc94c0,2162,pdf_68,3a242476c7c0c82cd6f78455b9ca30a8d8e875f3ae38090ae0fd5fb12805c593,data/raw/pdfs/68_ระนอง.pdf,1,28,25.84252,434.94649,1088.8346429729727,448.24649
pdf_55:p1:r33,rec_bfed4d09da1906213dff69858068fb72fef443a4ab0044e467867ef327acf843,2163,pdf_55,fe2373eb0d81516b45b09f5bb593a35bc32f505875cafd93f214ca6bc310c4d4,data/raw/pdfs/55_ราชบุรี.pdf,1,33,25.84252,501.44649,1088.8346429729727,514.74649
pdf_05:p2:r33,rec_44366708c6e15309b65aa42994abebbd1147c55ba9c6f24cd5a7f57b860905d1,2164,pdf_05,ae1ba5ac5ef768c29045f4282a9047c71474a8d654003bfa51574874b3f415fc,data/raw/pdfs/05_พระนครศรีอยุธยา.pdf,2,33,25.84252,464.94255999999996,1088.8346404878048,478.24256
pdf_04:p4:r21,rec_1168184c6fc268e784a50e1ec9c99e8710d43c4e4739b1be55d6978cdcd00ef0,2165,pdf_04,83861a2a02db33dda27703227bb90cd50ba1b9144123e42912f926c1d1043c39,data/raw/pdfs/04_ปทุมธานี.pdf,4,21,25.84252,305.34256,1088.8346404878048,318.64256
pdf_72:p1:r11,rec_eaff111e2d56a43d3607d79a144b5acfbc6d723091fe7c51c4c1dd36c7e76610,2166,pdf_72,04f947c56ddf01a73b376cdbb3099e393f9141fff3fec2504b9e031114606073,data/raw/pdfs/72_ตรัง.pdf,1,11,25.84252,208.84649,1088.8346429729727,222.14649
pdf_04:p2:r10,rec_2f342c9d7facd7eba7b9581a23ce3c962a41758afe9ca6fc23226f5a410479e7,2167,pdf_04,83861a2a02db33dda27703227bb90cd50ba1b9144123e42912f926c1d1043c39,data/raw/pdfs/04_ปทุมธานี.pdf,2,10,25.84252,159.04255999999998,1088.8346404878048,172.34256
pdf_53:p2:r9,rec_e331a47f4a07fee4bb490a6c18cc4ac83f02e1ec3ed3f53c544b94cb93cb38d1,2168,pdf_53,41aaaf3a91961ab9b2dee694f50d9a086d1ad80beffe1b54e81370016a11cb14,data/raw/pdfs/53_พิจิตร.pdf,2,9,25.84252,145.74259999999998,1088.834638181818,159.0426
pdf_04:p1:r14,rec_038965ce03ac05ee57422b7812a7935bd9d7e1956c8d84ed4868d7e47bfb0c9a,2169,pdf_04,83861a2a02db33dda27703227bb90cd50ba1b9144123e42912f926c1d1043c39,data/raw/pdfs/04_ปทุมธานี.pdf,1,14,25.84252,248.74649,1088.8346429729727,262.04648999999995
pdf_56:p2:r30,rec_020f52a1fb532e41e962cb17a2aacb723d70f6b7e8e4981222afc9fb13395530,2170,pdf_56,f0ce416ab9d3f527c2052960422068d0564c2b8833f2a75d05cab7aa8280b0d5,data/raw/pdfs/56_กาญจนบุรี.pdf,2,30,25.84252,425.04256,1088.8346394594591,438.34255999999993
pdf_07:p2:r2,rec_eb9078f0fbb795ac8b35a2ac4c3ab5c3c551c3e60f719854ef747eddcf0037b8,2171,pdf_07,f00681093e03a60a87dbc3834edae199fd055d6366406e456741ffd059ff3b05,data/raw/pdfs/07_ลพบุรี.pdf,2,2,25.84252,52.64256,1088.8346404878048,65.94255999999996
pdf_03:p4:r2,rec_bd4e7e188c64fb228d516c2481c8cc5e23989a7bf2fde2aa8beba125e1511e06,2172,pdf_03,7dd9e7f51732791c63183067d85d18d20f856edf0c2dff89dbda84d866df2d62,data/raw/pdfs/03_นนทบุรี.pdf,4,2,25.84252,52.64256,1088.8346404878048,65.94255999999996
pdf_54:p2:r29,rec_f29e02c369b3a646b2fbb5a615f0c09a6eb81dc7b0a7f0e8fbd938b6a05991c0,2173,pdf_54,884b1d2d94fff12fa64928c8a22df877265f50fbc00dfcb61f5a4636dd1c14c8,data/raw/pdfs/54_เพชรบูรณ์.pdf,2,29,25.84252,411.74256,1088.8346404878048,425.04256
pdf_67:p5:r25,rec_445645990486298c7dfd6ad689e9edd5d1127d00518e4897dbe4bd8900ed25c1,2174,pdf_67,b66fc9f9229750b7a04c0e5c07c072d77eb0800ed604da819fb28b6c4a75a636,data/raw/pdfs/67_สุราษฎร์ธานี.pdf,5,25,25.84252,358.54256,1088.8346404878048,371.84256
pdf_05:p3:r16,rec_6ec3429b0877d1f6abd9234b5181a10df1132282e9e1ee167adc4986add727b2,2175,pdf_05,ae1ba5ac5ef768c29045f4282a9047c71474a8d654003bfa51574874b3f415fc,data/raw/pdfs/05_พระนครศรีอยุธยา.pdf,3,16,25.84252,238.8426,1088.8346388571426,252.1426
pdf_04:p5:r6,rec_ccd8490f9fa4689514169ea5a41026c393759bfeef5f14ffe7ef2f3f554d9234,2176,pdf_04,83861a2a02db33dda27703227bb90cd50ba1b9144123e42912f926c1d1043c39,data/raw/pdfs/04_ปทุมธานี.pdf,5,6,25.84252,105.84259999999998,1088.8346388571426,119.14259999999994
pdf_03:p4:r3,rec_a1cfb8dd3c8f3582aafa946e93304b517c008078845b1c4a1cd3f5ac250511ff,2177,pdf_03,7dd9e7f51732791c63183067d85d18d20f856edf0c2dff89dbda84d866df2d62,data/raw/pdfs/03_นนทบุรี.pdf,4,3,25.84252,65.94255999999996,1088.8346404878048,79.24255999999997
pdf_07:p1:r11,rec_9a10583d53c399434431f78b4f98fe22481b2f70fd139163d7a2efbb67a69742,2178,pdf_07,f00681093e03a60a87dbc3834edae199fd055d6366406e456741ffd059ff3b05,data/raw/pdfs/07_ลพบุรี.pdf,1,11,25.84252,208.84649,1088.8346429729727,222.14649
pdf_35:p1:r20,rec_1bd73d6066e1a9bd9ed8159771b6efd82519c98ea11fabbad44424f311ea39d1,2179,pdf_35,34e8cb69b8d0f03a2caba0ffc0eb6d4b5233159b13350c073968de56ab12b69f,data/raw/pdfs/35_สกลนคร.pdf,1,20,25.84252,328.54649,1088.8346429729727,341.84649
pdf_72:p2:r18,rec_f020997dec782474159a7f2722511d5ce71f1db3fe0c60970e0746b30f2672f4,2180,pdf_72,04f947c56ddf01a73b376cdbb3099e393f9141fff3fec2504b9e031114606073,data/raw/pdfs/72_ตรัง.pdf,2,18,25.84252,265.44255999999996,1088.8346402499997,278.74256
pdf_10:p2:r38,rec_cf865f040faa28d343eee288737b2d83d9c585efee6950f2dc59b279129c99fb,2181,pdf_10,5e0a433bc2cc307479a32d344bf5b0b4f006af0a3d0ccc1493fb587c885896c1,data/raw/pdfs/10_สระบุรี.pdf,2,38,25.84252,531.44256,1088.8346404878048,544.74256
pdf_04:p1:r32,rec_5072eab9bf12ebae23c9490e1a6fcc91d8964d19189a4984595dd9d80db0842d,2182,pdf_04,83861a2a02db33dda27703227bb90cd50ba1b9144123e42912f926c1d1043c39,data/raw/pdfs/04_ปทุมธานี.pdf,1,32,25.84252,488.14649,1088.8346429729727,501.44649
pdf_49:p1:r18,rec_f10688d55e2daf5768787b0dd26af6547910b137ce08b972c7446b047edb1a49,2183,pdf_49,6ada8eb27a34993420ed8c6db69aa4ae13ff4283abdb43b9d76a05d6794f6a27,data/raw/pdfs/49_กำแพงเพชร.pdf,1,18,25.84252,301.94649,1088.8346429729727,315.24649
pdf_58:p2:r13,rec_17e3fe0e2353b1c719751e2a42b4bea64370ec94580c76c88cd32a5a30aa872c,2184,pdf_58,8ff0dc3c9fe92f1cc2721c37fe35cfcc653ad17ca531672dc94686e7776d35a5,data/raw/pdfs/58_นครปฐม.pdf,2,13,25.84252,198.94255999999996,1088.8346404878048,212.24255999999997
pdf_59:p2:r3,rec_6c7492c4eff7452685eb40791763d09b3ae5e2ac1d8d6d8cd980e6cac2186930,2185,pdf_59,0c5827ab1fffa2ec0689a95405ee8640473ea428f18b199f44d2f71d4f366ad8,data/raw/pdfs/59_สมุทรสาคร.pdf,2,3,25.84252,65.94255999999996,1088.8346404878048,79.24255999999997
pdf_02:p1:r21,rec_fab3f4bb49efb852a9262b4fb8046f3cdaf9a91f78ba24985581977dd33fc568,2186,pdf_02,368a15805d33fb210ed50297795f7f50bf822054e05b59bf71bfa25bee0f3a3c,data/raw/pdfs/02_สมุทรปราการ.pdf,1,21,25.84252,341.84649,1088.8346429729727,355.14649
pdf_62:p1:r2,rec_5a36ee80b469ac0b486299eb91e6febc676b53c9546aceec77445e280a47d387,2187,pdf_62,16170e28f4926ce3d0cb9566cb26ec752a3cb84a42d0ceb55d00107b3d3f1443,data/raw/pdfs/62_ประจวบคีรีขันธ์.pdf,1,2,25.84252,89.1465,1088.834638181818,102.44650000000001
pdf_19:p4:r27,rec_07a94147d84625e226f3f647f1ae989be78344492e6374bb21129601f43d9281,2188,pdf_19,2fbc685c790d957bd597a9ae4cbc69a07dacbb20cab611015cf1ce2eecd5982c,data/raw/pdfs/19_นครราชสีมา.pdf,4,27,25.84252,385.14256,1088.8346404878048,398.44255999999996
pdf_23:p1:r4,rec_939ac38344d927fdd457a43f5096e36304ef04ffc7407d31c30426231157c6c3,2189,pdf_23,771338278a591f8b5dfd252a64922234ef0d7071b6e6cd32beb2341668023e47,data/raw/pdfs/23_อุบลราชธานี.pdf,1,4,25.84252,124.24649,1088.8346429729727,137.54648999999995
pdf_64:p3:r30,rec_2126b85d1fc31d51eb9b854260c1af126b9dad1028042ab9c1b0f3daafb54146,2190,pdf_64,a4e4abc03757d1e14ce1bfb2e426567faeea8fce3152123821e712496872240e,data/raw/pdfs/64_กระบี่.pdf,3,30,25.84252,425.04256,1088.8346404878048,438.34255999999993
pdf_39:p1:r8,rec_afec84aa31fc5c8954e36e0eb1d371fd1bdb9b4aa438feed31908b968273105a,2191,pdf_39,f8439630693dcb0a91ca91bc39687ac32878a128fb24ec09b75d075fce0bca64,data/raw/pdfs/39_ลำพูน.pdf,1,8,25.84252,168.94649999999996,1088.8346369999997,182.24649999999997
pdf_19:p1:r22,rec_88a214e81fca5a099921cc60aef60fcbd936325f7648c2f06c721deffb91e219,2192,pdf_19,2fbc685c790d957bd597a9ae4cbc69a07dacbb20cab611015cf1ce2eecd5982c,data/raw/pdfs/19_นครราชสีมา.pdf,1,22,25.84252,363.64649,1088.8346429729727,376.94649
pdf_11:p1:r32,rec_3596ce737f84a4f1dc14e1b807dc3d78c10b4e30f60f460cd9b2fa43f0e50bf0,2193,pdf_11,3638acfefe295becff8609b6ee16edeea0914e518d215754813661f1c0a3f79b,data/raw/pdfs/11_ชลบุรี.pdf,1,32,25.84252,488.14649,1088.8346429729727,501.44649
pdf_04:p5:r20,rec_6c8c0cb479d1192ea98a6feb6d02d6f90188bf320661bb5b3649c056638c0a55,2194,pdf_04,83861a2a02db33dda27703227bb90cd50ba1b9144123e42912f926c1d1043c39,data/raw/pdfs/04_ปทุมธานี.pdf,5,20,25.84252,292.0426,1088.8346388571426,305.3426
pdf_41:p1:r8,rec_bccec4a00e0116b6aeb083cf371b71d8e3aba964f3941b87946aadd3b826b584,2195,pdf_41,30547a39de949400c4d126175dcaea5210ed959ebf29c2b6135b85e45a4643e4,data/raw/pdfs/41_อุตรดิตถ์.pdf,1,8,25.84252,168.94650000000001,1088.834636315789,182.24650000000003
pdf_64:p3:r37,rec_2e840a181f1c7990955e327abed87a7862f1b4163a84ef356821224cfa59c6ca,2196,pdf_64,a4e4abc03757d1e14ce1bfb2e426567faeea8fce3152123821e712496872240e,data/raw/pdfs/64_กระบี่.pdf,3,37,25.84252,518.14256,1088.8346404878048,531.44256
pdf_69:p3:r5,rec_92d7bd7fc12cc8326b0d8b59286f8b7ed24cc0fcf08709a094df37cdb8175d2d,2197,pdf_69,769b283c00d83344280df884874571c2a99d89f78de64644b43bf9c6a108efa4,data/raw/pdfs/69_ชุมพร.pdf,3,5,25.84252,92.5426,1088.834622142857,105.84259999999999
pdf_12:p2:r18,rec_658fb2c818d7e9a9c7a439794481716d0adefd918f071005fa23380790618246,2198,pdf_12,a807bf56c3fc6df739b3c4e072038fd3824bd793ca3bbc711cf4169e5e81ff9c,data/raw/pdfs/12_ระยอง.pdf,2,18,25.842520000000004,265.44259999999997,1088.8346355555555,278.7426
pdf_29:p1:r13,rec_41b6ab85028d84003d1e9703a6258bf695dc7184b193206dc7e9224c772aa578,2199,pdf_29,a1a30635ac132e2e87cc5b8c3c2c6e737453ecabe176861ce1a21609a26f3a1a,data/raw/pdfs/29_อุดรธานี.pdf,1,13,25.84252,235.44649000000004,1088.8346429729727,248.74649
pdf_11:p2:r18,rec_da8ad24cd3ed4c9492b08d723ae1558a94fe36f5721732fc4c97e435622246e8,2200,pdf_11,3638acfefe295becff8609b6ee16edeea0914e518d215754813661f1c0a3f79b,data/raw/pdfs/11_ชลบุรี.pdf,2,18,25.84252,265.44255999999996,1088.8346404878048,278.74255999999997
pdf_07:p2:r4,rec_6e81bb7abbfa7790ee1b27a3347af021c2cb80d9ac2197c946f668847c6141e1,2201,pdf_07,f00681093e03a60a87dbc3834edae199fd055d6366406e456741ffd059ff3b05,data/raw/pdfs/07_ลพบุรี.pdf,2,4,25.84252,79.24255999999997,1088.8346404878048,92.54255999999998
pdf_57:p2:r32,rec_d6211f30905f33855f0b95f16a74a72262da8e618c4b852ab631c5897e367269,2202,pdf_57,9b6f57faac860a1339f68519b1b756d3ef34cc2ccd4962f5e15b78600e7c9112,data/raw/pdfs/57_สุพรรณบุรี.pdf,2,32,25.84252,451.64256000000006,1088.8346404878048,464.94255999999996
pdf_31:p1:r17,rec_99e817410127b75fef5fc59f9a7106735078dfbb1852b3278cd408706efed97f,2203,pdf_31,f1a10c3940792a9b882ab08acb2b2394c5009faa4f9334ce940cf44438cf5d54,data/raw/pdfs/31_หนองคาย.pdf,1,17,25.84252,288.64649,1088.834642352941,301.94649
pdf_07:p2:r3,rec_3c3ce80b53efc9b94b8de514f180329ec39cfa2b91afb00aff2075af988e3da1,2204,pdf_07,f00681093e03a60a87dbc3834edae199fd055d6366406e456741ffd059ff3b05,data/raw/pdfs/07_ลพบุรี.pdf,2,3,25.84252,65.94255999999996,1088.8346404878048,79.24255999999997
pdf_03:p5:r10,rec_0d0c300fb10bc155be5771509dcc7fcded572a529e3b39a857d4c2af7a0cb2ae,2205,pdf_03,7dd9e7f51732791c63183067d85d18d20f856edf0c2dff89dbda84d866df2d62,data/raw/pdfs/03_นนทบุรี.pdf,5,10,25.84252,159.0426,1088.8346391666664,172.3426
pdf_54:p3:r5,rec_414669a127694037380aa260c67a4f4c7d992766e13611553f2d32115c3bfa90,2206,pdf_54,884b1d2d94fff12fa64928c8a22df877265f50fbc00dfcb61f5a4636dd1c14c8,data/raw/pdfs/54_เพชรบูรณ์.pdf,3,5,25.84252,92.5426,1088.8346066666663,105.84259999999999
pdf_49:p1:r33,rec_698ffefe1e1614a129ba1a657fbcd2a1c0b693cc844830f6cfeda3a66cf8a17f,2207,pdf_49,6ada8eb27a34993420ed8c6db69aa4ae13ff4283abdb43b9d76a05d6794f6a27,data/raw/pdfs/49_กำแพงเพชร.pdf,1,33,25.84252,501.44649,1088.8346429729727,514.74649
pdf_04:p4:r8,rec_b41ba81b7dcc88cb03445045799824cd57afa64531eb73e44673ffcc14ee03a8,2208,pdf_04,83861a2a02db33dda27703227bb90cd50ba1b9144123e42912f926c1d1043c39,data/raw/pdfs/04_ปทุมธานี.pdf,4,8,25.84252,132.44255999999996,1088.8346404878048,145.74255999999997
pdf_10:p2:r12,rec_36343fc22586da507cf0075e6f5ba080fd3e700bd8c7d35faa018b411e01b41b,2209,pdf_10,5e0a433bc2cc307479a32d344bf5b0b4f006af0a3d0ccc1493fb587c885896c1,data/raw/pdfs/10_สระบุรี.pdf,2,12,25.84252,185.64255999999995,1088.8346404878048,198.94255999999996
pdf_03:p5:r30,rec_a3fe89f7935fd20821ca9bb23633e12cdc44960df5ec6d532b73785e3726b2b2,2210,pdf_03,7dd9e7f51732791c63183067d85d18d20f856edf0c2dff89dbda84d866df2d62,data/raw/pdfs/03_นนทบุรี.pdf,5,30,25.84252,425.04259999999994,1088.8346391666664,438.34259999999995
pdf_03:p5:r11,rec_4229b753e7158af17dc945001ea153c4682b82e39f37dbdd68fca1936270e286,2211,pdf_03,7dd9e7f51732791c63183067d85d18d20f856edf0c2dff89dbda84d866df2d62,data/raw/pdfs/03_นนทบุรี.pdf,5,11,25.84252,172.3426,1088.8346391666664,185.6426
pdf_64:p2:r26,rec_0de0ab9fe3431c3a46a8a2f37051c93bb7f763e25cfdc96359bf228606c835e4,2212,pdf_64,a4e4abc03757d1e14ce1bfb2e426567faeea8fce3152123821e712496872240e,data/raw/pdfs/64_กระบี่.pdf,2,26,25.84252,371.84256,1088.8346404878048,385.14256
pdf_68:p1:r15,rec_fe8db62d70b754b35ada087de8304b7dccc24ecc294ed62d62488422a4e465c0,2213,pdf_68,3a242476c7c0c82cd6f78455b9ca30a8d8e875f3ae38090ae0fd5fb12805c593,data/raw/pdfs/68_ระนอง.pdf,1,15,25.84252,262.04648999999995,1088.8346429729727,275.34649
pdf_25:p1:r26,rec_843ac26c9c30aedf8ec55d92eba1bc09b19c0cbf7941829315b871ed53a68050,2214,pdf_25,0155bd151db06d789a16df2bc6422d9237698f7f38d57991cc1ab60bcb86601c,data/raw/pdfs/25_ชัยภูมิ.pdf,1,26,25.84252,408.34649,1088.8346429729727,421.64649
pdf_30:p1:r9,rec_c4d05634164027d4cfa37963996b1e6a664264e03ee10c967c347db56194c73e,2215,pdf_30,3dbc36c6e240d0c7cc9a595bfe9743d7b0579f6761191fb00c2a69959c985598,data/raw/pdfs/30_เลย.pdf,1,9,25.84252,182.24649999999997,1088.8346355555555,195.5465
pdf_03:p5:r21,rec_7d34d97fb6da8dc47d14085f2c23a30d548662c748dcd33970c2095f8b786a07,2216,pdf_03,7dd9e7f51732791c63183067d85d18d20f856edf0c2dff89dbda84d866df2d62,data/raw/pdfs/03_นนทบุรี.pdf,5,21,25.84252,305.34259999999995,1088.8346391666664,318.6426
pdf_10:p3:r7,rec_c970145a0de1539e815ffbeede7d2610f74862e17b37b082fc3870b2cbf2cbbc,2217,pdf_10,5e0a433bc2cc307479a32d344bf5b0b4f006af0a3d0ccc1493fb587c885896c1,data/raw/pdfs/10_สระบุรี.pdf,3,7,25.842519999999997,119.14260000000002,1088.8346314285711,132.44259999999997
pdf_38:p1:r32,rec_fb57909bed8eae310ba99e4b69a7e8fdcfc973c99ad46c03b3cd35640919e32b,2218,pdf_38,462a1c486a501887e4446ef7e812041c7d158ab4442235b85572d4a89fd7f492,data/raw/pdfs/38_เชียงใหม่.pdf,1,32,25.84252,488.14649,1088.8346429729727,501.44649
pdf_29:p2:r7,rec_59835ffd67a1f7d97f3afadd6705b32a5d39815b6845540f19468423732b712e,2219,pdf_29,a1a30635ac132e2e87cc5b8c3c2c6e737453ecabe176861ce1a21609a26f3a1a,data/raw/pdfs/29_อุดรธานี.pdf,2,7,25.84252,119.14260000000002,1088.8346365517239,132.44259999999997
pdf_76:p1:r24,rec_601ae04a96651f34b569e85e202a4acbcdc07b8cc53f74f7046c9180254da6a8,2220,pdf_76,474bb90a38c020bbc86d90180af2b062867ed6a1db6999d709acff810fd5d84d,data/raw/pdfs/76_นราธิวาส.pdf,1,24,25.84252,381.74649,1088.8346429729727,395.04649
pdf_30:p1:r13,rec_58a7ac65789bb015df134f1d17179692d9ec8827f6bbb19f86ad406cf5363851,2221,pdf_30,3dbc36c6e240d0c7cc9a595bfe9743d7b0579f6761191fb00c2a69959c985598,data/raw/pdfs/30_เลย.pdf,1,13,25.84252,235.44650000000001,1088.8346355555555,248.74650000000003
pdf_23:p3:r7,rec_6fbe2c6d1a1c84e39260d37ac5cc17c469fd0445037fa1003c2d2ec925c0e358,2222,pdf_23,771338278a591f8b5dfd252a64922234ef0d7071b6e6cd32beb2341668023e47,data/raw/pdfs/23_อุบลราชธานี.pdf,3,7,25.84252,119.14259999999994,1088.8346388571426,132.44259999999997
pdf_12:p1:r23,rec_b358110fdca036a1402237d8c652cd351f9a136be91c358ec31e6a5a2bb0e679,2223,pdf_12,a807bf56c3fc6df739b3c4e072038fd3824bd793ca3bbc711cf4169e5e81ff9c,data/raw/pdfs/12_ระยอง.pdf,1,23,25.84252,368.44649,1088.8346429729727,381.74649
pdf_10:p1:r35,rec_6595a4e7705bfc05ead9671005573ff030bc5d61314014ec00784403f8e1a39f,2224,pdf_10,5e0a433bc2cc307479a32d344bf5b0b4f006af0a3d0ccc1493fb587c885896c1,data/raw/pdfs/10_สระบุรี.pdf,1,35,25.84252,528.04649,1088.8346429729727,541.3464899999999
pdf_27:p1:r19,rec_a21d7a47d4337dd8a0ca531c3bc01a4e4963dd5bc8ab05db6840f1744c150306,2225,pdf_27,bf545cbe9d19aa5a22880cf18f4484776d7d3e1348605d1451dfe7147ed85334,data/raw/pdfs/27_หนองบัวลำภู.pdf,1,19,25.84252,315.24649,1088.8346429729727,328.54649
pdf_73:p2:r19,rec_ec51a079d487a1ecb0b05d164d2441670b5fc5dac8ab98a662e074c7e28e2f4f,2226,pdf_73,8a9a8b1fb9d81eb7f2d76afa1f886621ea38587fc4c60902bc317398649ff90e,data/raw/pdfs/73_พัทลุง.pdf,2,19,25.84252,278.74255999999997,1088.8346404878048,292.04256
pdf_27:p1:r15,rec_a2018f0a21e1b12355ecaeec09c2231f593c37aef341d6e1935619fd20bb9837,2227,pdf_27,bf545cbe9d19aa5a22880cf18f4484776d7d3e1348605d1451dfe7147ed85334,data/raw/pdfs/27_หนองบัวลำภู.pdf,1,15,25.84252,262.04648999999995,1088.8346429729727,275.34649
pdf_06:p1:r14,rec_0b29773ac3b65ec1be7d27b5f9fedf11cd216428246a7aecf8165b56077566ad,2228,pdf_06,03acf167c8c7dcc3b7e6ccbd9afcaa05e3b5157df416e00c1b7e146d91880d3c,data/raw/pdfs/06_อ่างทอง.pdf,1,14,25.84252,248.74649,1088.8346429729727,262.04648999999995
pdf_73:p1:r10,rec_bc8029801c97353632e73872644286e79ba1d72256c3da06f7f74c69ffc6344a,2229,pdf_73,8a9a8b1fb9d81eb7f2d76afa1f886621ea38587fc4c60902bc317398649ff90e,data/raw/pdfs/73_พัทลุง.pdf,1,10,25.84252,204.04648999999995,1088.8346429729727,217.34649
pdf_16:p2:r24,rec_878197d79c8dc327d3bdcae9ba727838332617f5168b35c81ae6ff6d3fa73013,2230,pdf_16,7b893a3f02630b40240d0242410f662e3fe91d8d5ea2449991bba89e89a89ea4,data/raw/pdfs/16_ปราจีนบุรี.pdf,2,24,25.84252,345.2426,1088.8346365517239,358.5426
pdf_76:p1:r8,rec_37664bcfd3bb070cc9ca4f404fec1b267cbda2a296c2c6e46f5f0044e87c7a62,2231,pdf_76,474bb90a38c020bbc86d90180af2b062867ed6a1db6999d709acff810fd5d84d,data/raw/pdfs/76_นราธิวาส.pdf,1,8,25.84252,168.94649000000004,1088.8346429729727,182.24649
pdf_74:p3:r9,rec_7fd724b7c3756f3bb48ae76a66c0fdf8dfd97901b707c41f892d42f941697474,2232,pdf_74,a740362f586a24f46fcc09fc1a1bc6391556e4c9bc432141903734f7833f39db,data/raw/pdfs/74_ปัตตานี.pdf,3,9,25.84252,145.7426,1088.834628333333,159.0426
pdf_66:p2:r16,rec_ee8c7677dd6c0d018c1c6078f262c46f96cd549d13f4a6daf2c9a6ca41b246d1,2233,pdf_66,012255400d37e8c732ded7ebc3c018108c8f4aa391112b3f6d6515d21e797ab6,data/raw/pdfs/66_ภูเก็ต.pdf,2,16,25.84252,238.84256,1088.8346404878048,252.14255999999995
pdf_69:p2:r23,rec_436939132f1e325df12da85ef8a51d83aab2ef77d5517c6545c08446767a9948,2234,pdf_69,769b283c00d83344280df884874571c2a99d89f78de64644b43bf9c6a108efa4,data/raw/pdfs/69_ชุมพร.pdf,2,23,25.84252,331.94255999999996,1088.8346404878048,345.24256
pdf_74:p1:r34,rec_6119229a41be0ae9fa0d1cfa6f95de87a8912adeafcae51420660b1947c3597c,2235,pdf_74,a740362f586a24f46fcc09fc1a1bc6391556e4c9bc432141903734f7833f39db,data/raw/pdfs/74_ปัตตานี.pdf,1,34,25.84252,514.74649,1088.8346429729727,528.04649
pdf_76:p1:r12,rec_86cbcb068b363bb3d61c9afb83addd0074afc572611e6af021eba44d0c1b83bb,2236,pdf_76,474bb90a38c020bbc86d90180af2b062867ed6a1db6999d709acff810fd5d84d,data/raw/pdfs/76_นราธิวาส.pdf,1,12,25.84252,222.14649,1088.8346429729727,235.44649000000004
pdf_68:p1:r5,rec_1db9c1f9fee9a560fd97c12149e1ac4270f0c38a3705f01f9f6d65750e68aec9,2237,pdf_68,3a242476c7c0c82cd6f78455b9ca30a8d8e875f3ae38090ae0fd5fb12805c593,data/raw/pdfs/68_ระนอง.pdf,1,5,25.84252,129.04648999999995,1088.8346429729727,142.34649000000002
pdf_75:p1:r26,rec_c75818a768a8ebe624c1ae9d6d6bcfffc78b4b46e217eb3e79d7d86831cdffd0,2238,pdf_75,ffef7f4f9a7953e62785b17dc6cfa1d3fa15bda9cb7369abaaa41e24f24f5ae4,data/raw/pdfs/75_ยะลา.pdf,1,26,25.84252,408.34649,1088.834642352941,421.64649
pdf_74:p2:r1,rec_abc916b2977164a56a18dab0185db6d70547105e8dcdca68b9bdbf5cdc88cb3c,2239,pdf_74,a740362f586a24f46fcc09fc1a1bc6391556e4c9bc432141903734f7833f39db,data/raw/pdfs/74_ปัตตานี.pdf,2,1,25.84252,39.34256000000005,1088.8346404878048,52.64256
pdf_68:p3:r19,rec_c6bd9bd8add1246c5d4f92fa508304e73c5d8921421ad7962a62e256b05467ce,2240,pdf_68,3a242476c7c0c82cd6f78455b9ca30a8d8e875f3ae38090ae0fd5fb12805c593,data/raw/pdfs/68_ระนอง.pdf,3,19,25.842519999999997,278.74260000000004,1088.8346337499997,292.0426
pdf_35:p1:r5,rec_226e20031967e27df50736d3e3b899396af110fe43aa505cb0e68136e1fa4281,2241,pdf_35,34e8cb69b8d0f03a2caba0ffc0eb6d4b5233159b13350c073968de56ab12b69f,data/raw/pdfs/35_สกลนคร.pdf,1,5,25.84252,129.04648999999995,1088.8346429729727,142.34649000000002
pdf_75:p1:r25,rec_1f1acafd135fbcf0b739101c356d5562414a312587b3fa0eb26cc673cebcac5d,2242,pdf_75,ffef7f4f9a7953e62785b17dc6cfa1d3fa15bda9cb7369abaaa41e24f24f5ae4,data/raw/pdfs/75_ยะลา.pdf,1,25,25.84252,395.04648999999995,1088.834642352941,408.34649
pdf_73:p2:r5,rec_4312553be33d4342669dbe719c4db98a40fbd990138859e3813a945285efada0,2243,pdf_73,8a9a8b1fb9d81eb7f2d76afa1f886621ea38587fc4c60902bc317398649ff90e,data/raw/pdfs/73_พัทลุง.pdf,2,5,25.84252,92.54255999999998,1088.8346404878048,105.84256
pdf_72:p2:r19,rec_8cbae46cb535311918ca4cc4b221e7193eb84086f12fe6deaa360cf796f86440,2244,pdf_72,04f947c56ddf01a73b376cdbb3099e393f9141fff3fec2504b9e031114606073,data/raw/pdfs/72_ตรัง.pdf,2,19,25.84252,278.74256,1088.8346402499997,292.04256
pdf_66:p1:r16,rec_220d92957f1cec75e4a78decb4168dabe702c68a228f777ffe49f9fce55feedc,2245,pdf_66,012255400d37e8c732ded7ebc3c018108c8f4aa391112b3f6d6515d21e797ab6,data/raw/pdfs/66_ภูเก็ต.pdf,1,16,25.84252,275.34649,1088.8346429729727,288.64649
pdf_68:p3:r4,rec_f757188efbe98388407efadcb0d33973af485eaa5c00e604cbfedda00d6f1114,2246,pdf_68,3a242476c7c0c82cd6f78455b9ca30a8d8e875f3ae38090ae0fd5fb12805c593,data/raw/pdfs/68_ระนอง.pdf,3,4,25.842519999999997,79.24260000000004,1088.8346337499997,92.5426
pdf_74:p1:r33,rec_4ca163eaf72f7b6a725340c2a928fe6172e6dcdc6141f5502301648e3442b357,2247,pdf_74,a740362f586a24f46fcc09fc1a1bc6391556e4c9bc432141903734f7833f39db,data/raw/pdfs/74_ปัตตานี.pdf,1,33,25.84252,501.44649,1088.8346429729727,514.74649
pdf_74:p1:r2,rec_96047c447355f6ac1f99d7318fc8b781f87ba2efa1f1939b5408641ceebd2e5f,2248,pdf_74,a740362f586a24f46fcc09fc1a1bc6391556e4c9bc432141903734f7833f39db,data/raw/pdfs/74_ปัตตานี.pdf,1,2,25.84252,89.14648999999997,1088.8346429729727,102.44649000000004
pdf_05:p3:r24,rec_a435c8e169096c557e58973b15983a04b27a187f8c1702a46f7e7949d4938280,2249,pdf_05,ae1ba5ac5ef768c29045f4282a9047c71474a8d654003bfa51574874b3f415fc,data/raw/pdfs/05_พระนครศรีอยุธยา.pdf,3,24,25.84252,345.2426,1088.8346388571426,358.5426
pdf_11:p1:r8,rec_9de67809c28da0292b5dcb41177baa708c37df4a02db1f1db0907fe2d828d345,2250,pdf_11,3638acfefe295becff8609b6ee16edeea0914e518d215754813661f1c0a3f79b,data/raw/pdfs/11_ชลบุรี.pdf,1,8,25.84252,168.94649000000004,1088.8346429729727,182.24649
pdf_19:p2:r31,rec_29f79dc3bd93c9f2c7c259dfe33b9bdf761d7ca836cd3d6b72aad2190bb291a5,2251,pdf_19,2fbc685c790d957bd597a9ae4cbc69a07dacbb20cab611015cf1ce2eecd5982c,data/raw/pdfs/19_นครราชสีมา.pdf,2,31,25.84252,438.34255999999993,1088.8346404878048,451.64256000000006
pdf_48:p1:r12,rec_fb04ffa3a764d3601b43b1ea66370263bd746da7f1c6149aa42d5c620a50a96a,2252,pdf_48,4ace8fb0ec02d2b1aa95432a9b9e883581d60aba88879e64923cce23b14c3f06,data/raw/pdfs/48_อุทัยธานี.pdf,1,12,25.842519999999997,222.14649999999992,1088.8346376190475,235.44650000000001
pdf_15:p1:r9,rec_144753b56b2eeeb2fc83a42f759defd82e2aa4e266d41c2468be9de077e12570,2253,pdf_15,bf99cdf12418fcdc90b3c1c739fd4e7e09ca40818852ca43bcd1c3284b3cf084,data/raw/pdfs/15_ฉะเชิงเทรา.pdf,1,9,25.84252,182.24649,1088.8346429729727,195.54648999999995
pdf_51:p1:r21,rec_30e63fe3dd4d1f40300da8c4e0c191594068db3e14c91386dd7b5064cb05fe52,2254,pdf_51,380327daf06efde704e25ac9a209c4688b14087a4bcd57b35db44471d39e5199,data/raw/pdfs/51_สุโขทัย.pdf,1,21,25.84252,350.34649,1088.834642352941,363.64649
pdf_74:p2:r26,rec_efecf902001aefe0990e2d72c0f600eb64b0b501d6de74ffa18ef778dc4dc9d5,2255,pdf_74,a740362f586a24f46fcc09fc1a1bc6391556e4c9bc432141903734f7833f39db,data/raw/pdfs/74_ปัตตานี.pdf,2,26,25.84252,371.84256,1088.8346404878048,385.14256
pdf_66:p1:r23,rec_9869cab23db428af1a76bf43e0a1ec3f32200aad6e69f84a6bdc6b28f3f7c05e,2256,pdf_66,012255400d37e8c732ded7ebc3c018108c8f4aa391112b3f6d6515d21e797ab6,data/raw/pdfs/66_ภูเก็ต.pdf,1,23,25.84252,368.44649,1088.8346429729727,381.74649
pdf_66:p3:r20,rec_259d1ca548a6e29a79750781d86a4ec1922bbfa47c4e314e63c255657f92117a,2257,pdf_66,012255400d37e8c732ded7ebc3c018108c8f4aa391112b3f6d6515d21e797ab6,data/raw/pdfs/66_ภูเก็ต.pdf,3,20,25.84252,292.04256,1088.8346397368418,305.34256
pdf_03:p2:r18,rec_2cd15a56556e0ddaf7925089638660336b4a03103487de2be620054a62868aaf,2258,pdf_03,7dd9e7f51732791c63183067d85d18d20f856edf0c2dff89dbda84d866df2d62,data/raw/pdfs/03_นนทบุรี.pdf,2,18,25.84252,265.44255999999996,1088.8346404878048,278.74255999999997
pdf_62:p1:r13,rec_156f1eaecf0cb2c0c029fb4d649b85fc18811e087a3cdc39c4fbc9b3239a9bfc,2259,pdf_62,16170e28f4926ce3d0cb9566cb26ec752a3cb84a42d0ceb55d00107b3d3f1443,data/raw/pdfs/62_ประจวบคีรีขันธ์.pdf,1,13,25.84252,235.44650000000001,1088.834638181818,248.74649999999997
pdf_57:p2:r13,rec_27dbfda5375f49d7dc5572fda30a4c8da610e0fa7d5a10d1747dbd35206b9e7e,2260,pdf_57,9b6f57faac860a1339f68519b1b756d3ef34cc2ccd4962f5e15b78600e7c9112,data/raw/pdfs/57_สุพรรณบุรี.pdf,2,13,25.84252,198.94255999999996,1088.8346404878048,212.24255999999997
pdf_03:p4:r4,rec_01093f28699f168f211751d724868b496f4d4f4ae95c4752f5e2772db5ffe437,2261,pdf_03,7dd9e7f51732791c63183067d85d18d20f856edf0c2dff89dbda84d866df2d62,data/raw/pdfs/03_นนทบุรี.pdf,4,4,25.84252,79.24255999999997,1088.8346404878048,92.54255999999998
pdf_23:p3:r18,rec_5ef4608d31274e73b25baf53b7fc528ed420fd25cfafacdb5af79ad4ceb00a99,2262,pdf_23,771338278a591f8b5dfd252a64922234ef0d7071b6e6cd32beb2341668023e47,data/raw/pdfs/23_อุบลราชธานี.pdf,3,18,25.84252,265.44259999999997,1088.8346388571426,278.7426
pdf_57:p2:r6,rec_1c1533059599c6ddc0bef9941ee3ced9e046a71d1469e63057616e00eb027e44,2263,pdf_57,9b6f57faac860a1339f68519b1b756d3ef34cc2ccd4962f5e15b78600e7c9112,data/raw/pdfs/57_สุพรรณบุรี.pdf,2,6,25.84252,105.84256,1088.8346404878048,119.14255999999996
pdf_20:p1:r10,rec_795841d05237bc192c0108a682db91cd0431c6f1a24ea240b1714ef3aab37af0,2264,pdf_20,ae2a7c5842b204a3f43b72f11f0cc869b9b435d34c9fd7a66feb13673b14c006,data/raw/pdfs/20_บุรีรัมย์.pdf,1,10,25.84252,195.54649999999998,1088.8346326666665,208.84650000000002
pdf_52:p1:r18,rec_2d82c87cbb3cb1dd18ebd7c6455e397ec76af38cd4ad99bd42397c9137db6da8,2265,pdf_52,9cb0d6cf6dff8fc890e8435c67310ba7051a6c49c0a0cbb9b817f49c8ece0551,data/raw/pdfs/52_พิษณุโลก.pdf,1,18,25.84252,301.94649,1088.8346429729727,315.24649
pdf_64:p1:r23,rec_139eb9ee0e3db15000271e4740b57a0550eef006f027a7ce95c3b06b6f3aeeb0,2266,pdf_64,a4e4abc03757d1e14ce1bfb2e426567faeea8fce3152123821e712496872240e,data/raw/pdfs/64_กระบี่.pdf,1,23,25.84252,368.44649,1088.8346429729727,381.74649
pdf_58:p3:r3,rec_76f9dcece7c23306205f70ea50dcf50bc4b80b81c567c6473d7a3b1d4af8e7c2,2267,pdf_58,8ff0dc3c9fe92f1cc2721c37fe35cfcc653ad17ca531672dc94686e7776d35a5,data/raw/pdfs/58_นครปฐม.pdf,3,3,25.84252,65.94259999999997,1088.8346304999998,79.24259999999998
pdf_63:p1:r35,rec_acc8108ee0697d9b4050315076031eb76a392b2e9f70016ae1c8ae9b766e57fb,2268,pdf_63,b04433cfbe561d1199180db3f5210359427f668e1f7b072f31972e2749ce63ae,data/raw/pdfs/63_นครศรีธรรมราช.pdf,1,35,25.84252,528.04649,1088.8346429729727,541.3464899999999
pdf_10:p2:r31,rec_4736ec7801076cff367a819a963e6ae06adcbe3073d9151b71bdbaf1a7f25aaf,2269,pdf_10,5e0a433bc2cc307479a32d344bf5b0b4f006af0a3d0ccc1493fb587c885896c1,data/raw/pdfs/10_สระบุรี.pdf,2,31,25.84252,438.34255999999993,1088.8346404878048,451.64256000000006
pdf_72:p1:r22,rec_f691f833c8957689a5c6006ad00cec3b59cf8cd5537e38325769eb72328d0a76,2270,pdf_72,04f947c56ddf01a73b376cdbb3099e393f9141fff3fec2504b9e031114606073,data/raw/pdfs/72_ตรัง.pdf,1,22,25.84252,355.14649,1088.8346429729727,368.44649
pdf_25:p1:r5,rec_7c2c25b29f1dce06f8055fbee088b2299e307f73fe4f3336db3fe9989c323479,2271,pdf_25,0155bd151db06d789a16df2bc6422d9237698f7f38d57991cc1ab60bcb86601c,data/raw/pdfs/25_ชัยภูมิ.pdf,1,5,25.84252,129.04648999999995,1088.8346429729727,142.34649000000002
pdf_16:p2:r10,rec_cfb4594e6275031575ee8f8a7327cb7d8690c2290574f5f5edd57e5c07c98611,2272,pdf_16,7b893a3f02630b40240d0242410f662e3fe91d8d5ea2449991bba89e89a89ea4,data/raw/pdfs/16_ปราจีนบุรี.pdf,2,10,25.84252,159.0426,1088.8346365517239,172.34259999999998
pdf_05:p3:r31,rec_a9fc3c4794eba97e9b416763027dc27fccb4c02789aa88ed1a1e821a981cfa70,2273,pdf_05,ae1ba5ac5ef768c29045f4282a9047c71474a8d654003bfa51574874b3f415fc,data/raw/pdfs/05_พระนครศรีอยุธยา.pdf,3,31,25.84252,438.34259999999995,1088.8346388571426,451.64259999999996
pdf_02:p3:r21,rec_20d85dc5ea458cb767cc3185029d1b6b1901ec050f6d0761c805f477e3953016,2274,pdf_02,368a15805d33fb210ed50297795f7f50bf822054e05b59bf71bfa25bee0f3a3c,data/raw/pdfs/02_สมุทรปราการ.pdf,3,21,25.84252,305.3426,1088.8346343999997,318.6426
pdf_57:p3:r5,rec_d31eb1e362f20b45f6ccf8d0659af6ecfd689ffffe7f55c1936b384c6be7ae7e,2275,pdf_57,9b6f57faac860a1339f68519b1b756d3ef34cc2ccd4962f5e15b78600e7c9112,data/raw/pdfs/57_สุพรรณบุรี.pdf,3,5,25.84252,92.54255999999998,1088.8346404878048,105.84256
pdf_07:p2:r32,rec_006e05c330adc4dbc5f975e4c97d0f4a72eba398e129e8bdd232c620f5abd667,2276,pdf_07,f00681093e03a60a87dbc3834edae199fd055d6366406e456741ffd059ff3b05,data/raw/pdfs/07_ลพบุรี.pdf,2,32,25.84252,451.64256000000006,1088.8346404878048,464.94255999999996
pdf_68:p3:r5,rec_183aa8f12559be380112b6c59eb506df734a6568ce3d741825d6dee01945a845,2277,pdf_68,3a242476c7c0c82cd6f78455b9ca30a8d8e875f3ae38090ae0fd5fb12805c593,data/raw/pdfs/68_ระนอง.pdf,3,5,25.842519999999997,92.5426,1088.8346337499997,105.84260000000003
pdf_57:p2:r33,rec_c9be07962122ec1b869aeb368e98bbda7252ba0f53032235df5113f4f8f8d0e6,2278,pdf_57,9b6f57faac860a1339f68519b1b756d3ef34cc2ccd4962f5e15b78600e7c9112,data/raw/pdfs/57_สุพรรณบุรี.pdf,2,33,25.84252,464.94255999999996,1088.8346404878048,478.24256
pdf_73:p3:r15,rec_f03d0ac5650774d2e1ea62966188b75157c0f790f938e4385eb83d40952f7ba7,2279,pdf_73,8a9a8b1fb9d81eb7f2d76afa1f886621ea38587fc4c60902bc317398649ff90e,data/raw/pdfs/73_พัทลุง.pdf,3,15,25.842519999999997,225.5426,1088.8346314285711,238.8426
pdf_10:p1:r3,rec_a3e408a54f2ced3e609a95eb24c2bda0f67bb039baa2c6d72fb1a828f19bbd3c,2280,pdf_10,5e0a433bc2cc307479a32d344bf5b0b4f006af0a3d0ccc1493fb587c885896c1,data/raw/pdfs/10_สระบุรี.pdf,1,3,25.84252,102.44649000000004,1088.8346429729727,115.74649
pdf_59:p1:r11,rec_4d87c4c01821bee9fc79107e896fde3632a3c3603a1f3d3bfd6552fbff864ac3,2281,pdf_59,0c5827ab1fffa2ec0689a95405ee8640473ea428f18b199f44d2f71d4f366ad8,data/raw/pdfs/59_สมุทรสาคร.pdf,1,11,25.84252,208.84649,1088.8346429729727,222.14649
pdf_16:p1:r19,rec_6a227d6a76064033033e803dc27fa4793b8750a699e26f875cabd04e149eb475,2282,pdf_16,7b893a3f02630b40240d0242410f662e3fe91d8d5ea2449991bba89e89a89ea4,data/raw/pdfs/16_ปราจีนบุรี.pdf,1,19,25.84252,315.24649,1088.8346429729727,328.54649
pdf_02:p1:r18,rec_66bf43e2a0ef51fbc607936b99990b67b8b7db4fa8b1d0ff762c980823801684,2283,pdf_02,368a15805d33fb210ed50297795f7f50bf822054e05b59bf71bfa25bee0f3a3c,data/raw/pdfs/02_สมุทรปราการ.pdf,1,18,25.84252,301.94649,1088.8346429729727,315.24649
pdf_58:p1:r26,rec_f2b6503a817b87a3d2461bf3a05dffd9da696fa40d2bffde9a6148a280a201a7,2284,pdf_58,8ff0dc3c9fe92f1cc2721c37fe35cfcc653ad17ca531672dc94686e7776d35a5,data/raw/pdfs/58_นครปฐม.pdf,1,26,25.84252,408.34649,1088.8346429729727,421.64649
pdf_66:p3:r6,rec_554e29f59bf6a9e5e30e3cf7cdfe69a2148f7cd1690ebc6ed713dd8373114987,2285,pdf_66,012255400d37e8c732ded7ebc3c018108c8f4aa391112b3f6d6515d21e797ab6,data/raw/pdfs/66_ภูเก็ต.pdf,3,6,25.84252,105.84256,1088.8346397368418,119.14256
pdf_13:p1:r4,rec_6221ec3a6764581017f7dddc2a5e187e15b074211df67cf277c2a23228dac426,2286,pdf_13,b20ef2b0fb7767955210435e1f38c72a82bb812eb8d831b1ac9a4d227b8a8454,data/raw/pdfs/13_จันทบุรี.pdf,1,4,25.84252,115.74649999999997,1088.8346326666665,129.04649999999998
pdf_18:p1:r11,rec_8a35f8a80447ef4af3f869dd637ed1954a9ba89637023512fddcfc2ffc3e216e,2287,pdf_18,be2f47080dc7e95c466a639def50661998348f89a3d3495b6324e03e6ac06a59,data/raw/pdfs/18_สระแก้ว.pdf,1,11,25.84252,208.84648999999996,1088.834642121212,222.14649
pdf_67:p4:r2,rec_0ded8e27a6eb8a127d1ebef6220a5d165c582fbc5f77f88a833a209a18e4d28a,2288,pdf_67,b66fc9f9229750b7a04c0e5c07c072d77eb0800ed604da819fb28b6c4a75a636,data/raw/pdfs/67_สุราษฎร์ธานี.pdf,4,2,25.84252,52.64256,1088.8346404878048,65.94255999999996
pdf_73:p1:r1,rec_5c12a651381ffb6d517b81aa28d94e194631e6fabf4a14c0032559e14378ab9e,2289,pdf_73,8a9a8b1fb9d81eb7f2d76afa1f886621ea38587fc4c60902bc317398649ff90e,data/raw/pdfs/73_พัทลุง.pdf,1,1,25.84252,84.34649000000002,1088.8346429729727,97.64648999999997
pdf_69:p1:r4,rec_cb20ce803f24f67fa8d2c9a26d191c6bf815d9afbf2c4635beab248d3dfd2258,2290,pdf_69,769b283c00d83344280df884874571c2a99d89f78de64644b43bf9c6a108efa4,data/raw/pdfs/69_ชุมพร.pdf,1,4,25.84252,115.74649,1088.8346429729727,129.04648999999995
pdf_60:p1:r15,rec_e6ed32b9a7b9dfdd337fb406817c48bdb6c510979075d709fc2c7577eca5386f,2291,pdf_60,83005eabe1d9070b5592477278ea610755bdcb54fea6e719fee81b3b098eaa28,data/raw/pdfs/60_สมุทรสงคราม.pdf,1,15,25.842520000000004,262.04650000000004,1088.8346403703702,275.3465
pdf_59:p2:r13,rec_f24a5bea5cca31e4067ff2177b0e13a05bc352fa3503500a6b8534db39e48079,2292,pdf_59,0c5827ab1fffa2ec0689a95405ee8640473ea428f18b199f44d2f71d4f366ad8,data/raw/pdfs/59_สมุทรสาคร.pdf,2,13,25.84252,198.94255999999996,1088.8346404878048,212.24255999999997
pdf_53:p2:r10,rec_6214ab237de80d1f01e96bef8eea5cde01dcc9e8a27e33c957a4b03d2c1d66a3,2293,pdf_53,41aaaf3a91961ab9b2dee694f50d9a086d1ad80beffe1b54e81370016a11cb14,data/raw/pdfs/53_พิจิตร.pdf,2,10,25.84252,159.0426,1088.834638181818,172.34259999999995
pdf_58:p2:r14,rec_85ad7a7a16d86b692e13e54a3598b04ee7c67c6806a3317babf22022a97bdd24,2294,pdf_58,8ff0dc3c9fe92f1cc2721c37fe35cfcc653ad17ca531672dc94686e7776d35a5,data/raw/pdfs/58_นครปฐม.pdf,2,14,25.84252,212.24255999999997,1088.8346404878048,225.54255999999995
pdf_69:p1:r9,rec_f27fc43c889b125e7eb36e8bbc0896ac33a454203f62ee818a120b13a847f075,2295,pdf_69,769b283c00d83344280df884874571c2a99d89f78de64644b43bf9c6a108efa4,data/raw/pdfs/69_ชุมพร.pdf,1,9,25.84252,182.24649,1088.8346429729727,195.54648999999995
pdf_66:p1:r9,rec_e62267bb2a9fc83621d5419cbc82e910aa1c2cd8a08a6dd64bde72ea1729c99e,2296,pdf_66,012255400d37e8c732ded7ebc3c018108c8f4aa391112b3f6d6515d21e797ab6,data/raw/pdfs/66_ภูเก็ต.pdf,1,9,25.84252,182.24649,1088.8346429729727,195.54648999999995
pdf_19:p2:r8,rec_75fae505f774e2bb865e7a7a66ded41be178877dc12c39524b2d48c236105991,2297,pdf_19,2fbc685c790d957bd597a9ae4cbc69a07dacbb20cab611015cf1ce2eecd5982c,data/raw/pdfs/19_นครราชสีมา.pdf,2,8,25.84252,132.44255999999996,1088.8346404878048,145.74255999999997
pdf_57:p1:r4,rec_f0424aa0124a1a59032fc6b8244a491d2262b92c960d03c44fb4811851bdf355,2298,pdf_57,9b6f57faac860a1339f68519b1b756d3ef34cc2ccd4962f5e15b78600e7c9112,data/raw/pdfs/57_สุพรรณบุรี.pdf,1,4,25.84252,115.74649,1088.8346429729727,129.04648999999995
pdf_66:p2:r17,rec_62226c3234fe28982296349e0f62d7d8c97a73a42fefdc1eada8f5dacd396732,2299,pdf_66,012255400d37e8c732ded7ebc3c018108c8f4aa391112b3f6d6515d21e797ab6,data/raw/pdfs/66_ภูเก็ต.pdf,2,17,25.84252,252.14255999999995,1088.8346404878048,265.44255999999996
pdf_15:p1:r5,rec_c3df41420da356cf25dfeac5e56eb5e56197e0e078683e644dd7dd59cf43bfc1,2300,pdf_15,bf99cdf12418fcdc90b3c1c739fd4e7e09ca40818852ca43bcd1c3284b3cf084,data/raw/pdfs/15_ฉะเชิงเทรา.pdf,1,5,25.84252,129.04648999999995,1088.8346429729727,142.34649000000002
pdf_41:p1:r16,rec_e42bb5fb9d513dc53f60a19f25103934a5b718486c23bdc23aef10486e754469,2301,pdf_41,30547a39de949400c4d126175dcaea5210ed959ebf29c2b6135b85e45a4643e4,data/raw/pdfs/41_อุตรดิตถ์.pdf,1,16,25.84252,275.3465,1088.834636315789,288.6465
pdf_15:p1:r19,rec_e72b09c68b9c3d688d7b5312a8cefb0f50b24ec60ea4e7deb76f561055338f5c,2302,pdf_15,bf99cdf12418fcdc90b3c1c739fd4e7e09ca40818852ca43bcd1c3284b3cf084,data/raw/pdfs/15_ฉะเชิงเทรา.pdf,1,19,25.84252,315.24649,1088.8346429729727,328.54649
pdf_60:p1:r20,rec_66e13b34327503810585e784d8254050f0cb81feb4735bf728ead1b87c79e31a,2303,pdf_60,83005eabe1d9070b5592477278ea610755bdcb54fea6e719fee81b3b098eaa28,data/raw/pdfs/60_สมุทรสงคราม.pdf,1,20,25.842520000000004,328.5465,1088.8346403703702,341.8465
pdf_03:p1:r3,rec_fd0ca8c868ab6c8168712fcc2ec28a70e5e3042dea0907b3adb6871b6d657a84,2304,pdf_03,7dd9e7f51732791c63183067d85d18d20f856edf0c2dff89dbda84d866df2d62,data/raw/pdfs/03_นนทบุรี.pdf,1,3,25.84252,102.44649000000004,1088.8346429729727,115.74649
pdf_15:p2:r6,rec_c9926a1121f2ae5bbebf93de3e4f9e4ecfe48db6c834a79c531f7531e7bcbe77,2305,pdf_15,bf99cdf12418fcdc90b3c1c739fd4e7e09ca40818852ca43bcd1c3284b3cf084,data/raw/pdfs/15_ฉะเชิงเทรา.pdf,2,6,25.84252,105.84256,1088.8346404878048,119.14255999999996
pdf_07:p1:r25,rec_39fef4c045c7ae61c0160f7272e343a1b693c1083e80d3b372a122a3d44f9678,2306,pdf_07,f00681093e03a60a87dbc3834edae199fd055d6366406e456741ffd059ff3b05,data/raw/pdfs/07_ลพบุรี.pdf,1,25,25.84252,395.04649,1088.8346429729727,408.34649
pdf_72:p2:r34,rec_1027b547084f181d6ea5c6ac9aca2c80021729412038c3a89e9572b5dd1490cb,2307,pdf_72,04f947c56ddf01a73b376cdbb3099e393f9141fff3fec2504b9e031114606073,data/raw/pdfs/72_ตรัง.pdf,2,34,25.84252,478.24255999999997,1088.8346402499997,491.54256
pdf_67:p2:r35,rec_5a38748f3e4ed4abba8d40b4c3a0e47a9441262e12bc9a8f3e077f2135244085,2308,pdf_67,b66fc9f9229750b7a04c0e5c07c072d77eb0800ed604da819fb28b6c4a75a636,data/raw/pdfs/67_สุราษฎร์ธานี.pdf,2,35,25.84252,491.54256,1088.8346404878048,504.84255999999993
pdf_38:p1:r2,rec_e237c0edbc3912111764389f01f750b210ad571702205b98f9bfede7341ba4a6,2309,pdf_38,462a1c486a501887e4446ef7e812041c7d158ab4442235b85572d4a89fd7f492,data/raw/pdfs/38_เชียงใหม่.pdf,1,2,25.84252,89.14648999999997,1088.8346429729727,102.44649000000004
pdf_11:p1:r34,rec_e798a0458a7b931d578e8dd71c62bf684ebc68b8c0bfe6976351ce45f157c898,2310,pdf_11,3638acfefe295becff8609b6ee16edeea0914e518d215754813661f1c0a3f79b,data/raw/pdfs/11_ชลบุรี.pdf,1,34,25.84252,514.74649,1088.8346429729727,528.04649
pdf_20:p1:r3,rec_7512c2ca36bb4d71e2fed1cc8ac3d9f29e1b9ec6dc2413cad84cc87c9b930cdd,2311,pdf_20,ae2a7c5842b204a3f43b72f11f0cc869b9b435d34c9fd7a66feb13673b14c006,data/raw/pdfs/20_บุรีรัมย์.pdf,1,3,25.84252,102.44649999999997,1088.8346326666665,115.74649999999997
pdf_02:p1:r19,rec_0083921892960b39205432777e65e0d57929600d1082ca753c87736c72f1282f,2312,pdf_02,368a15805d33fb210ed50297795f7f50bf822054e05b59bf71bfa25bee0f3a3c,data/raw/pdfs/02_สมุทรปราการ.pdf,1,19,25.84252,315.24649,1088.8346429729727,328.54649
pdf_02:p2:r17,rec_68338e55643242ebd6c4fbae24d83cf825e263cf903a4daa1f55c859669bbc20,2313,pdf_02,368a15805d33fb210ed50297795f7f50bf822054e05b59bf71bfa25bee0f3a3c,data/raw/pdfs/02_สมุทรปราการ.pdf,2,17,25.84252,252.14255999999995,1088.8346404878048,265.44255999999996
pdf_05:p2:r28,rec_56ecd11df385314d2d1fff6e2e7a843704918254148c51b88f43bae51be9d983,2314,pdf_05,ae1ba5ac5ef768c29045f4282a9047c71474a8d654003bfa51574874b3f415fc,data/raw/pdfs/05_พระนครศรีอยุธยา.pdf,2,28,25.84252,398.44255999999996,1088.8346404878048,411.74256
pdf_32:p1:r6,rec_6a976dfe150701a456b08b94955e59ef22f796c23c92abdf43597d0047f40cf7,2315,pdf_32,b00581f42f40b25ff4c6be7ad8e530fc1306844ad3bb673079384b891a4190e5,data/raw/pdfs/32_มหาสารคาม.pdf,1,6,25.84252,142.3465,1088.8346399999998,155.64649999999997
pdf_10:p2:r8,rec_cb6e1f2c2238854f4abd5d2feb3f2339de9cebf11719c0ef78bafa35eaaf4cf6,2316,pdf_10,5e0a433bc2cc307479a32d344bf5b0b4f006af0a3d0ccc1493fb587c885896c1,data/raw/pdfs/10_สระบุรี.pdf,2,8,25.84252,132.44255999999996,1088.8346404878048,145.74255999999997
pdf_57:p2:r27,rec_1000df5f7e190efd1971340d628c934aef4a0e9703e75836bfb3f1943061ea5b,2317,pdf_57,9b6f57faac860a1339f68519b1b756d3ef34cc2ccd4962f5e15b78600e7c9112,data/raw/pdfs/57_สุพรรณบุรี.pdf,2,27,25.84252,385.14256,1088.8346404878048,398.44255999999996
pdf_62:p1:r7,rec_400f307668e2714b949d3bd231bc61abd3e46c80b40dd6dcb8b4c48cbb62c518,2318,pdf_62,16170e28f4926ce3d0cb9566cb26ec752a3cb84a42d0ceb55d00107b3d3f1443,data/raw/pdfs/62_ประจวบคีรีขันธ์.pdf,1,7,25.84252,155.6465,1088.834638181818,168.94650000000001
pdf_55:p2:r4,rec_ae8381d0b4838bfe1a353d185b4b74bb9baf396f567ffdba3dae6ee23ef1c3f2,2319,pdf_55,fe2373eb0d81516b45b09f5bb593a35bc32f505875cafd93f214ca6bc310c4d4,data/raw/pdfs/55_ราชบุรี.pdf,2,4,25.84252,79.24260000000004,1088.834622142857,92.5426
pdf_07:p1:r1,rec_cd6e5fc21586f9ca7c5d4f4b21a9a5f858962507ada40f9814c6a0421655a4eb,2320,pdf_07,f00681093e03a60a87dbc3834edae199fd055d6366406e456741ffd059ff3b05,data/raw/pdfs/07_ลพบุรี.pdf,1,1,25.84252,75.84649000000002,1088.8346429729727,89.14648999999997
pdf_38:p2:r5,rec_b19af8d2d6a3de21ddc709b86fa713733e7aa952523149ae8f164c45aeaa5315,2321,pdf_38,462a1c486a501887e4446ef7e812041c7d158ab4442235b85572d4a89fd7f492,data/raw/pdfs/38_เชียงใหม่.pdf,2,5,25.84252,92.5426,1088.8346109999998,105.84259999999995
pdf_67:p6:r34,rec_91d388b4e4e606aee55ade27e8d480ca5ff93f447fd0aee51e8ced184f452559,2322,pdf_67,b66fc9f9229750b7a04c0e5c07c072d77eb0800ed604da819fb28b6c4a75a636,data/raw/pdfs/67_สุราษฎร์ธานี.pdf,6,34,25.84252,478.24256,1088.8346404878048,491.54256
pdf_11:p2:r22,rec_226af80eb5fe63d8865dcd6b1bf189d805cbffcc152681951869928945ee2360,2323,pdf_11,3638acfefe295becff8609b6ee16edeea0914e518d215754813661f1c0a3f79b,data/raw/pdfs/11_ชลบุรี.pdf,2,22,25.84252,318.64256,1088.8346404878048,331.94255999999996
pdf_54:p2:r3,rec_13320ad96830b49226484910a1e18f345739fa120f50eff1cc7f4384334765b5,2324,pdf_54,884b1d2d94fff12fa64928c8a22df877265f50fbc00dfcb61f5a4636dd1c14c8,data/raw/pdfs/54_เพชรบูรณ์.pdf,2,3,25.84252,65.94255999999996,1088.8346404878048,79.24255999999997
pdf_23:p3:r27,rec_dd9c7a4bd797adbaefe5893ef07583ffc32d4cedc990f7a34a638990320cc65c,2325,pdf_23,771338278a591f8b5dfd252a64922234ef0d7071b6e6cd32beb2341668023e47,data/raw/pdfs/23_อุบลราชธานี.pdf,3,27,25.84252,385.1426,1088.8346388571426,398.44259999999997
pdf_54:p2:r13,rec_903554117cf3217172f96537e381fa4516d2008737f8660c16a723e785c138bc,2326,pdf_54,884b1d2d94fff12fa64928c8a22df877265f50fbc00dfcb61f5a4636dd1c14c8,data/raw/pdfs/54_เพชรบูรณ์.pdf,2,13,25.84252,198.94255999999996,1088.8346404878048,212.24255999999997
pdf_64:p2:r37,rec_c2cea967d92902b15a3da7d6804a47a388ac5dac2d9eb6d1cccc167fe808f785,2327,pdf_64,a4e4abc03757d1e14ce1bfb2e426567faeea8fce3152123821e712496872240e,data/raw/pdfs/64_กระบี่.pdf,2,37,25.84252,518.14256,1088.8346404878048,531.44256
pdf_74:p3:r10,rec_bd5b1e441a6d8dcf6a65f33e2638a57857f256abc4f817fe28ddd60524689639,2328,pdf_74,a740362f586a24f46fcc09fc1a1bc6391556e4c9bc432141903734f7833f39db,data/raw/pdfs/74_ปัตตานี.pdf,3,10,25.84252,159.0426,1088.834628333333,172.3426
pdf_03:p4:r5,rec_7a969c0d9af7b1451d5493d579cc1eb71f2e6ebde134355ee3aad11c08899ac0,2329,pdf_03,7dd9e7f51732791c63183067d85d18d20f856edf0c2dff89dbda84d866df2d62,data/raw/pdfs/03_นนทบุรี.pdf,4,5,25.84252,92.54255999999998,1088.8346404878048,105.84256
pdf_60:p1:r23,rec_7df4a032d4611afc4161cecbbd4df4961717eea1b17318b4603fdb3c39a28b7a,2330,pdf_60,83005eabe1d9070b5592477278ea610755bdcb54fea6e719fee81b3b098eaa28,data/raw/pdfs/60_สมุทรสงคราม.pdf,1,23,25.842520000000004,368.4465,1088.8346403703702,381.7465
pdf_69:p2:r17,rec_958689827ce27b16b1c953bc16d54092c1adf0a9d1a1694c7e2d16dfb9fbd6e1,2331,pdf_69,769b283c00d83344280df884874571c2a99d89f78de64644b43bf9c6a108efa4,data/raw/pdfs/69_ชุมพร.pdf,2,17,25.84252,252.14255999999995,1088.8346404878048,265.44255999999996
pdf_04:p1:r22,rec_bca9fb64d0ae4e933dccafb026f93ecbbb62e16ee3d7bd0abf1ccdc584ccf28c,2332,pdf_04,83861a2a02db33dda27703227bb90cd50ba1b9144123e42912f926c1d1043c39,data/raw/pdfs/04_ปทุมธานี.pdf,1,22,25.84252,355.14649,1088.8346429729727,368.44649
pdf_69:p1:r13,rec_a761fd5b12943302c8b0b5cd1739867aa3f91c2ed8cb027e9eeaa0f7b06a6c8e,2333,pdf_69,769b283c00d83344280df884874571c2a99d89f78de64644b43bf9c6a108efa4,data/raw/pdfs/69_ชุมพร.pdf,1,13,25.84252,235.44649000000004,1088.8346429729727,248.74649
pdf_06:p1:r11,rec_eeef48262f1be0b1695905a13caae24e42e6920d9004619cbb404651226fc4a3,2334,pdf_06,03acf167c8c7dcc3b7e6ccbd9afcaa05e3b5157df416e00c1b7e146d91880d3c,data/raw/pdfs/06_อ่างทอง.pdf,1,11,25.84252,208.84649,1088.8346429729727,222.14649
pdf_11:p2:r13,rec_4b12949b7051aff4d73cf6f5fb84fbfebf4133cd28a57ce2befed3a178631d87,2335,pdf_11,3638acfefe295becff8609b6ee16edeea0914e518d215754813661f1c0a3f79b,data/raw/pdfs/11_ชลบุรี.pdf,2,13,25.84252,198.94255999999996,1088.8346404878048,212.24255999999997
pdf_16:p1:r32,rec_6f9bafd660d24246537f5f8cad595d8157c7994572ce3e430c537c143c7c02bc,2336,pdf_16,7b893a3f02630b40240d0242410f662e3fe91d8d5ea2449991bba89e89a89ea4,data/raw/pdfs/16_ปราจีนบุรี.pdf,1,32,25.84252,488.14649,1088.8346429729727,501.44649
pdf_23:p2:r12,rec_d207e84a217e963741653be452f87831ca6278c34a7015e3a2adcdfc38b4c953,2337,pdf_23,771338278a591f8b5dfd252a64922234ef0d7071b6e6cd32beb2341668023e47,data/raw/pdfs/23_อุบลราชธานี.pdf,2,12,25.84252,185.64255999999995,1088.8346404878048,198.94255999999996
pdf_57:p2:r15,rec_deb08867f05187808a7d7849bf1a3ce6183ff52b5b57d8ba2ac2debb8c2df810,2338,pdf_57,9b6f57faac860a1339f68519b1b756d3ef34cc2ccd4962f5e15b78600e7c9112,data/raw/pdfs/57_สุพรรณบุรี.pdf,2,15,25.84252,225.54255999999995,1088.8346404878048,238.84256
pdf_15:p1:r20,rec_afb42571b28bf2a5350f94db041ae2897097e880eab88a76ee9ad293dec48d84,2339,pdf_15,bf99cdf12418fcdc90b3c1c739fd4e7e09ca40818852ca43bcd1c3284b3cf084,data/raw/pdfs/15_ฉะเชิงเทรา.pdf,1,20,25.84252,328.54649,1088.8346429729727,341.84649
pdf_57:p1:r34,rec_57fd593085dadbc0ac7600a66846157414222e018d2d89f00298615bf70861f9,2340,pdf_57,9b6f57faac860a1339f68519b1b756d3ef34cc2ccd4962f5e15b78600e7c9112,data/raw/pdfs/57_สุพรรณบุรี.pdf,1,34,25.84252,514.74649,1088.8346429729727,528.04649
pdf_76:p1:r15,rec_fa1e5c6346c7db9df299e5594457b02a1459e83140c4101a91a5e90d8df42472,2341,pdf_76,474bb90a38c020bbc86d90180af2b062867ed6a1db6999d709acff810fd5d84d,data/raw/pdfs/76_นราธิวาส.pdf,1,15,25.84252,262.04648999999995,1088.8346429729727,275.34649
pdf_40:p1:r26,rec_622dd2981645b0913c6a108975cbeb023a71fd676a8ce00ad11d8cd8e0104267,2342,pdf_40,89bea4e9a200e8f073d048a2ed2a881a1e01108b8c12f1e050317b845aac6b1d,data/raw/pdfs/40_ลำปาง.pdf,1,26,25.84252,408.34649,1088.8346429729727,421.64649
pdf_58:p1:r6,rec_cd968812788caa5eb721c829b6e7e770c5795c3477391b1477609d9294051d4f,2343,pdf_58,8ff0dc3c9fe92f1cc2721c37fe35cfcc653ad17ca531672dc94686e7776d35a5,data/raw/pdfs/58_นครปฐม.pdf,1,6,25.84252,142.34649000000002,1088.8346429729727,155.64648999999997
pdf_49:p1:r12,rec_def7854d2eb40231df984fe2efb1c7968121ec479f5ce3f99aacf9acb6b6a6f3,2344,pdf_49,6ada8eb27a34993420ed8c6db69aa4ae13ff4283abdb43b9d76a05d6794f6a27,data/raw/pdfs/49_กำแพงเพชร.pdf,1,12,25.84252,222.14649,1088.8346429729727,235.44649000000004
pdf_74:p1:r16,rec_8396dacb6dd34e7bd38810693e3ff427a6dadfad026ea41fb9f5cad28e4ef7d7,2345,pdf_74,a740362f586a24f46fcc09fc1a1bc6391556e4c9bc432141903734f7833f39db,data/raw/pdfs/74_ปัตตานี.pdf,1,16,25.84252,275.34649,1088.8346429729727,288.64649
pdf_10:p1:r34,rec_ccb79ee45de910fef8aa699aeb8ecb1e64bd979ad5db07e14d2d2e13fe08a5cd,2346,pdf_10,5e0a433bc2cc307479a32d344bf5b0b4f006af0a3d0ccc1493fb587c885896c1,data/raw/pdfs/10_สระบุรี.pdf,1,34,25.84252,514.74649,1088.8346429729727,528.04649
pdf_20:p1:r4,rec_2bfb0ea2452f674d32eb4fe2b13c20a0ebef0c6a09a7e382a2d4b13ad1506de3,2347,pdf_20,ae2a7c5842b204a3f43b72f11f0cc869b9b435d34c9fd7a66feb13673b14c006,data/raw/pdfs/20_บุรีรัมย์.pdf,1,4,25.84252,115.74649999999997,1088.8346326666665,129.04649999999998
pdf_15:p2:r33,rec_1a6286d56df80f11e964817e585f4f9a1f1feb68e065ad90d19037d537f06c77,2348,pdf_15,bf99cdf12418fcdc90b3c1c739fd4e7e09ca40818852ca43bcd1c3284b3cf084,data/raw/pdfs/15_ฉะเชิงเทรา.pdf,2,33,25.84252,464.94255999999996,1088.8346404878048,478.24256
pdf_05:p2:r29,rec_bc9f0febdf7bc31357f23da04849665d55013abc11d4476ee5b337d585023dab,2349,pdf_05,ae1ba5ac5ef768c29045f4282a9047c71474a8d654003bfa51574874b3f415fc,data/raw/pdfs/05_พระนครศรีอยุธยา.pdf,2,29,25.84252,411.74256,1088.8346404878048,425.04256
pdf_64:p3:r31,rec_ecec3b9e9d113e4212979c6ec06f987557c194fd19a4bb4e9db9700d8ffb9575,2350,pdf_64,a4e4abc03757d1e14ce1bfb2e426567faeea8fce3152123821e712496872240e,data/raw/pdfs/64_กระบี่.pdf,3,31,25.84252,438.34255999999993,1088.8346404878048,451.64256000000006
pdf_52:p1:r8,rec_0b6923fe222058f29a428ce1d9b196b3634c6729d32fc0af79ea5a138e4698cb,2351,pdf_52,9cb0d6cf6dff8fc890e8435c67310ba7051a6c49c0a0cbb9b817f49c8ece0551,data/raw/pdfs/52_พิษณุโลก.pdf,1,8,25.84252,168.94649000000004,1088.8346429729727,182.24649
pdf_50:p2:r7,rec_337fd61ed901c3242cd169db5c332a82a3f89e6363818c00eba723800afe5e06,2352,pdf_50,8b7fe8a59c2c1fa488d7462868687d8f934217d7df929384117ef1e19dae37ab,data/raw/pdfs/50_ตาก.pdf,2,7,25.84252,119.14260000000002,1088.8346270588233,132.44259999999997
pdf_45:p1:r12,rec_fd9f884a4a68687a660e154855faa063710acbf584739058bbfa3426f963864e,2353,pdf_45,29b1222a0b0979d29984a9dd61c0130edaa8b2dbaf6e6c7cd7a1c4c198e06186,data/raw/pdfs/45_เชียงราย.pdf,1,12,25.84252,222.1465,1088.8346314285714,235.44650000000001
pdf_66:p3:r21,rec_3acb9ea9ff047c758e2721a74e633c1a6cfe7cbc6f1225f2b8758a2309a21d61,2354,pdf_66,012255400d37e8c732ded7ebc3c018108c8f4aa391112b3f6d6515d21e797ab6,data/raw/pdfs/66_ภูเก็ต.pdf,3,21,25.84252,305.34256,1088.8346397368418,318.64256
pdf_38:p1:r9,rec_1cad60dafd122cc32d542674e0a0b22c2df63106448b559fc5fc139e0bc83801,2355,pdf_38,462a1c486a501887e4446ef7e812041c7d158ab4442235b85572d4a89fd7f492,data/raw/pdfs/38_เชียงใหม่.pdf,1,9,25.84252,182.24649,1088.8346429729727,195.54648999999995
pdf_59:p2:r38,rec_b42cb885c0592c7dcad17c261a253076a4684ef17c00feda7c2e4452afdafa34,2356,pdf_59,0c5827ab1fffa2ec0689a95405ee8640473ea428f18b199f44d2f71d4f366ad8,data/raw/pdfs/59_สมุทรสาคร.pdf,2,38,25.84252,531.44256,1088.8346404878048,544.74256
pdf_47:p1:r11,rec_8b2afb8b357ed4b8450728899445eccf43c4b416e776281a6351d13fff182e91,2357,pdf_47,365b7fdb0bc54f527416d61502059d02cd2aaa1ed2d3600907d80b79987b64c8,data/raw/pdfs/47_นครสวรรค์.pdf,1,11,25.84252,208.84650000000002,1088.8346326666665,222.14649999999992
pdf_72:p1:r25,rec_5f869f63c4f24729f7ce6252a69c82bb5fd8f8f0474aa0059e9bdd78c09700cf,2358,pdf_72,04f947c56ddf01a73b376cdbb3099e393f9141fff3fec2504b9e031114606073,data/raw/pdfs/72_ตรัง.pdf,1,25,25.84252,395.04649,1088.8346429729727,408.34649
pdf_57:p2:r35,rec_d8cf558a13689dfa2c2495ad3c8d5765f0553f06bcc52b3be7554b057c6d222a,2359,pdf_57,9b6f57faac860a1339f68519b1b756d3ef34cc2ccd4962f5e15b78600e7c9112,data/raw/pdfs/57_สุพรรณบุรี.pdf,2,35,25.84252,491.54256,1088.8346404878048,504.84255999999993
pdf_05:p3:r26,rec_42af05bbb542348bc78317e64582a7f866aee6a39ef80f1f975d8e86f7cecb79,2360,pdf_05,ae1ba5ac5ef768c29045f4282a9047c71474a8d654003bfa51574874b3f415fc,data/raw/pdfs/05_พระนครศรีอยุธยา.pdf,3,26,25.84252,371.8426,1088.8346388571426,385.1426
pdf_67:p7:r1,rec_66a7c802bc194820e773df3c546f7415455227e3b931f0609e4a1fe9b4c241cf,2361,pdf_67,b66fc9f9229750b7a04c0e5c07c072d77eb0800ed604da819fb28b6c4a75a636,data/raw/pdfs/67_สุราษฎร์ธานี.pdf,7,1,25.84252,39.34259999999995,1088.8346270588233,52.642600000000016
pdf_67:p2:r37,rec_88b20eb2413c093b52dd21560409650f9aa80c98d90b1fdb4e158d1da0e954e8,2362,pdf_67,b66fc9f9229750b7a04c0e5c07c072d77eb0800ed604da819fb28b6c4a75a636,data/raw/pdfs/67_สุราษฎร์ธานี.pdf,2,37,25.84252,518.14256,1088.8346404878048,531.44256
pdf_05:p2:r7,rec_a12114fb727d92167ece1126cc6b4d6a8711d153a8c9dff72d17a0c4b2f21ff2,2363,pdf_05,ae1ba5ac5ef768c29045f4282a9047c71474a8d654003bfa51574874b3f415fc,data/raw/pdfs/05_พระนครศรีอยุธยา.pdf,2,7,25.84252,119.14255999999996,1088.8346404878048,132.44255999999996
pdf_36:p1:r13,rec_40ac7ab4e3115bed2738dfbda620f9f6658279b2cf8b6d9364ccbe6b0910b174,2364,pdf_36,e5624d419ac85611ac4b3fe0a27d6bfa73a7b474d5b0ee2a6b1a7b64f4783d70,data/raw/pdfs/36_นครพนม.pdf,1,13,25.84252,235.44649000000004,1088.8346429729727,248.74649
pdf_02:p2:r31,rec_f2b3246770ddc5364bd0f88766a4391004fa967cdfa4267c9d4d999af230adb9,2365,pdf_02,368a15805d33fb210ed50297795f7f50bf822054e05b59bf71bfa25bee0f3a3c,data/raw/pdfs/02_สมุทรปราการ.pdf,2,31,25.84252,438.34255999999993,1088.8346404878048,451.64256000000006
pdf_03:p1:r27,rec_1c6deaa966308bfffb7a7b07aa0dfedad7c33c56ca632a5245fd5ae40d84ee1a,2366,pdf_03,7dd9e7f51732791c63183067d85d18d20f856edf0c2dff89dbda84d866df2d62,data/raw/pdfs/03_นนทบุรี.pdf,1,27,25.84252,421.64649,1088.8346429729727,434.94649
pdf_54:p1:r35,rec_21774229c690d0f54e6a2062f1ab4c6166f7309ccc117927c419d2e71d6f2555,2367,pdf_54,884b1d2d94fff12fa64928c8a22df877265f50fbc00dfcb61f5a4636dd1c14c8,data/raw/pdfs/54_เพชรบูรณ์.pdf,1,35,25.84252,536.54649,1088.8346429729727,549.8464899999999
pdf_28:p1:r32,rec_4d8809262b3335b308da9969e22bef17bd87eb9f4580dad8ef8ecea4b47f3224,2368,pdf_28,38e1a8d128ab928dd0bef117c9dbaa8191aea027adc2dae9137f68937f31d040,data/raw/pdfs/28_ขอนแก่น.pdf,1,32,25.84252,488.14649,1088.8346429729727,501.44649
pdf_23:p1:r28,rec_c5584d1953ac373e0c7c9c80e293958ef641d87982e30dc056ca5f5aa9813d97,2369,pdf_23,771338278a591f8b5dfd252a64922234ef0d7071b6e6cd32beb2341668023e47,data/raw/pdfs/23_อุบลราชธานี.pdf,1,28,25.84252,443.44649,1088.8346429729727,456.74649
pdf_03:p4:r6,rec_bf54be93ebf5d9abdc37c44bbcb7e84629f3045bdee39f108534e1172fc5fa81,2370,pdf_03,7dd9e7f51732791c63183067d85d18d20f856edf0c2dff89dbda84d866df2d62,data/raw/pdfs/03_นนทบุรี.pdf,4,6,25.84252,105.84256,1088.8346404878048,119.14255999999996
pdf_24:p1:r9,rec_27fe4f2738f53ec7885653e2a7ebf5b8f20dce8060c35a4ab59a6f05d7edb3ec,2371,pdf_24,11414a0eb9f2dd0d2b908d5f1a25e50bf241a96ac3fdabf71ba570e190f65dc5,data/raw/pdfs/24_ยโสธร.pdf,1,9,25.842519999999997,182.24649999999997,1088.834628333333,195.54649999999998
pdf_72:p1:r7,rec_ed337fce89e4d706e77f80050481fe9eb4a3ce31b9ea636a741e000b1381b876,2372,pdf_72,04f947c56ddf01a73b376cdbb3099e393f9141fff3fec2504b9e031114606073,data/raw/pdfs/72_ตรัง.pdf,1,7,25.84252,155.64648999999997,1088.8346429729727,168.94649000000004
pdf_47:p1:r8,rec_36d36cb33e67b79d5bf97d1e09bd04910eaf9037d0580e2c089bced87b7a06ba,2373,pdf_47,365b7fdb0bc54f527416d61502059d02cd2aaa1ed2d3600907d80b79987b64c8,data/raw/pdfs/47_นครสวรรค์.pdf,1,8,25.84252,168.94649999999996,1088.8346326666665,182.24649999999997
pdf_12:p2:r7,rec_28a3f612e74287cfc0e88e0eabe16695ed8a3f46c7df0012d3a896f3c7b093bf,2374,pdf_12,a807bf56c3fc6df739b3c4e072038fd3824bd793ca3bbc711cf4169e5e81ff9c,data/raw/pdfs/12_ระยอง.pdf,2,7,25.842520000000004,119.14260000000002,1088.8346355555555,132.44259999999997
pdf_11:p1:r9,rec_7b4ebab7c1aaaef34703f0981d782d983b000281d5bd0e50d0504ef6fd5a78d4,2375,pdf_11,3638acfefe295becff8609b6ee16edeea0914e518d215754813661f1c0a3f79b,data/raw/pdfs/11_ชลบุรี.pdf,1,9,25.84252,182.24649,1088.8346429729727,195.54648999999995
pdf_10:p3:r15,rec_4c615e6c31a1251b7c872ade4c07a2310cc72943bfdc69fa6963cb3a7bbb8103,2376,pdf_10,5e0a433bc2cc307479a32d344bf5b0b4f006af0a3d0ccc1493fb587c885896c1,data/raw/pdfs/10_สระบุรี.pdf,3,15,25.842519999999997,225.5426,1088.8346314285711,238.8426
pdf_23:p1:r18,rec_6592a919a3976c61a78a493019b6eafa1bced5b089920b748d8854ba8f4a465d,2377,pdf_23,771338278a591f8b5dfd252a64922234ef0d7071b6e6cd32beb2341668023e47,data/raw/pdfs/23_อุบลราชธานี.pdf,1,18,25.84252,310.44649,1088.8346429729727,323.74649
pdf_64:p1:r10,rec_362bd9ceda5e1ce3c5060c05c6e2f60d71fb8ff5438fcf5edd1156771f9b0669,2378,pdf_64,a4e4abc03757d1e14ce1bfb2e426567faeea8fce3152123821e712496872240e,data/raw/pdfs/64_กระบี่.pdf,1,10,25.84252,195.54648999999995,1088.8346429729727,208.84649
pdf_36:p2:r1,rec_be4acc2c9d2aecaebc5ab3ac4eeaa7b548ab14d033b56fd42662d9fb3d947bb3,2379,pdf_36,e5624d419ac85611ac4b3fe0a27d6bfa73a7b474d5b0ee2a6b1a7b64f4783d70,data/raw/pdfs/36_นครพนม.pdf,2,1,25.84252,39.34259999999995,1088.8346294736841,52.642600000000016
pdf_46:p1:r12,rec_aa88f6ee34993f4ff0826ba81ab75dd7fd9fc8dde78ddc592592221cc759fbac,2380,pdf_46,06c4f6b2edd8aec0be7828038556b5b7aec2393f710ca692324db2369d00d382,data/raw/pdfs/46_แม่ฮ่องสอน.pdf,1,12,25.84252,222.1465,1088.834638181818,235.44650000000001
pdf_59:p2:r4,rec_776b1835dc3153aea9d976f5281a521e9b8527cafe6c1edefa731bc38537f95f,2381,pdf_59,0c5827ab1fffa2ec0689a95405ee8640473ea428f18b199f44d2f71d4f366ad8,data/raw/pdfs/59_สมุทรสาคร.pdf,2,4,25.84252,79.24255999999997,1088.8346404878048,92.54255999999998
pdf_02:p2:r16,rec_61e6d4b5ed75b6fb142073114f11d9624113298757061628119d2e754a682b61,2382,pdf_02,368a15805d33fb210ed50297795f7f50bf822054e05b59bf71bfa25bee0f3a3c,data/raw/pdfs/02_สมุทรปราการ.pdf,2,16,25.84252,238.84256,1088.8346404878048,252.14255999999995
pdf_53:p1:r9,rec_a50c7ff5632ac172885b58ca682dd2e47526565b13d9833694189468cb705df9,2383,pdf_53,41aaaf3a91961ab9b2dee694f50d9a086d1ad80beffe1b54e81370016a11cb14,data/raw/pdfs/53_พิจิตร.pdf,1,9,25.84252,190.74649,1088.8346429729727,204.04648999999995
pdf_40:p1:r21,rec_d7d20508bcbe80aa8d0eb84bc1e9a49aaf5bbea479003709871e7ed08986b018,2384,pdf_40,89bea4e9a200e8f073d048a2ed2a881a1e01108b8c12f1e050317b845aac6b1d,data/raw/pdfs/40_ลำปาง.pdf,1,21,25.84252,341.84649,1088.8346429729727,355.14649
pdf_67:p4:r37,rec_2ade9b520e18849bcfc6bccbffd693204e8614dfe3a5e174ec2e9e39ac815750,2385,pdf_67,b66fc9f9229750b7a04c0e5c07c072d77eb0800ed604da819fb28b6c4a75a636,data/raw/pdfs/67_สุราษฎร์ธานี.pdf,4,37,25.84252,518.14256,1088.8346404878048,531.44256
pdf_76:p2:r3,rec_6986a61c6742f37de168a35020089bf55ae25f1dba05dd40424e7df47e0b7e07,2386,pdf_76,474bb90a38c020bbc86d90180af2b062867ed6a1db6999d709acff810fd5d84d,data/raw/pdfs/76_นราธิวาส.pdf,2,3,25.84252,65.94259999999997,1088.8346369999997,79.24260000000004
pdf_15:p2:r30,rec_78af7775af54ea440f951987bae965bae72161e2dfd2e780cb08b4c343a2deed,2387,pdf_15,bf99cdf12418fcdc90b3c1c739fd4e7e09ca40818852ca43bcd1c3284b3cf084,data/raw/pdfs/15_ฉะเชิงเทรา.pdf,2,30,25.84252,425.04256,1088.8346404878048,438.34255999999993
pdf_35:p1:r7,rec_20d20c0c363463e10087d9b3843bc1cd2cf2d6c7e78b67372a222dde05d9881a,2388,pdf_35,34e8cb69b8d0f03a2caba0ffc0eb6d4b5233159b13350c073968de56ab12b69f,data/raw/pdfs/35_สกลนคร.pdf,1,7,25.84252,155.64648999999997,1088.8346429729727,168.94649000000004
pdf_10:p1:r6,rec_97411884af76e05b785e0b1c17777aa80ffd87053f46bdfae463b03955535a3f,2389,pdf_10,5e0a433bc2cc307479a32d344bf5b0b4f006af0a3d0ccc1493fb587c885896c1,data/raw/pdfs/10_สระบุรี.pdf,1,6,25.84252,142.34649000000002,1088.8346429729727,155.64648999999997
pdf_67:p4:r20,rec_eb688055519e9467d6bb9b6578ccf5b7ea0d8aae4f816a9166c45933843207a3,2390,pdf_67,b66fc9f9229750b7a04c0e5c07c072d77eb0800ed604da819fb28b6c4a75a636,data/raw/pdfs/67_สุราษฎร์ธานี.pdf,4,20,25.84252,292.04256,1088.8346404878048,305.34256
pdf_70:p2:r23,rec_4219c2525ea372cfcf6dd80bf2f3e1dcb27b5f88b8f2c2aaa73637a112bc17e0,2391,pdf_70,dd0c8cec48b7f0994639864765a097630785c0e22135d674cb3057f22c0f80ab,data/raw/pdfs/70_สงขลา.pdf,2,23,25.84252,331.94259999999997,1088.8346391666664,345.2426
pdf_66:p2:r18,rec_0b8fca56da0f561a05bbfdc1796feaf1cabbd738c59080e2b999e8f60976f835,2392,pdf_66,012255400d37e8c732ded7ebc3c018108c8f4aa391112b3f6d6515d21e797ab6,data/raw/pdfs/66_ภูเก็ต.pdf,2,18,25.84252,265.44255999999996,1088.8346404878048,278.74255999999997
pdf_28:p2:r10,rec_9e412059f0957b76c1eceff1d66e2628afbb494b3cc9da35ccd695143a03662f,2393,pdf_28,38e1a8d128ab928dd0bef117c9dbaa8191aea027adc2dae9137f68937f31d040,data/raw/pdfs/28_ขอนแก่น.pdf,2,10,25.84252,159.0426,1088.8346199999999,172.34260000000003
pdf_04:p3:r3,rec_5f9fff3ecd4866e581f2de9c7d8f585f8172f79624e69c4d2cab2c848bb2a065,2394,pdf_04,83861a2a02db33dda27703227bb90cd50ba1b9144123e42912f926c1d1043c39,data/raw/pdfs/04_ปทุมธานี.pdf,3,3,25.84252,65.94255999999996,1088.8346404878048,79.24255999999997
pdf_40:p1:r16,rec_fc3924fdaf437cc4003f3827e54a36f1af6cb6a71a1f718b083732b671539369,2395,pdf_40,89bea4e9a200e8f073d048a2ed2a881a1e01108b8c12f1e050317b845aac6b1d,data/raw/pdfs/40_ลำปาง.pdf,1,16,25.84252,275.34649,1088.8346429729727,288.64649
pdf_05:p3:r17,rec_690402d2a145327c492692f71a6c564c39c9af21f424caec853ca6ec529e40ce,2396,pdf_05,ae1ba5ac5ef768c29045f4282a9047c71474a8d654003bfa51574874b3f415fc,data/raw/pdfs/05_พระนครศรีอยุธยา.pdf,3,17,25.84252,252.1426,1088.8346388571426,265.44259999999997
pdf_68:p1:r34,rec_b972503d6964aaaa361c54016086c4efc8e4a628d9ae3f9a91e73ae78f799952,2397,pdf_68,3a242476c7c0c82cd6f78455b9ca30a8d8e875f3ae38090ae0fd5fb12805c593,data/raw/pdfs/68_ระนอง.pdf,1,34,25.84252,514.74649,1088.8346429729727,528.04649
pdf_04:p1:r33,rec_c23837f8fc1d46f98e7a9ea37ab3d5eea0e062e889c88b43967b412aef332a05,2398,pdf_04,83861a2a02db33dda27703227bb90cd50ba1b9144123e42912f926c1d1043c39,data/raw/pdfs/04_ปทุมธานี.pdf,1,33,25.84252,501.44649,1088.8346429729727,514.74649
pdf_66:p1:r4,rec_dc32ac9750b06c32fd4ee27029952d38aca5c9b5b0bb88fc2449eeed225c416a,2399,pdf_66,012255400d37e8c732ded7ebc3c018108c8f4aa391112b3f6d6515d21e797ab6,data/raw/pdfs/66_ภูเก็ต.pdf,1,4,25.84252,115.74649,1088.8346429729727,129.04648999999995
pdf_52:p1:r2,rec_f649a32c4ce76649d352e4aa968513b86eaa7e4ae1c4e920715f5f6a9d9e0c20,2400,pdf_52,9cb0d6cf6dff8fc890e8435c67310ba7051a6c49c0a0cbb9b817f49c8ece0551,data/raw/pdfs/52_พิษณุโลก.pdf,1,2,25.84252,89.14648999999997,1088.8346429729727,102.44649000000004
pdf_67:p3:r26,rec_a699a93278b251aa8190c431f32052effa14da32fc12e0c48fd4ec2e9ccb2360,2401,pdf_67,b66fc9f9229750b7a04c0e5c07c072d77eb0800ed604da819fb28b6c4a75a636,data/raw/pdfs/67_สุราษฎร์ธานี.pdf,3,26,25.84252,371.84256,1088.8346404878048,385.14256
pdf_68:p2:r10,rec_f274b16b8c8ce723ad4ece75441ffb9869186b2be358780837420fe24d900700,2402,pdf_68,3a242476c7c0c82cd6f78455b9ca30a8d8e875f3ae38090ae0fd5fb12805c593,data/raw/pdfs/68_ระนอง.pdf,2,10,25.84252,159.04255999999998,1088.8346404878048,172.34256
pdf_07:p1:r20,rec_c6e2ce32d9f3a44e7c50ddd12cc6d4d87849e7b946a980015239858408cbebb6,2403,pdf_07,f00681093e03a60a87dbc3834edae199fd055d6366406e456741ffd059ff3b05,data/raw/pdfs/07_ลพบุรี.pdf,1,20,25.84252,328.54649,1088.8346429729727,341.84649
pdf_63:p1:r23,rec_1776a9a520ee7b98844780e79ed2c618f4963f7604a1cfdada1c62a2becaa6f9,2404,pdf_63,b04433cfbe561d1199180db3f5210359427f668e1f7b072f31972e2749ce63ae,data/raw/pdfs/63_นครศรีธรรมราช.pdf,1,23,25.84252,368.44649,1088.8346429729727,381.74649
pdf_23:p2:r16,rec_b91efb1a3db664ef9e83bb1446a054f9aa262caf5e724031d00f1180671f865c,2405,pdf_23,771338278a591f8b5dfd252a64922234ef0d7071b6e6cd32beb2341668023e47,data/raw/pdfs/23_อุบลราชธานี.pdf,2,16,25.84252,238.84256,1088.8346404878048,252.14255999999995
pdf_23:p1:r34,rec_7187fb85cf0abb5381ba1ba564a92df05ea8d571cd6713f7564b09b66a7e5a0b,2406,pdf_23,771338278a591f8b5dfd252a64922234ef0d7071b6e6cd32beb2341668023e47,data/raw/pdfs/23_อุบลราชธานี.pdf,1,34,25.84252,523.24649,1088.8346429729727,536.54649
pdf_03:p1:r16,rec_8454a45c82cf387b9f0e14ea60bc7cba5c5bae76a147d21f85779d14db8270f4,2407,pdf_03,7dd9e7f51732791c63183067d85d18d20f856edf0c2dff89dbda84d866df2d62,data/raw/pdfs/03_นนทบุรี.pdf,1,16,25.84252,275.34649,1088.8346429729727,288.64649
pdf_57:p1:r27,rec_c129c3b7191d6d442fcbd97f050d8b058b1bf81bc80a9ea2c3dd141df0184722,2408,pdf_57,9b6f57faac860a1339f68519b1b756d3ef34cc2ccd4962f5e15b78600e7c9112,data/raw/pdfs/57_สุพรรณบุรี.pdf,1,27,25.84252,421.64649,1088.8346429729727,434.94649
pdf_67:p5:r26,rec_e0a272f4a41b38821449493e08c0d5ffca888b96c36c8a71c04514af21f53927,2409,pdf_67,b66fc9f9229750b7a04c0e5c07c072d77eb0800ed604da819fb28b6c4a75a636,data/raw/pdfs/67_สุราษฎร์ธานี.pdf,5,26,25.84252,371.84256,1088.8346404878048,385.14256
pdf_03:p2:r19,rec_32651843f211a835e361330b442de66554a3a9b431d895aab3a3b3493474d5c8,2410,pdf_03,7dd9e7f51732791c63183067d85d18d20f856edf0c2dff89dbda84d866df2d62,data/raw/pdfs/03_นนทบุรี.pdf,2,19,25.84252,278.74255999999997,1088.8346404878048,292.04256
pdf_62:p1:r18,rec_28ca8749c445d51031b26140632669af87821b9e9ac7ff68db7f4b4107a2ed19,2411,pdf_62,16170e28f4926ce3d0cb9566cb26ec752a3cb84a42d0ceb55d00107b3d3f1443,data/raw/pdfs/62_ประจวบคีรีขันธ์.pdf,1,18,25.84252,301.9465,1088.834638181818,315.24649999999997
pdf_50:p2:r8,rec_fc0bf1444f0d2e56f6522ecc734ded4c660d6bb6b2b86ca245242437d7773d04,2412,pdf_50,8b7fe8a59c2c1fa488d7462868687d8f934217d7df929384117ef1e19dae37ab,data/raw/pdfs/50_ตาก.pdf,2,8,25.84252,132.44259999999997,1088.8346270588233,145.74259999999998
pdf_04:p3:r25,rec_574843701a3741b2ebe8295c149e97637ce54e1f9c5f4520d54eb91df58a5cfe,2413,pdf_04,83861a2a02db33dda27703227bb90cd50ba1b9144123e42912f926c1d1043c39,data/raw/pdfs/04_ปทุมธานี.pdf,3,25,25.84252,358.54256,1088.8346404878048,371.84256
pdf_51:p1:r2,rec_7efd8752aabcd03e2941eb230f800cb22938950df288850d8ad2d17f468bb735,2414,pdf_51,380327daf06efde704e25ac9a209c4688b14087a4bcd57b35db44471d39e5199,data/raw/pdfs/51_สุโขทัย.pdf,1,2,25.84252,97.64648999999997,1088.834642352941,110.94649
pdf_14:p1:r4,rec_01466073aea79f97a9419656e4ca64b0cc692edde1cd59050a62a1333553c530,2415,pdf_14,393e31a1b8153f8cc465f3ec91d9f8ca361728a4cd33c0dfaa79d4d01d13c1e9,data/raw/pdfs/14_ตราด.pdf,1,4,25.84252,115.74650000000001,1088.8346174999997,129.04649999999998
pdf_10:p2:r5,rec_6e912b16be1eadc7142aec5ead473db410a16308fa20a850b2920450f011c805,2416,pdf_10,5e0a433bc2cc307479a32d344bf5b0b4f006af0a3d0ccc1493fb587c885896c1,data/raw/pdfs/10_สระบุรี.pdf,2,5,25.84252,92.54255999999998,1088.8346404878048,105.84256
pdf_54:p2:r16,rec_43779a0e4e46c29f2b5e90ab67e92d2c5eee5ea88bcf4f35e6c7ae5f25b5d301,2417,pdf_54,884b1d2d94fff12fa64928c8a22df877265f50fbc00dfcb61f5a4636dd1c14c8,data/raw/pdfs/54_เพชรบูรณ์.pdf,2,16,25.84252,238.84256,1088.8346404878048,252.14255999999995
pdf_66:p1:r24,rec_85256507ccfbdcbb98dffa2c498ca916f6776176f2834c05dad714a5215f11c1,2418,pdf_66,012255400d37e8c732ded7ebc3c018108c8f4aa391112b3f6d6515d21e797ab6,data/raw/pdfs/66_ภูเก็ต.pdf,1,24,25.84252,381.74649,1088.8346429729727,395.04649
pdf_52:p1:r14,rec_7eee5b8904da1fe9573f7fc2c41d82864007caef52688feab8c52f4d00895229,2419,pdf_52,9cb0d6cf6dff8fc890e8435c67310ba7051a6c49c0a0cbb9b817f49c8ece0551,data/raw/pdfs/52_พิษณุโลก.pdf,1,14,25.84252,248.74649,1088.8346429729727,262.04648999999995
pdf_54:p1:r31,rec_7e5dafefdc4b918a345a29be11b79a7f177975772c1a95f2c4f5812c8de91e85,2420,pdf_54,884b1d2d94fff12fa64928c8a22df877265f50fbc00dfcb61f5a4636dd1c14c8,data/raw/pdfs/54_เพชรบูรณ์.pdf,1,31,25.84252,483.34649,1088.8346429729727,496.64649
pdf_23:p3:r3,rec_7d2c507a97a9fa916a8e3b5933a242fb1f01a6d691f3b1702b640bf443a1dc2b,2421,pdf_23,771338278a591f8b5dfd252a64922234ef0d7071b6e6cd32beb2341668023e47,data/raw/pdfs/23_อุบลราชธานี.pdf,3,3,25.84252,65.94259999999997,1088.8346388571426,79.24259999999998
pdf_74:p1:r21,rec_a7567860be7c69e00a23ffc8fd7a99ab4387b22afcf97657df5427c4d0fbadae,2422,pdf_74,a740362f586a24f46fcc09fc1a1bc6391556e4c9bc432141903734f7833f39db,data/raw/pdfs/74_ปัตตานี.pdf,1,21,25.84252,341.84649,1088.8346429729727,355.14649
pdf_75:p1:r7,rec_c2868ee36b7d8a389d2a8b042f3b70d5e1c3c4009af96de9cf889074aa32e6c6,2423,pdf_75,ffef7f4f9a7953e62785b17dc6cfa1d3fa15bda9cb7369abaaa41e24f24f5ae4,data/raw/pdfs/75_ยะลา.pdf,1,7,25.84252,155.64648999999997,1088.834642352941,168.94648999999998
pdf_75:p1:r16,rec_4ebcf2839866c04bd3255eba51d6466c2a426eaf854388d3a9bfa62a9c5fd152,2424,pdf_75,ffef7f4f9a7953e62785b17dc6cfa1d3fa15bda9cb7369abaaa41e24f24f5ae4,data/raw/pdfs/75_ยะลา.pdf,1,16,25.84252,275.34649,1088.834642352941,288.64649
pdf_04:p5:r2,rec_fc57428db74bb005a54d2025de45a8e61d2709197b7200d57c9ec2aec4e1e990,2425,pdf_04,83861a2a02db33dda27703227bb90cd50ba1b9144123e42912f926c1d1043c39,data/raw/pdfs/04_ปทุมธานี.pdf,5,2,25.84252,52.642600000000016,1088.8346388571426,65.94259999999997
pdf_74:p1:r3,rec_0bee00a1df75b40373e801b654c18dc34649e53ee9eff65c583bc9e5f5842eda,2426,pdf_74,a740362f586a24f46fcc09fc1a1bc6391556e4c9bc432141903734f7833f39db,data/raw/pdfs/74_ปัตตานี.pdf,1,3,25.84252,102.44649000000004,1088.8346429729727,115.74649
pdf_74:p1:r7,rec_cf97e98757c07a17d4c637919dea0b9af88896987a690d2043e7b19526f7dda7,2427,pdf_74,a740362f586a24f46fcc09fc1a1bc6391556e4c9bc432141903734f7833f39db,data/raw/pdfs/74_ปัตตานี.pdf,1,7,25.84252,155.64648999999997,1088.8346429729727,168.94649000000004
pdf_76:p2:r21,rec_62daeb1c05077f559ed76f67b3188d7774d5ab18aaaf6af664b35967b9d8b6d1,2428,pdf_76,474bb90a38c020bbc86d90180af2b062867ed6a1db6999d709acff810fd5d84d,data/raw/pdfs/76_นราธิวาส.pdf,2,21,25.84252,305.3426,1088.8346369999997,318.6426
pdf_49:p1:r9,rec_e75d92e3930d2ef81adeee2db44b47e0846f0df5d2e177fbfb9bd1372ab7af0a,2429,pdf_49,6ada8eb27a34993420ed8c6db69aa4ae13ff4283abdb43b9d76a05d6794f6a27,data/raw/pdfs/49_กำแพงเพชร.pdf,1,9,25.84252,182.24649,1088.8346429729727,195.54648999999995
pdf_32:p1:r7,rec_ec19bc44986fa621fff2d2f2c3938c449ddc30d36f0365d85eb43e025765eeb4,2430,pdf_32,b00581f42f40b25ff4c6be7ad8e530fc1306844ad3bb673079384b891a4190e5,data/raw/pdfs/32_มหาสารคาม.pdf,1,7,25.84252,155.64649999999997,1088.8346399999998,168.94650000000001
pdf_15:p1:r18,rec_18ea5dadc157000c064e3aa59e6e48710a9d8cfac18f2a9ddfdc4c4221b683cd,2431,pdf_15,bf99cdf12418fcdc90b3c1c739fd4e7e09ca40818852ca43bcd1c3284b3cf084,data/raw/pdfs/15_ฉะเชิงเทรา.pdf,1,18,25.84252,301.94649,1088.8346429729727,315.24649
pdf_15:p2:r17,rec_215330697c74758addc0bcdbd436231f1624dc4372c15ae4f60ac0963ea1e7ae,2432,pdf_15,bf99cdf12418fcdc90b3c1c739fd4e7e09ca40818852ca43bcd1c3284b3cf084,data/raw/pdfs/15_ฉะเชิงเทรา.pdf,2,17,25.84252,252.14255999999995,1088.8346404878048,265.44255999999996
pdf_67:p7:r13,rec_7a506fe1ca8da64394228f67163d2edab3eadcd573807c649882fa59c5e9cc7b,2433,pdf_67,b66fc9f9229750b7a04c0e5c07c072d77eb0800ed604da819fb28b6c4a75a636,data/raw/pdfs/67_สุราษฎร์ธานี.pdf,7,13,25.84252,198.94259999999997,1088.8346270588233,212.24259999999998
pdf_64:p2:r24,rec_1eb695723011459f059145287b0be07fae4115adf2b1583bd15e8f6d7a20e0bf,2434,pdf_64,a4e4abc03757d1e14ce1bfb2e426567faeea8fce3152123821e712496872240e,data/raw/pdfs/64_กระบี่.pdf,2,24,25.84252,345.24256,1088.8346404878048,358.54256
pdf_57:p1:r29,rec_8ab239a70bfb49a63a988d0428e4190247925b607dbf33af127bbeeb7b315e46,2435,pdf_57,9b6f57faac860a1339f68519b1b756d3ef34cc2ccd4962f5e15b78600e7c9112,data/raw/pdfs/57_สุพรรณบุรี.pdf,1,29,25.84252,448.24649,1088.8346429729727,461.54649
pdf_05:p1:r32,rec_6521a187284da34b0997102ad2a990a4adcf946552a36e2e7af0bcaef249f328,2436,pdf_05,ae1ba5ac5ef768c29045f4282a9047c71474a8d654003bfa51574874b3f415fc,data/raw/pdfs/05_พระนครศรีอยุธยา.pdf,1,32,25.84252,488.14649,1088.8346429729727,501.44649
pdf_07:p1:r7,rec_7e5407d00ddbf2a9623afddcd3e4e4ffdcdd24b9a6f8089d973d5de87c9e7409,2437,pdf_07,f00681093e03a60a87dbc3834edae199fd055d6366406e456741ffd059ff3b05,data/raw/pdfs/07_ลพบุรี.pdf,1,7,25.84252,155.64648999999997,1088.8346429729727,168.94649000000004
pdf_03:p4:r7,rec_fcfcbb2936bd66e75ee37e075075e0d3ba79220228ee4d6ee2a18a97b0d77fc9,2438,pdf_03,7dd9e7f51732791c63183067d85d18d20f856edf0c2dff89dbda84d866df2d62,data/raw/pdfs/03_นนทบุรี.pdf,4,7,25.84252,119.14255999999996,1088.8346404878048,132.44255999999996
pdf_36:p2:r4,rec_a4166f1047662cda88f2b5f64ac4f2c8e0c1dacad17fb6b41be9ddc835516aff,2439,pdf_36,e5624d419ac85611ac4b3fe0a27d6bfa73a7b474d5b0ee2a6b1a7b64f4783d70,data/raw/pdfs/36_นครพนม.pdf,2,4,25.84252,79.24260000000004,1088.8346294736841,92.5426
pdf_25:p1:r20,rec_1f72e9ce53aa929b592393309bf80179d20214f322c1bb03a257eb8d18ff67ee,2440,pdf_25,0155bd151db06d789a16df2bc6422d9237698f7f38d57991cc1ab60bcb86601c,data/raw/pdfs/25_ชัยภูมิ.pdf,1,20,25.84252,328.54649,1088.8346429729727,341.84649
pdf_57:p1:r10,rec_67801791dc5852e35c0df1a3fa1a8251140dd20e51c91ddb0d752aca5504c66d,2441,pdf_57,9b6f57faac860a1339f68519b1b756d3ef34cc2ccd4962f5e15b78600e7c9112,data/raw/pdfs/57_สุพรรณบุรี.pdf,1,10,25.84252,195.54648999999995,1088.8346429729727,208.84649
pdf_29:p2:r19,rec_b7ccf025face901bcea7f8dc60073c4f6480c75ea495341bd813a540ad72a508,2442,pdf_29,a1a30635ac132e2e87cc5b8c3c2c6e737453ecabe176861ce1a21609a26f3a1a,data/raw/pdfs/29_อุดรธานี.pdf,2,19,25.84252,278.7426,1088.8346365517239,292.0426
pdf_57:p2:r16,rec_3b72995364de47302d9a7150753db5327c29840beddf271758f838edb8fa7505,2443,pdf_57,9b6f57faac860a1339f68519b1b756d3ef34cc2ccd4962f5e15b78600e7c9112,data/raw/pdfs/57_สุพรรณบุรี.pdf,2,16,25.84252,238.84256,1088.8346404878048,252.14255999999995
pdf_76:p2:r27,rec_66fc575ed5f3c5f3bc11703c581212b396e5d4f7f07f1a5e1c05cdc43716abb0,2444,pdf_76,474bb90a38c020bbc86d90180af2b062867ed6a1db6999d709acff810fd5d84d,data/raw/pdfs/76_นราธิวาส.pdf,2,27,25.84252,385.1426,1088.8346369999997,398.4426
pdf_11:p1:r24,rec_1f6dc630ef7135d9b5759167da01a83b5a0656c39ec5c382c650baf567901012,2445,pdf_11,3638acfefe295becff8609b6ee16edeea0914e518d215754813661f1c0a3f79b,data/raw/pdfs/11_ชลบุรี.pdf,1,24,25.84252,381.74649,1088.8346429729727,395.04649
pdf_72:p2:r14,rec_2c22444f1ec88dcf8f7bb525b6954dc53bf35fa96fad2c58ed5ecd11030e0482,2446,pdf_72,04f947c56ddf01a73b376cdbb3099e393f9141fff3fec2504b9e031114606073,data/raw/pdfs/72_ตรัง.pdf,2,14,25.84252,212.24256000000005,1088.8346402499997,225.54255999999995
pdf_76:p2:r22,rec_abc937b0007675aa3c5f285efcff5e533843837213b64a4242c0f634e421ff07,2447,pdf_76,474bb90a38c020bbc86d90180af2b062867ed6a1db6999d709acff810fd5d84d,data/raw/pdfs/76_นราธิวาส.pdf,2,22,25.84252,318.6426,1088.8346369999997,331.94259999999997
pdf_70:p1:r30,rec_10297057ab77f61e88bb3f10fbceba7c08fa9ab7cdba2985b444daf9a84f4570,2448,pdf_70,dd0c8cec48b7f0994639864765a097630785c0e22135d674cb3057f22c0f80ab,data/raw/pdfs/70_สงขลา.pdf,1,30,25.84252,461.54649,1088.8346429729727,474.84649
pdf_73:p3:r2,rec_ab3a8e607266841d98a0f644c6d1be69dc934858b5a22e13b0be9c8b0febe60c,2449,pdf_73,8a9a8b1fb9d81eb7f2d76afa1f886621ea38587fc4c60902bc317398649ff90e,data/raw/pdfs/73_พัทลุง.pdf,3,2,25.842519999999997,52.642600000000016,1088.8346314285711,65.94259999999997
pdf_43:p1:r5,rec_5d0c05bb8d5915c50039b00af84ae807dbe8354e5fcfef93eb9c14c1676743c1,2450,pdf_43,edb270fe62c998ddd1ab10ecfe3b80a9ebcafcd12ad7a426b34c631deae32c4f,data/raw/pdfs/43_น่าน.pdf,1,5,25.842519999999997,137.54649999999998,1088.834628333333,150.8465
pdf_76:p1:r14,rec_aa115d85d40a6cae13bf66907b82b52c3cd10c8b1b5a55a682d467e7b5c31ea8,2451,pdf_76,474bb90a38c020bbc86d90180af2b062867ed6a1db6999d709acff810fd5d84d,data/raw/pdfs/76_นราธิวาส.pdf,1,14,25.84252,248.74649,1088.8346429729727,262.04648999999995
pdf_04:p1:r15,rec_cad45badb3a9b1fe11d6ca6420709ba2f46deb486547198423e824c12baafa7d,2452,pdf_04,83861a2a02db33dda27703227bb90cd50ba1b9144123e42912f926c1d1043c39,data/raw/pdfs/04_ปทุมธานี.pdf,1,15,25.84252,262.04648999999995,1088.8346429729727,275.34649
pdf_74:p2:r9,rec_1e93f62e3e5dd4099efd989954e19975071b80abb08acf95a53fa082fb0d161d,2453,pdf_74,a740362f586a24f46fcc09fc1a1bc6391556e4c9bc432141903734f7833f39db,data/raw/pdfs/74_ปัตตานี.pdf,2,9,25.84252,145.74255999999997,1088.8346404878048,159.04255999999998
pdf_73:p1:r27,rec_ab2a1bcc6d89de0541b8b70268978122fc607862504cfcc4519fbb5cec800841,2454,pdf_73,8a9a8b1fb9d81eb7f2d76afa1f886621ea38587fc4c60902bc317398649ff90e,data/raw/pdfs/73_พัทลุง.pdf,1,27,25.84252,430.14649,1088.8346429729727,443.44649
pdf_74:p1:r23,rec_c950e164edd27dfc40c876d68c4d8ca4781f4cc99e5f226169554a940f088b45,2455,pdf_74,a740362f586a24f46fcc09fc1a1bc6391556e4c9bc432141903734f7833f39db,data/raw/pdfs/74_ปัตตานี.pdf,1,23,25.84252,368.44649,1088.8346429729727,381.74649
pdf_70:p1:r8,rec_54e49eab3602793118038aaa535eb8edce22e384fe8dfa497739ca93e0a71c6c,2456,pdf_70,dd0c8cec48b7f0994639864765a097630785c0e22135d674cb3057f22c0f80ab,data/raw/pdfs/70_สงขลา.pdf,1,8,25.84252,168.94649000000004,1088.8346429729727,182.24649
pdf_73:p2:r14,rec_dfef43b2c565cd2f666cf980d6e7a448f44eb9909ea8a4e35fb13d2934fb5820,2457,pdf_73,8a9a8b1fb9d81eb7f2d76afa1f886621ea38587fc4c60902bc317398649ff90e,data/raw/pdfs/73_พัทลุง.pdf,2,14,25.84252,212.24255999999997,1088.8346404878048,225.54255999999995
pdf_72:p2:r8,rec_f6de9abfbc5257394241a7892f34592a403e44ef3741440a3a8242b4fc4a504a,2458,pdf_72,04f947c56ddf01a73b376cdbb3099e393f9141fff3fec2504b9e031114606073,data/raw/pdfs/72_ตรัง.pdf,2,8,25.84252,132.44255999999996,1088.8346402499997,145.74256000000003
pdf_67:p2:r16,rec_6806b3fef37cd90bd78ced17450735cad7e9e36b811d079f4653600d5c1d818b,2459,pdf_67,b66fc9f9229750b7a04c0e5c07c072d77eb0800ed604da819fb28b6c4a75a636,data/raw/pdfs/67_สุราษฎร์ธานี.pdf,2,16,25.84252,238.84256,1088.8346404878048,252.14255999999995
pdf_62:p1:r15,rec_10b41dd3b011bc82daeef86a6d725b3318c8929a932c0ed7594deb4e35676ef5,2460,pdf_62,16170e28f4926ce3d0cb9566cb26ec752a3cb84a42d0ceb55d00107b3d3f1443,data/raw/pdfs/62_ประจวบคีรีขันธ์.pdf,1,15,25.84252,262.0465,1088.834638181818,275.3465
pdf_75:p1:r10,rec_998e11cc6ea35567cb8876cd3de9072c300b67cac25982cc2372f261264f103e,2461,pdf_75,ffef7f4f9a7953e62785b17dc6cfa1d3fa15bda9cb7369abaaa41e24f24f5ae4,data/raw/pdfs/75_ยะลา.pdf,1,10,25.84252,195.54649,1088.834642352941,208.84649
pdf_35:p1:r32,rec_8ffef60fbb5b9c50c5b0b36ea715bf449cc75fec7483dac8949ef7966e6806d1,2462,pdf_35,34e8cb69b8d0f03a2caba0ffc0eb6d4b5233159b13350c073968de56ab12b69f,data/raw/pdfs/35_สกลนคร.pdf,1,32,25.84252,488.14649,1088.8346429729727,501.44649
pdf_11:p1:r10,rec_6eb3fa6769bd0653de240f0f58fd027bdf1d8a08c289e0b6e828211d9d377121,2463,pdf_11,3638acfefe295becff8609b6ee16edeea0914e518d215754813661f1c0a3f79b,data/raw/pdfs/11_ชลบุรี.pdf,1,10,25.84252,195.54648999999995,1088.8346429729727,208.84649
pdf_16:p2:r3,rec_aacfe80a52438d9801bb7b41a60148c3100df15dbaadd33f4ee5b00a0b954d19,2464,pdf_16,7b893a3f02630b40240d0242410f662e3fe91d8d5ea2449991bba89e89a89ea4,data/raw/pdfs/16_ปราจีนบุรี.pdf,2,3,25.84252,65.94259999999997,1088.8346365517239,79.24260000000004
pdf_64:p3:r18,rec_9f9fd28c4a9c9a9e768924ab6bf8d56580e3441b0fa11a6b197d0ed7cdfaa322,2465,pdf_64,a4e4abc03757d1e14ce1bfb2e426567faeea8fce3152123821e712496872240e,data/raw/pdfs/64_กระบี่.pdf,3,18,25.84252,265.44255999999996,1088.8346404878048,278.74255999999997
pdf_10:p2:r30,rec_6db8c117e6a17a693f2835bc5175ad3ee2806cc7a68d272ce9a8be7cacacdae3,2466,pdf_10,5e0a433bc2cc307479a32d344bf5b0b4f006af0a3d0ccc1493fb587c885896c1,data/raw/pdfs/10_สระบุรี.pdf,2,30,25.84252,425.04256,1088.8346404878048,438.34255999999993
pdf_56:p2:r11,rec_10837d41997fb875e1ee27c4a7e83120b1401674839790d78ae2c44ea87dc5bc,2467,pdf_56,f0ce416ab9d3f527c2052960422068d0564c2b8833f2a75d05cab7aa8280b0d5,data/raw/pdfs/56_กาญจนบุรี.pdf,2,11,25.84252,172.34256,1088.8346394594591,185.64256
pdf_03:p4:r8,rec_38c6ff141076004c6043ee3f58d2476742e2c34502e79ecbf7e8bedd4f614fc6,2468,pdf_03,7dd9e7f51732791c63183067d85d18d20f856edf0c2dff89dbda84d866df2d62,data/raw/pdfs/03_นนทบุรี.pdf,4,8,25.84252,132.44255999999996,1088.8346404878048,145.74255999999997
pdf_18:p1:r26,rec_4e677fb7fc6b96568c88477627e33b63d1688f814c8ac55f286a4b7dce11e496,2469,pdf_18,be2f47080dc7e95c466a639def50661998348f89a3d3495b6324e03e6ac06a59,data/raw/pdfs/18_สระแก้ว.pdf,1,26,25.84252,408.34649,1088.834642121212,421.64649
pdf_67:p6:r17,rec_aaad028995802ead57f5cc0b1cc568d01e33056986c0e75e8d007bc16ce0deb3,2470,pdf_67,b66fc9f9229750b7a04c0e5c07c072d77eb0800ed604da819fb28b6c4a75a636,data/raw/pdfs/67_สุราษฎร์ธานี.pdf,6,17,25.84252,252.14255999999995,1088.8346404878048,265.44255999999996
pdf_23:p3:r14,rec_8a96515bbd30a25aff26f837b3f1d1e7950c0a0bced92bad21e3b1c44f149eb1,2471,pdf_23,771338278a591f8b5dfd252a64922234ef0d7071b6e6cd32beb2341668023e47,data/raw/pdfs/23_อุบลราชธานี.pdf,3,14,25.84252,212.24259999999998,1088.8346388571426,225.5426
pdf_74:p2:r7,rec_a09d5a612e3d791480f6a278c4b6538d897eb4e478e6835fd7997cee39192003,2472,pdf_74,a740362f586a24f46fcc09fc1a1bc6391556e4c9bc432141903734f7833f39db,data/raw/pdfs/74_ปัตตานี.pdf,2,7,25.84252,119.14255999999996,1088.8346404878048,132.44255999999996
pdf_74:p3:r8,rec_8b94f33d2d0c8d1884838d1b71c6d9850723205fe70648f47122cca4686abf41,2473,pdf_74,a740362f586a24f46fcc09fc1a1bc6391556e4c9bc432141903734f7833f39db,data/raw/pdfs/74_ปัตตานี.pdf,3,8,25.84252,132.44259999999997,1088.834628333333,145.7426
pdf_75:p1:r32,rec_8be118f0e72b1cdfa5ef3e7b88842a595ce28aea83c55df3d28bb36c2cef79c4,2474,pdf_75,ffef7f4f9a7953e62785b17dc6cfa1d3fa15bda9cb7369abaaa41e24f24f5ae4,data/raw/pdfs/75_ยะลา.pdf,1,32,25.84252,488.14649,1088.834642352941,501.44649
pdf_76:p2:r23,rec_7c981ee2b1ad9c325adfff792b1facfbe8d59f1d426e1ba30b62c0ec30b8a364,2475,pdf_76,474bb90a38c020bbc86d90180af2b062867ed6a1db6999d709acff810fd5d84d,data/raw/pdfs/76_นราธิวาส.pdf,2,23,25.84252,331.94259999999997,1088.8346369999997,345.2425999999999
pdf_75:p1:r21,rec_b3882cbad7df0f329f9ed78a533e97eeb7957b49966c62bc05f9f14b7ade1304,2476,pdf_75,ffef7f4f9a7953e62785b17dc6cfa1d3fa15bda9cb7369abaaa41e24f24f5ae4,data/raw/pdfs/75_ยะลา.pdf,1,21,25.84252,341.84649,1088.834642352941,355.14649
pdf_74:p1:r31,rec_efdb9d0b167e87324ce560626adbefa3e943e35a26ac6dbbe3a5fceb09248ff7,2477,pdf_74,a740362f586a24f46fcc09fc1a1bc6391556e4c9bc432141903734f7833f39db,data/raw/pdfs/74_ปัตตานี.pdf,1,31,25.84252,474.84649,1088.8346429729727,488.14649
pdf_74:p2:r14,rec_fc6957049765c339df74ea2da761847a197d13023ffea61cc201c8630c947ff3,2478,pdf_74,a740362f586a24f46fcc09fc1a1bc6391556e4c9bc432141903734f7833f39db,data/raw/pdfs/74_ปัตตานี.pdf,2,14,25.84252,212.24255999999997,1088.8346404878048,225.54255999999995
pdf_64:p3:r24,rec_1a6b81dc97ed4bcc60d3d753a2724d7ce488b261220d321884aced7094ef70fc,2479,pdf_64,a4e4abc03757d1e14ce1bfb2e426567faeea8fce3152123821e712496872240e,data/raw/pdfs/64_กระบี่.pdf,3,24,25.84252,345.24256,1088.8346404878048,358.54256
pdf_05:p2:r15,rec_ae90d7f8e2b58cb86eaa639d0d2f025d9b81d6f14929f9107cf8022cddf0e5c9,2480,pdf_05,ae1ba5ac5ef768c29045f4282a9047c71474a8d654003bfa51574874b3f415fc,data/raw/pdfs/05_พระนครศรีอยุธยา.pdf,2,15,25.84252,225.54255999999995,1088.8346404878048,238.84256
pdf_27:p2:r6,rec_dacc5853f74d0b8852f3cec0cb5901757d35283e39a100855fc03f9e970b3acf,2481,pdf_27,bf545cbe9d19aa5a22880cf18f4484776d7d3e1348605d1451dfe7147ed85334,data/raw/pdfs/27_หนองบัวลำภู.pdf,2,6,25.84252,105.84259999999995,1088.8346304999998,119.14259999999999
pdf_27:p1:r32,rec_0fb70dba19c034017f00d55af5bf84d59648652f37a87b056cb18e915f72fc69,2482,pdf_27,bf545cbe9d19aa5a22880cf18f4484776d7d3e1348605d1451dfe7147ed85334,data/raw/pdfs/27_หนองบัวลำภู.pdf,1,32,25.84252,488.14649,1088.8346429729727,501.44649
pdf_69:p1:r14,rec_e53c5f0ff4a67dfe26fab661f38c2b7e82f92fb2897a6b352c15253572b53def,2483,pdf_69,769b283c00d83344280df884874571c2a99d89f78de64644b43bf9c6a108efa4,data/raw/pdfs/69_ชุมพร.pdf,1,14,25.84252,248.74649,1088.8346429729727,262.04648999999995
pdf_48:p1:r9,rec_c591b075083c9f5a91b571c1e29e7bf065e5f19aa98e4976ef09b62d95bfc332,2484,pdf_48,4ace8fb0ec02d2b1aa95432a9b9e883581d60aba88879e64923cce23b14c3f06,data/raw/pdfs/48_อุทัยธานี.pdf,1,9,25.842519999999997,182.24649999999997,1088.8346376190475,195.54649999999998
pdf_67:p1:r18,rec_0ef75c2c100aec3003433be2d198d3c6b184e88d5e346b377040e35ce25316e6,2485,pdf_67,b66fc9f9229750b7a04c0e5c07c072d77eb0800ed604da819fb28b6c4a75a636,data/raw/pdfs/67_สุราษฎร์ธานี.pdf,1,18,25.84252,301.94649,1088.8346429729727,315.24649
pdf_56:p1:r14,rec_623ff6e9e38f52850d51c66f76373d4bb813bdb6008aa6180b265af6e326761d,2486,pdf_56,f0ce416ab9d3f527c2052960422068d0564c2b8833f2a75d05cab7aa8280b0d5,data/raw/pdfs/56_กาญจนบุรี.pdf,1,14,25.84252,248.74649,1088.8346429729727,262.04648999999995
pdf_59:p1:r8,rec_2ea01d461f5453088916902550b0ee0ecaf9b79ab07d8bf0ae9be07149aceb61,2487,pdf_59,0c5827ab1fffa2ec0689a95405ee8640473ea428f18b199f44d2f71d4f366ad8,data/raw/pdfs/59_สมุทรสาคร.pdf,1,8,25.84252,168.94649000000004,1088.8346429729727,182.24649
pdf_05:p2:r24,rec_e6f0e63100e8e87fcaf6d8548d56fbdb9fc1eba46572509f243172ba1e02211d,2488,pdf_05,ae1ba5ac5ef768c29045f4282a9047c71474a8d654003bfa51574874b3f415fc,data/raw/pdfs/05_พระนครศรีอยุธยา.pdf,2,24,25.84252,345.24256,1088.8346404878048,358.54256
pdf_35:p1:r14,rec_11f671b723a5399ecdeb889191aaf59fe524f318143db4048a145788b10fb518,2489,pdf_35,34e8cb69b8d0f03a2caba0ffc0eb6d4b5233159b13350c073968de56ab12b69f,data/raw/pdfs/35_สกลนคร.pdf,1,14,25.84252,248.74649,1088.8346429729727,262.04648999999995
pdf_38:p2:r1,rec_b854565c41d3c889fe6acb4f58392f4cc0be33d6649f0351d86dbf3ae43f0042,2490,pdf_38,462a1c486a501887e4446ef7e812041c7d158ab4442235b85572d4a89fd7f492,data/raw/pdfs/38_เชียงใหม่.pdf,2,1,25.84252,39.34259999999995,1088.8346109999998,52.642600000000016
pdf_03:p5:r12,rec_946b232d67949fd0b7b7e732de5dc9ea81e5d7e35182875ce73290b73db00aca,2491,pdf_03,7dd9e7f51732791c63183067d85d18d20f856edf0c2dff89dbda84d866df2d62,data/raw/pdfs/03_นนทบุรี.pdf,5,12,25.84252,185.6426,1088.8346391666664,198.94259999999997
pdf_58:p1:r10,rec_23f35b045d5ba116ca4fcbf88b33b4a4aa02da2af956432eabb31e228f2a9365,2492,pdf_58,8ff0dc3c9fe92f1cc2721c37fe35cfcc653ad17ca531672dc94686e7776d35a5,data/raw/pdfs/58_นครปฐม.pdf,1,10,25.84252,195.54648999999995,1088.8346429729727,208.84649
pdf_34:p1:r9,rec_52b52f952d29c5475ea7273c6ca936f31ae368e2882e3eb961884235df0d3c4b,2493,pdf_34,30b4d774cb5320d220f159e40b6587975e86746b88d9aa4836232840654436f4,data/raw/pdfs/34_กาฬสินธุ์.pdf,1,9,25.84252,190.74649999999997,1088.834626363636,204.0465
pdf_58:p2:r24,rec_09abfa2474e0d49b7c3b2d2c72420caea11601c6980593e0f525e1626ea7b51e,2494,pdf_58,8ff0dc3c9fe92f1cc2721c37fe35cfcc653ad17ca531672dc94686e7776d35a5,data/raw/pdfs/58_นครปฐม.pdf,2,24,25.84252,345.24256,1088.8346404878048,358.54256
pdf_11:p2:r27,rec_2022c303a0207c5b3032dae34bac65a062a8623ce3107fa1701e9578ff3bfdab,2495,pdf_11,3638acfefe295becff8609b6ee16edeea0914e518d215754813661f1c0a3f79b,data/raw/pdfs/11_ชลบุรี.pdf,2,27,25.84252,385.14256,1088.8346404878048,398.44255999999996
pdf_70:p1:r10,rec_f89ed81c94be67d1178de957d78e9f86cfbc87a052914bd3198f187b9c0e990f,2496,pdf_70,dd0c8cec48b7f0994639864765a097630785c0e22135d674cb3057f22c0f80ab,data/raw/pdfs/70_สงขลา.pdf,1,10,25.84252,195.54648999999995,1088.8346429729727,208.84649
pdf_73:p2:r21,rec_9c3030d1c01475662ed29940a76ed9231539e7bc9f5643810b50b00779b48267,2497,pdf_73,8a9a8b1fb9d81eb7f2d76afa1f886621ea38587fc4c60902bc317398649ff90e,data/raw/pdfs/73_พัทลุง.pdf,2,21,25.84252,305.34256,1088.8346404878048,318.64256
pdf_10:p1:r26,rec_75baea941b439d51dfdc8595b76cd1ca3a12560fc8400d1a8831486c1635981c,2498,pdf_10,5e0a433bc2cc307479a32d344bf5b0b4f006af0a3d0ccc1493fb587c885896c1,data/raw/pdfs/10_สระบุรี.pdf,1,26,25.84252,408.34649,1088.8346429729727,421.64649
pdf_03:p5:r23,rec_f2a8cc96e2a9545272fc4fc029bc9a5e615fd7208399b6631829c5c773d2bf1e,2499,pdf_03,7dd9e7f51732791c63183067d85d18d20f856edf0c2dff89dbda84d866df2d62,data/raw/pdfs/03_นนทบุรี.pdf,5,23,25.84252,331.94259999999997,1088.8346391666664,345.2426
pdf_67:p5:r27,rec_66ca101e7c64141c5dfc9a94a3e07634f31e837c7677ad4c630c869ca4509fa1,2500,pdf_67,b66fc9f9229750b7a04c0e5c07c072d77eb0800ed604da819fb28b6c4a75a636,data/raw/pdfs/67_สุราษฎร์ธานี.pdf,5,27,25.84252,385.14256,1088.8346404878048,398.44255999999996
pdf_03:p4:r9,rec_51aee998a50d943acf33a37164fe6bf6fea339a00f600e1f9039f8d24cc566b4,2501,pdf_03,7dd9e7f51732791c63183067d85d18d20f856edf0c2dff89dbda84d866df2d62,data/raw/pdfs/03_นนทบุรี.pdf,4,9,25.84252,145.74255999999997,1088.8346404878048,159.04255999999998
pdf_29:p2:r26,rec_1277886720a26869293d61746d34205faa94b6d0554c2827df8848081ef3ee8c,2502,pdf_29,a1a30635ac132e2e87cc5b8c3c2c6e737453ecabe176861ce1a21609a26f3a1a,data/raw/pdfs/29_อุดรธานี.pdf,2,26,25.84252,371.84259999999995,1088.8346365517239,385.14259999999996
pdf_23:p1:r1,rec_d511fe3b5c2291424316f535ba3bb047ef89530997eaf8891bd175715df294f5,2503,pdf_23,771338278a591f8b5dfd252a64922234ef0d7071b6e6cd32beb2341668023e47,data/raw/pdfs/23_อุบลราชธานี.pdf,1,1,25.84252,84.34649000000002,1088.8346429729727,97.64648999999997
pdf_67:p2:r31,rec_69d8a343a2a372fa2243851e941e36701f7681e43add0857b6b523b8ed7f6055,2504,pdf_67,b66fc9f9229750b7a04c0e5c07c072d77eb0800ed604da819fb28b6c4a75a636,data/raw/pdfs/67_สุราษฎร์ธานี.pdf,2,31,25.84252,438.34255999999993,1088.8346404878048,451.64256000000006
pdf_11:p1:r11,rec_855502a6fc37e192fd2e1fe794f32376e7842480e1025d73916ae054b1b04850,2505,pdf_11,3638acfefe295becff8609b6ee16edeea0914e518d215754813661f1c0a3f79b,data/raw/pdfs/11_ชลบุรี.pdf,1,11,25.84252,208.84649,1088.8346429729727,222.14649
pdf_56:p2:r2,rec_36f3c9cd0829031cca5fd73c33e3ee7cbfe8a7d0e94d71c46c918f4a752829ba,2506,pdf_56,f0ce416ab9d3f527c2052960422068d0564c2b8833f2a75d05cab7aa8280b0d5,data/raw/pdfs/56_กาญจนบุรี.pdf,2,2,25.84252,52.64256,1088.8346394594591,65.94256
pdf_64:p2:r27,rec_defb0abc47e46b1795b954ddacaa87d2a25a867d175371df070fc119c7f46e46,2507,pdf_64,a4e4abc03757d1e14ce1bfb2e426567faeea8fce3152123821e712496872240e,data/raw/pdfs/64_กระบี่.pdf,2,27,25.84252,385.14256,1088.8346404878048,398.44255999999996
pdf_57:p1:r23,rec_97684cd451a1d255249816ee5c1eeb9c7a7a6dedafde64f328cf6374effde8c7,2508,pdf_57,9b6f57faac860a1339f68519b1b756d3ef34cc2ccd4962f5e15b78600e7c9112,data/raw/pdfs/57_สุพรรณบุรี.pdf,1,23,25.84252,368.44649,1088.8346429729727,381.74649
pdf_67:p4:r24,rec_0d5dfeb036e9bca4ea128174c3dc19f17cf9d48177f71f5037027292e0c783cb,2509,pdf_67,b66fc9f9229750b7a04c0e5c07c072d77eb0800ed604da819fb28b6c4a75a636,data/raw/pdfs/67_สุราษฎร์ธานี.pdf,4,24,25.84252,345.24256,1088.8346404878048,358.54256
pdf_19:p1:r24,rec_55544ef7d1d43f4eedacdfaa5bf017e1f2080888a2147c7fef20d0a3cc4c42a8,2510,pdf_19,2fbc685c790d957bd597a9ae4cbc69a07dacbb20cab611015cf1ce2eecd5982c,data/raw/pdfs/19_นครราชสีมา.pdf,1,24,25.84252,390.24649,1088.8346429729727,403.54649
pdf_52:p1:r25,rec_c239cd0b5cc2eb89240c5a81b87302154381e3d17c555432c02bd03c7fd36e68,2511,pdf_52,9cb0d6cf6dff8fc890e8435c67310ba7051a6c49c0a0cbb9b817f49c8ece0551,data/raw/pdfs/52_พิษณุโลก.pdf,1,25,25.84252,395.04649,1088.8346429729727,408.34649
pdf_69:p2:r38,rec_2edaae43f7e2736b9fadb8290bafed4edb9744941e23b965940887d39c059a2c,2512,pdf_69,769b283c00d83344280df884874571c2a99d89f78de64644b43bf9c6a108efa4,data/raw/pdfs/69_ชุมพร.pdf,2,38,25.84252,531.44256,1088.8346404878048,544.74256
pdf_54:p1:r11,rec_556db54103041ad9d65112bbd01cada5d34eae3c2960b21f557105caf9227950,2513,pdf_54,884b1d2d94fff12fa64928c8a22df877265f50fbc00dfcb61f5a4636dd1c14c8,data/raw/pdfs/54_เพชรบูรณ์.pdf,1,11,25.84252,217.34649,1088.8346429729727,230.64649
pdf_76:p2:r15,rec_824cd5969aee386521152c129ed61d095e3f51befda74a6fa0b7c00ab0c527ed,2514,pdf_76,474bb90a38c020bbc86d90180af2b062867ed6a1db6999d709acff810fd5d84d,data/raw/pdfs/76_นราธิวาส.pdf,2,15,25.84252,225.5426,1088.8346369999997,238.8426
pdf_50:p1:r3,rec_c883f29f98f2c79f0a6fcbb96e8dbab4ccf7aac9a29fbf3183dde0b92ccc241b,2515,pdf_50,8b7fe8a59c2c1fa488d7462868687d8f934217d7df929384117ef1e19dae37ab,data/raw/pdfs/50_ตาก.pdf,1,3,25.84252,102.44649000000004,1088.8346429729727,115.74649
pdf_58:p3:r10,rec_921d946060e2f4fcb2584b262f1e3a5935117d0b7494b49ae33b20d8a11b2813,2516,pdf_58,8ff0dc3c9fe92f1cc2721c37fe35cfcc653ad17ca531672dc94686e7776d35a5,data/raw/pdfs/58_นครปฐม.pdf,3,10,25.84252,159.0426,1088.8346304999998,172.34259999999995
pdf_09:p1:r5,rec_20264ffdc7b6e362e83a2965687ff1643a14c3b1732a81dcddc85a45c5dd63a0,2517,pdf_09,1912b318a38a3716d462ae8461062b50db721b56bb5dcac725c184bafd97be54,data/raw/pdfs/09_ชัยนาท.pdf,1,5,25.84252,129.04650000000004,1088.8346395999997,142.3465
pdf_25:p1:r3,rec_96fd5fd171893f3ee21633f29ffccdb59c0eef75db17de59a2b52d8833a50b7e,2518,pdf_25,0155bd151db06d789a16df2bc6422d9237698f7f38d57991cc1ab60bcb86601c,data/raw/pdfs/25_ชัยภูมิ.pdf,1,3,25.84252,102.44649000000004,1088.8346429729727,115.74649
pdf_06:p1:r22,rec_1796605ec9d8cb80d397442386106d78d63354615c1d5b6f37cb3c76c635a10a,2519,pdf_06,03acf167c8c7dcc3b7e6ccbd9afcaa05e3b5157df416e00c1b7e146d91880d3c,data/raw/pdfs/06_อ่างทอง.pdf,1,22,25.84252,355.14649,1088.8346429729727,368.44649
pdf_67:p4:r15,rec_1704b4574996612f4000c4574ec8393c48cbdac9beb2a867ae911868d4a0bf93,2520,pdf_67,b66fc9f9229750b7a04c0e5c07c072d77eb0800ed604da819fb28b6c4a75a636,data/raw/pdfs/67_สุราษฎร์ธานี.pdf,4,15,25.84252,225.54255999999995,1088.8346404878048,238.84256
pdf_03:p4:r10,rec_741270dc2353907d8290754a6dfed843cbd16970e28f0c83540fe6399c4cc039,2521,pdf_03,7dd9e7f51732791c63183067d85d18d20f856edf0c2dff89dbda84d866df2d62,data/raw/pdfs/03_นนทบุรี.pdf,4,10,25.84252,159.04255999999998,1088.8346404878048,172.34256
pdf_23:p3:r13,rec_e0f2f1d246a22939b56d884fd3a1fe37f02723d59489ba63df16fb19ffd55e81,2522,pdf_23,771338278a591f8b5dfd252a64922234ef0d7071b6e6cd32beb2341668023e47,data/raw/pdfs/23_อุบลราชธานี.pdf,3,13,25.84252,198.94259999999997,1088.8346388571426,212.24259999999998
pdf_67:p6:r4,rec_490f4db15000d6fb877b1b247456cd67719b60d7837bd516b67bf07c1bde173d,2523,pdf_67,b66fc9f9229750b7a04c0e5c07c072d77eb0800ed604da819fb28b6c4a75a636,data/raw/pdfs/67_สุราษฎร์ธานี.pdf,6,4,25.84252,79.24255999999997,1088.8346404878048,92.54255999999998
pdf_23:p3:r6,rec_1b9038dbc0d5efe7d4803e21b97b8c4125901acd036acc324604f1f3b4b38aab,2524,pdf_23,771338278a591f8b5dfd252a64922234ef0d7071b6e6cd32beb2341668023e47,data/raw/pdfs/23_อุบลราชธานี.pdf,3,6,25.84252,105.84259999999998,1088.8346388571426,119.14259999999994
pdf_44:p1:r10,rec_77bbfcc64b1f7cc805165d2bf171c7f8f22223083e417195d6a3e681424108c6,2525,pdf_44,0b6a87addaacef010594603f0dfdfb6eeb947a760e12360b52409636f432ab36,data/raw/pdfs/44_พะเยา.pdf,1,10,25.84252,195.54649999999998,1088.8346369999997,208.84650000000002
pdf_10:p3:r9,rec_db206cedc5d6b24ad971bcd60df176ed5c17e3c86bc92a08ff49cd79ce991d23,2526,pdf_10,5e0a433bc2cc307479a32d344bf5b0b4f006af0a3d0ccc1493fb587c885896c1,data/raw/pdfs/10_สระบุรี.pdf,3,9,25.842519999999997,145.74259999999998,1088.8346314285711,159.0426
pdf_59:p2:r6,rec_00a98f38df6e2eebea982dbb520fa9d792cc087962e5ce2cc554cee5ca8ae84a,2527,pdf_59,0c5827ab1fffa2ec0689a95405ee8640473ea428f18b199f44d2f71d4f366ad8,data/raw/pdfs/59_สมุทรสาคร.pdf,2,6,25.84252,105.84256,1088.8346404878048,119.14255999999996
pdf_29:p2:r4,rec_32b822c036ef55c3f4337cb9fb16abb3eaea85be1ecdc869ce4deeb60d0487f7,2528,pdf_29,a1a30635ac132e2e87cc5b8c3c2c6e737453ecabe176861ce1a21609a26f3a1a,data/raw/pdfs/29_อุดรธานี.pdf,2,4,25.84252,79.24260000000004,1088.8346365517239,92.5426
pdf_52:p1:r22,rec_ce0804138b4a219037bdc365ef5f15b9e82548c035fd0074f42d489c56396d60,2529,pdf_52,9cb0d6cf6dff8fc890e8435c67310ba7051a6c49c0a0cbb9b817f49c8ece0551,data/raw/pdfs/52_พิษณุโลก.pdf,1,22,25.84252,355.14649,1088.8346429729727,368.44649
pdf_02:p2:r9,rec_e75069290d86606a1af961c46108c531ef0913661cd10b93254885e2c026d8df,2530,pdf_02,368a15805d33fb210ed50297795f7f50bf822054e05b59bf71bfa25bee0f3a3c,data/raw/pdfs/02_สมุทรปราการ.pdf,2,9,25.84252,145.74255999999997,1088.8346404878048,159.04255999999998
pdf_29:p2:r14,rec_ff174331646a34dfb9eb438d55918a5b68faae0f55d39e1796c4abb078290cd9,2531,pdf_29,a1a30635ac132e2e87cc5b8c3c2c6e737453ecabe176861ce1a21609a26f3a1a,data/raw/pdfs/29_อุดรธานี.pdf,2,14,25.84252,212.24259999999998,1088.8346365517239,225.5426
pdf_16:p1:r31,rec_9fa7e2531870aaa0a094fe37bded3c754a126f671ef5f81ac37ec9fe4a7e967f,2532,pdf_16,7b893a3f02630b40240d0242410f662e3fe91d8d5ea2449991bba89e89a89ea4,data/raw/pdfs/16_ปราจีนบุรี.pdf,1,31,25.84252,474.84649,1088.8346429729727,488.14649
pdf_04:p3:r26,rec_7d61f5bcf514ea7ed1a5413854ab6db6ab27a710efdb214d32312a85a72b48ff,2533,pdf_04,83861a2a02db33dda27703227bb90cd50ba1b9144123e42912f926c1d1043c39,data/raw/pdfs/04_ปทุมธานี.pdf,3,26,25.84252,371.84256,1088.8346404878048,385.14256
pdf_71:p1:r3,rec_42fff07685600a5f83fa40a3885d4cfc83b9870b22d68686d445a5ca1e4f5c4a,2534,pdf_71,639082545e4a719e41bac9fcbfd55a943a269cfdf276e85b2e44844d06d2a73a,data/raw/pdfs/71_สตูล.pdf,1,3,25.84252,102.44650000000001,1088.8346395999997,115.74649999999997
pdf_58:p3:r4,rec_18fb662ffa84bb4bf99f65608f58b27338470e38d61e455fcf7418a785f66007,2535,pdf_58,8ff0dc3c9fe92f1cc2721c37fe35cfcc653ad17ca531672dc94686e7776d35a5,data/raw/pdfs/58_นครปฐม.pdf,3,4,25.84252,79.24259999999998,1088.8346304999998,92.5426
pdf_15:p2:r9,rec_305f68cd2b0e27d7f8b0163ed458ae6cd9533428e2bc8393054feb51eba6e0bb,2536,pdf_15,bf99cdf12418fcdc90b3c1c739fd4e7e09ca40818852ca43bcd1c3284b3cf084,data/raw/pdfs/15_ฉะเชิงเทรา.pdf,2,9,25.84252,145.74255999999997,1088.8346404878048,159.04255999999998
pdf_70:p2:r5,rec_173488ee84203f50e28f2c1b6df754ef9eb03f21856d99185c5918255093d77f,2537,pdf_70,dd0c8cec48b7f0994639864765a097630785c0e22135d674cb3057f22c0f80ab,data/raw/pdfs/70_สงขลา.pdf,2,5,25.84252,92.5426,1088.8346391666664,105.84259999999999
pdf_74:p2:r15,rec_21c09fa9fd19585dd85aa7fae26d3e22b2d286f78766676e96bcdb416509e9ef,2538,pdf_74,a740362f586a24f46fcc09fc1a1bc6391556e4c9bc432141903734f7833f39db,data/raw/pdfs/74_ปัตตานี.pdf,2,15,25.84252,225.54255999999995,1088.8346404878048,238.84256
pdf_75:p1:r1,rec_a846fea3004bf2d3f6a7c0fb710f5e1e726233f16bbd8d0603a73f2573d550bd,2539,pdf_75,ffef7f4f9a7953e62785b17dc6cfa1d3fa15bda9cb7369abaaa41e24f24f5ae4,data/raw/pdfs/75_ยะลา.pdf,1,1,25.84252,75.84648999999996,1088.834642352941,89.14648999999997
pdf_70:p2:r13,rec_aef0da498718c80cbc51eecfe35cbf4050fe6fc02390642c05a561a0f158c534,2540,pdf_70,dd0c8cec48b7f0994639864765a097630785c0e22135d674cb3057f22c0f80ab,data/raw/pdfs/70_สงขลา.pdf,2,13,25.84252,198.94259999999997,1088.8346391666664,212.24259999999998
pdf_73:p3:r18,rec_0a6e2fe01f7bf449299d800ea323d3b0062c971d1ebeccd5334656292528c82f,2541,pdf_73,8a9a8b1fb9d81eb7f2d76afa1f886621ea38587fc4c60902bc317398649ff90e,data/raw/pdfs/73_พัทลุง.pdf,3,18,25.842519999999997,265.44259999999997,1088.8346314285711,278.7426
pdf_76:p1:r28,rec_40755c742912279e0e3d4ec79db854310133e287429545ffa85c8c1a31263ca0,2542,pdf_76,474bb90a38c020bbc86d90180af2b062867ed6a1db6999d709acff810fd5d84d,data/raw/pdfs/76_นราธิวาส.pdf,1,28,25.84252,434.94649,1088.8346429729727,448.24649
pdf_74:p2:r34,rec_6e73259d08f7721ea6d97e5392d76b886f14d917cfb745eafb0536877ea8bca8,2543,pdf_74,a740362f586a24f46fcc09fc1a1bc6391556e4c9bc432141903734f7833f39db,data/raw/pdfs/74_ปัตตานี.pdf,2,34,25.84252,478.24256,1088.8346404878048,491.54256
pdf_75:p1:r11,rec_19b7904d0c20d2883d5c144719577c6d63e26ddf9282912d0bde2b279044a0ac,2544,pdf_75,ffef7f4f9a7953e62785b17dc6cfa1d3fa15bda9cb7369abaaa41e24f24f5ae4,data/raw/pdfs/75_ยะลา.pdf,1,11,25.84252,208.84649,1088.834642352941,222.14649
pdf_69:p2:r28,rec_31fad02ea4b146641e3f1fe0c7af306c79cd82816e292b19d583d70b6c2aa4d1,2545,pdf_69,769b283c00d83344280df884874571c2a99d89f78de64644b43bf9c6a108efa4,data/raw/pdfs/69_ชุมพร.pdf,2,28,25.84252,398.44255999999996,1088.8346404878048,411.74256
pdf_68:p1:r9,rec_8770d7a3a2e795b5c66602aa10df3c2fcdc8c30aa69fbd68094601e179ab561a,2546,pdf_68,3a242476c7c0c82cd6f78455b9ca30a8d8e875f3ae38090ae0fd5fb12805c593,data/raw/pdfs/68_ระนอง.pdf,1,9,25.84252,182.24649,1088.8346429729727,195.54648999999995
pdf_67:p1:r2,rec_2ac5dcfa51f1d43d1a85e803944d48fda7eed69c12b1bee7d64fcb89f1b070be,2547,pdf_67,b66fc9f9229750b7a04c0e5c07c072d77eb0800ed604da819fb28b6c4a75a636,data/raw/pdfs/67_สุราษฎร์ธานี.pdf,1,2,25.84252,89.14648999999997,1088.8346429729727,102.44649000000004
pdf_13:p1:r13,rec_0229a22f05b84651118986d2bbb961bf12d399bde5eea0d0c7bba0691fd06ee8,2548,pdf_13,b20ef2b0fb7767955210435e1f38c72a82bb812eb8d831b1ac9a4d227b8a8454,data/raw/pdfs/13_จันทบุรี.pdf,1,13,25.84252,235.44649999999996,1088.8346326666665,248.74649999999997
pdf_02:p2:r25,rec_9cafab455708d434f647d2dbcc14220ffc22eba5a45f098c7de43c17bd187f33,2549,pdf_02,368a15805d33fb210ed50297795f7f50bf822054e05b59bf71bfa25bee0f3a3c,data/raw/pdfs/02_สมุทรปราการ.pdf,2,25,25.84252,358.54256,1088.8346404878048,371.84256
pdf_64:p3:r8,rec_ee856e19d51634f3aa4a9a4647500f7ee991cd619f1aebb0d4c18cad41f47282,2550,pdf_64,a4e4abc03757d1e14ce1bfb2e426567faeea8fce3152123821e712496872240e,data/raw/pdfs/64_กระบี่.pdf,3,8,25.84252,132.44255999999996,1088.8346404878048,145.74255999999997
pdf_64:p3:r32,rec_bbd1ea62b534ff67fc4cfa185ce356b2a6b8247b8bb32af02ca96f611800709d,2551,pdf_64,a4e4abc03757d1e14ce1bfb2e426567faeea8fce3152123821e712496872240e,data/raw/pdfs/64_กระบี่.pdf,3,32,25.84252,451.64256000000006,1088.8346404878048,464.94255999999996
pdf_23:p2:r28,rec_e7945788a7d24cc5eb18ce7fa6c4acf77d9d74a2048153ec10ea45b43fd1a51d,2552,pdf_23,771338278a591f8b5dfd252a64922234ef0d7071b6e6cd32beb2341668023e47,data/raw/pdfs/23_อุบลราชธานี.pdf,2,28,25.84252,398.44255999999996,1088.8346404878048,411.74256
pdf_70:p1:r18,rec_01b9256f0a5bfb0897c7115cc32eb07e2cee1786f0d63f8ad5f775f0eb7d1e82,2553,pdf_70,dd0c8cec48b7f0994639864765a097630785c0e22135d674cb3057f22c0f80ab,data/raw/pdfs/70_สงขลา.pdf,1,18,25.84252,301.94649,1088.8346429729727,315.24649
pdf_41:p1:r15,rec_0d53393c9405c65f9e619d19970aea155d118f09143b9d04269d9b7a1a48004e,2554,pdf_41,30547a39de949400c4d126175dcaea5210ed959ebf29c2b6135b85e45a4643e4,data/raw/pdfs/41_อุตรดิตถ์.pdf,1,15,25.84252,262.04650000000004,1088.834636315789,275.3465
pdf_67:p2:r18,rec_f1c09908acc75e97317f581d2bc3564aeaf054bafabdcb8eba06fc440afd6b59,2555,pdf_67,b66fc9f9229750b7a04c0e5c07c072d77eb0800ed604da819fb28b6c4a75a636,data/raw/pdfs/67_สุราษฎร์ธานี.pdf,2,18,25.84252,265.44255999999996,1088.8346404878048,278.74255999999997
pdf_05:p3:r30,rec_763ad7feca886af8c41e44b0f81db18ffe9a8db70cb23434d4330c5f50b43cf8,2556,pdf_05,ae1ba5ac5ef768c29045f4282a9047c71474a8d654003bfa51574874b3f415fc,data/raw/pdfs/05_พระนครศรีอยุธยา.pdf,3,30,25.84252,425.04259999999994,1088.8346388571426,438.34259999999995
pdf_05:p2:r4,rec_29438f073b2277bcd63cfad641f7e24a42a1d11c8c3e3e50142361f5dbf83ed6,2557,pdf_05,ae1ba5ac5ef768c29045f4282a9047c71474a8d654003bfa51574874b3f415fc,data/raw/pdfs/05_พระนครศรีอยุธยา.pdf,2,4,25.84252,79.24255999999997,1088.8346404878048,92.54255999999998
pdf_23:p3:r32,rec_60767257ceed2182894c472ab3dc8e3e263508b6d5bfbae3783208f5593f5827,2558,pdf_23,771338278a591f8b5dfd252a64922234ef0d7071b6e6cd32beb2341668023e47,data/raw/pdfs/23_อุบลราชธานี.pdf,3,32,25.84252,451.64259999999996,1088.8346388571426,464.9426
pdf_22:p1:r20,rec_88a9b39eba712ee9425e7e52c541ab4f03c7979e472a660e5b1dcf0c9fa8d9b0,2559,pdf_22,2695490faf896b9d7501aa7f09b83fc02b29dc6d768bbbf3a99d9138839b7d3e,data/raw/pdfs/22_ศรีสะเกษ.pdf,1,20,25.84252,337.0465,1088.8346395999997,350.3465
pdf_67:p4:r38,rec_0695c1c51eca8b4e45358422d537a7fd4faea9bd4a8f6cc339c0dcedc21a8a74,2560,pdf_67,b66fc9f9229750b7a04c0e5c07c072d77eb0800ed604da819fb28b6c4a75a636,data/raw/pdfs/67_สุราษฎร์ธานี.pdf,4,38,25.84252,531.44256,1088.8346404878048,544.74256
pdf_54:p2:r14,rec_bd4a68bda9ccd1f5ef91a0e53a49ec8fab76ee4aef5c4f82f49e36a887621c50,2561,pdf_54,884b1d2d94fff12fa64928c8a22df877265f50fbc00dfcb61f5a4636dd1c14c8,data/raw/pdfs/54_เพชรบูรณ์.pdf,2,14,25.84252,212.24255999999997,1088.8346404878048,225.54255999999995
pdf_39:p1:r6,rec_ead8f8546c15789651e531812e4e4ab1f98953780945b15d8ccc8cd1c3f38740,2562,pdf_39,f8439630693dcb0a91ca91bc39687ac32878a128fb24ec09b75d075fce0bca64,data/raw/pdfs/39_ลำพูน.pdf,1,6,25.84252,142.3465,1088.8346369999997,155.64649999999995
pdf_28:p2:r8,rec_577130a7a4f3199fed9919a8a05dbf7699c14c7162bf4ff02894e3a02e898471,2563,pdf_28,38e1a8d128ab928dd0bef117c9dbaa8191aea027adc2dae9137f68937f31d040,data/raw/pdfs/28_ขอนแก่น.pdf,2,8,25.84252,132.4426,1088.8346199999999,145.74259999999998
pdf_10:p2:r32,rec_97d2956d7d8f9d3f52934e42afa705a7258403ff644417943b23912b3091adc6,2564,pdf_10,5e0a433bc2cc307479a32d344bf5b0b4f006af0a3d0ccc1493fb587c885896c1,data/raw/pdfs/10_สระบุรี.pdf,2,32,25.84252,451.64256000000006,1088.8346404878048,464.94255999999996
pdf_14:p1:r1,rec_48eada2baea0e87261ca021c8e9fad8e1ba875662961d993b3ea64937843a5bc,2565,pdf_14,393e31a1b8153f8cc465f3ec91d9f8ca361728a4cd33c0dfaa79d4d01d13c1e9,data/raw/pdfs/14_ตราด.pdf,1,1,25.84252,75.84649999999999,1088.8346174999997,89.1465
pdf_04:p2:r18,rec_0036a17173ba2b1d4bbbcf9530e1d369e93c819e009de238691401747112d9ff,2566,pdf_04,83861a2a02db33dda27703227bb90cd50ba1b9144123e42912f926c1d1043c39,data/raw/pdfs/04_ปทุมธานี.pdf,2,18,25.84252,265.44255999999996,1088.8346404878048,278.74255999999997
pdf_27:p1:r25,rec_9b52b7636cffd5e4add77c204b5e65e79b06762772764bf17c78ebf094dbc542,2567,pdf_27,bf545cbe9d19aa5a22880cf18f4484776d7d3e1348605d1451dfe7147ed85334,data/raw/pdfs/27_หนองบัวลำภู.pdf,1,25,25.84252,395.04649,1088.8346429729727,408.34649
pdf_44:p1:r12,rec_0a3b6e6e1fa9ec72a0854d5c00710cb09d630f4ed6da4540495e61dd60a9eac0,2568,pdf_44,0b6a87addaacef010594603f0dfdfb6eeb947a760e12360b52409636f432ab36,data/raw/pdfs/44_พะเยา.pdf,1,12,25.84252,222.14649999999992,1088.8346369999997,235.44649999999996
pdf_64:p4:r2,rec_b3d72820a1972240a77347d69295f3489e6367c3b53144cbcb758772e994e72f,2569,pdf_64,a4e4abc03757d1e14ce1bfb2e426567faeea8fce3152123821e712496872240e,data/raw/pdfs/64_กระบี่.pdf,4,2,25.84252,52.642600000000016,1088.834594285714,65.94259999999997
pdf_19:p2:r20,rec_475d2daddfd435af1bfd29480d511eb3a504c09130d3ea7b997cee4d4f720c7a,2570,pdf_19,2fbc685c790d957bd597a9ae4cbc69a07dacbb20cab611015cf1ce2eecd5982c,data/raw/pdfs/19_นครราชสีมา.pdf,2,20,25.84252,292.04256,1088.8346404878048,305.34256
pdf_16:p1:r33,rec_d9f32f1514848e7a190aaa73ab0f596be7bf923f404f1cdc12d2d0a34d313277,2571,pdf_16,7b893a3f02630b40240d0242410f662e3fe91d8d5ea2449991bba89e89a89ea4,data/raw/pdfs/16_ปราจีนบุรี.pdf,1,33,25.84252,501.44649,1088.8346429729727,514.74649
pdf_62:p1:r16,rec_e051c981df582fe255a25f110a85904d476d2aae851e9d29bf4860d89768231f,2572,pdf_62,16170e28f4926ce3d0cb9566cb26ec752a3cb84a42d0ceb55d00107b3d3f1443,data/raw/pdfs/62_ประจวบคีรีขันธ์.pdf,1,16,25.84252,275.3465,1088.834638181818,288.6465
pdf_73:p1:r33,rec_283e2c279db3de9181f13fc026559f39f40728702857e90e63d7a0fd3251c5e2,2573,pdf_73,8a9a8b1fb9d81eb7f2d76afa1f886621ea38587fc4c60902bc317398649ff90e,data/raw/pdfs/73_พัทลุง.pdf,1,33,25.84252,509.94649,1088.8346429729727,523.24649
pdf_03:p4:r11,rec_9f427762b72e73531a0de59c2d376ab97258e41ce7e6b306da241abdb99c09b8,2574,pdf_03,7dd9e7f51732791c63183067d85d18d20f856edf0c2dff89dbda84d866df2d62,data/raw/pdfs/03_นนทบุรี.pdf,4,11,25.84252,172.34256,1088.8346404878048,185.64255999999995
pdf_08:p1:r16,rec_5680ed1dd809ca5df23cfbed3b96657bdcaf0888dd51eec53d976d556cd04b50,2575,pdf_08,1fd4933c38e10cf826fbe5ecfe74a2eb8305671e2bb949afd059fb72b251fdad,data/raw/pdfs/08_สิงห์บุรี.pdf,1,16,25.84252,275.3465,1088.8346399999998,288.64649999999995
pdf_63:p1:r1,rec_86a0886ecac53e2c12b16fca6427333fc5af266b3dac8f9ea31bc9f28b013111,2576,pdf_63,b04433cfbe561d1199180db3f5210359427f668e1f7b072f31972e2749ce63ae,data/raw/pdfs/63_นครศรีธรรมราช.pdf,1,1,25.84252,75.84649000000002,1088.8346429729727,89.14648999999997
pdf_40:p1:r31,rec_76d154ccc26ceb199f95e72983950a44ce01733ea723a6ac732bf0acd3236734,2577,pdf_40,89bea4e9a200e8f073d048a2ed2a881a1e01108b8c12f1e050317b845aac6b1d,data/raw/pdfs/40_ลำปาง.pdf,1,31,25.84252,474.84649,1088.8346429729727,488.14649
pdf_67:p7:r7,rec_e1ff8fc10e2af8d2aa1c9c433c6632e0408e89566275361a2db518295b5dde7b,2578,pdf_67,b66fc9f9229750b7a04c0e5c07c072d77eb0800ed604da819fb28b6c4a75a636,data/raw/pdfs/67_สุราษฎร์ธานี.pdf,7,7,25.84252,119.14260000000002,1088.8346270588233,132.44259999999997
pdf_31:p1:r27,rec_bc4329dcc6ee54be322e57a43b1ebfc84b5d3eb8a0c96a84e5c58aeb62c39ce0,2579,pdf_31,f1a10c3940792a9b882ab08acb2b2394c5009faa4f9334ce940cf44438cf5d54,data/raw/pdfs/31_หนองคาย.pdf,1,27,25.84252,421.64649,1088.834642352941,434.94649
pdf_15:p2:r13,rec_5fe9a8bb1b9700b755c62e6a4430667a6f6b8b24afb96e5c0a921ffac7098c3e,2580,pdf_15,bf99cdf12418fcdc90b3c1c739fd4e7e09ca40818852ca43bcd1c3284b3cf084,data/raw/pdfs/15_ฉะเชิงเทรา.pdf,2,13,25.84252,198.94255999999996,1088.8346404878048,212.24255999999997
pdf_19:p2:r32,rec_009ca43d4d0bc0ce0b547f1bb6feb106a7a3521c7edc88143995976cbf7cd7ca,2581,pdf_19,2fbc685c790d957bd597a9ae4cbc69a07dacbb20cab611015cf1ce2eecd5982c,data/raw/pdfs/19_นครราชสีมา.pdf,2,32,25.84252,451.64256000000006,1088.8346404878048,464.94255999999996
pdf_58:p1:r30,rec_5729606a1a9d33b0eed87d6f8860da271e368ef202b9611388d77fdabadfbef2,2582,pdf_58,8ff0dc3c9fe92f1cc2721c37fe35cfcc653ad17ca531672dc94686e7776d35a5,data/raw/pdfs/58_นครปฐม.pdf,1,30,25.84252,461.54649,1088.8346429729727,474.84649
pdf_02:p3:r9,rec_0928eb741352285219c677f4f5aab99108f67ebc27d7ff5244322108528a4a69,2583,pdf_02,368a15805d33fb210ed50297795f7f50bf822054e05b59bf71bfa25bee0f3a3c,data/raw/pdfs/02_สมุทรปราการ.pdf,3,9,25.84252,145.74260000000004,1088.8346343999997,159.0426
pdf_02:p2:r32,rec_3b7c8ba0b0917a5f5ba822a70d720122d816f158188f88c49c456e8c1fb69d9e,2584,pdf_02,368a15805d33fb210ed50297795f7f50bf822054e05b59bf71bfa25bee0f3a3c,data/raw/pdfs/02_สมุทรปราการ.pdf,2,32,25.84252,451.64256000000006,1088.8346404878048,464.94255999999996
pdf_27:p2:r4,rec_349d36b6e05a3dadae5c8f18212265078ddcc56c3bba22db1d189a0b02d5993c,2585,pdf_27,bf545cbe9d19aa5a22880cf18f4484776d7d3e1348605d1451dfe7147ed85334,data/raw/pdfs/27_หนองบัวลำภู.pdf,2,4,25.84252,79.24259999999998,1088.8346304999998,92.5426
pdf_05:p1:r13,rec_5ac3c986fe4263953c12664842ab34a242ca272ed41314454cd3fbcd309d74fd,2586,pdf_05,ae1ba5ac5ef768c29045f4282a9047c71474a8d654003bfa51574874b3f415fc,data/raw/pdfs/05_พระนครศรีอยุธยา.pdf,1,13,25.84252,235.44649000000004,1088.8346429729727,248.74649
pdf_52:p1:r6,rec_b1aec7bad2908ceb9b8464ffbafc823d71bb70fe2fb511583c400a5ce16af665,2587,pdf_52,9cb0d6cf6dff8fc890e8435c67310ba7051a6c49c0a0cbb9b817f49c8ece0551,data/raw/pdfs/52_พิษณุโลก.pdf,1,6,25.84252,142.34649000000002,1088.8346429729727,155.64648999999997
pdf_19:p3:r11,rec_0dbbd26bd4a3698bc414d30ec4b571c29ab896f74a3f952c129b3d80da0aca3e,2588,pdf_19,2fbc685c790d957bd597a9ae4cbc69a07dacbb20cab611015cf1ce2eecd5982c,data/raw/pdfs/19_นครราชสีมา.pdf,3,11,25.84252,172.34256,1088.8346404878048,185.64255999999995
pdf_69:p1:r18,rec_692fec4d1a72dcf876cfcc7c26dda8586f4f632689c97ca77d7f1bfe0ea43f63,2589,pdf_69,769b283c00d83344280df884874571c2a99d89f78de64644b43bf9c6a108efa4,data/raw/pdfs/69_ชุมพร.pdf,1,18,25.84252,301.94649,1088.8346429729727,315.24649
pdf_59:p2:r31,rec_9676d265109dc04c77a873c82b9d8ede8d19a7b7ee2292a77564602ee14714bb,2590,pdf_59,0c5827ab1fffa2ec0689a95405ee8640473ea428f18b199f44d2f71d4f366ad8,data/raw/pdfs/59_สมุทรสาคร.pdf,2,31,25.84252,438.34255999999993,1088.8346404878048,451.64256000000006
pdf_67:p3:r28,rec_c7918090945aa7c5dfff6eeb678ee9524e058d63e0c599d11a428985832ebc10,2591,pdf_67,b66fc9f9229750b7a04c0e5c07c072d77eb0800ed604da819fb28b6c4a75a636,data/raw/pdfs/67_สุราษฎร์ธานี.pdf,3,28,25.84252,398.44255999999996,1088.8346404878048,411.74256
pdf_64:p1:r11,rec_2ba2193457b4143fceeb3662468a980cdd3c108ab1279bc0e76e4706e6d50a11,2592,pdf_64,a4e4abc03757d1e14ce1bfb2e426567faeea8fce3152123821e712496872240e,data/raw/pdfs/64_กระบี่.pdf,1,11,25.84252,208.84649,1088.8346429729727,222.14649
pdf_23:p2:r33,rec_2eb77ee9d819be93def116c7025d2cbdf590a5601d54723cc89079f23ba5d303,2593,pdf_23,771338278a591f8b5dfd252a64922234ef0d7071b6e6cd32beb2341668023e47,data/raw/pdfs/23_อุบลราชธานี.pdf,2,33,25.84252,464.94255999999996,1088.8346404878048,478.24256
pdf_69:p3:r7,rec_b07cf2cd6b9c09b7ee542e740d5db4873952562c42d64367b55b73686bc2964d,2594,pdf_69,769b283c00d83344280df884874571c2a99d89f78de64644b43bf9c6a108efa4,data/raw/pdfs/69_ชุมพร.pdf,3,7,25.84252,119.14260000000002,1088.834622142857,132.44260000000003
pdf_19:p1:r33,rec_778ae859b1c6a77a0a72e20a6f53090f420d7b01d9c95d1f73a967b58ac29b1a,2595,pdf_19,2fbc685c790d957bd597a9ae4cbc69a07dacbb20cab611015cf1ce2eecd5982c,data/raw/pdfs/19_นครราชสีมา.pdf,1,33,25.84252,509.94649,1088.8346429729727,523.24649
pdf_66:p3:r22,rec_8177552ec65c37d7fadecb97f4a2af15557747b99d9728a6e711bd150dfff91b,2596,pdf_66,012255400d37e8c732ded7ebc3c018108c8f4aa391112b3f6d6515d21e797ab6,data/raw/pdfs/66_ภูเก็ต.pdf,3,22,25.84252,318.64256,1088.8346397368418,331.94255999999996
pdf_03:p4:r12,rec_56ba15487a71a322b6968cd4e22fa70d55156389cd6a5fb9550f3816365fe536,2597,pdf_03,7dd9e7f51732791c63183067d85d18d20f856edf0c2dff89dbda84d866df2d62,data/raw/pdfs/03_นนทบุรี.pdf,4,12,25.84252,185.64255999999995,1088.8346404878048,198.94255999999996
pdf_34:p1:r4,rec_7651a922ad7446f84fbc93cced00aaf6ec510b432716b593c0b4be51d08b4ca4,2598,pdf_34,30b4d774cb5320d220f159e40b6587975e86746b88d9aa4836232840654436f4,data/raw/pdfs/34_กาฬสินธุ์.pdf,1,4,25.84252,124.24649999999997,1088.834626363636,137.54649999999998
pdf_58:p2:r33,rec_4d5bce48c3b33b7f02393331f74068c899121a396ae1f8616db7f0101aa40c52,2599,pdf_58,8ff0dc3c9fe92f1cc2721c37fe35cfcc653ad17ca531672dc94686e7776d35a5,data/raw/pdfs/58_นครปฐม.pdf,2,33,25.84252,464.94255999999996,1088.8346404878048,478.24256
pdf_46:p1:r16,rec_74a7beb827b756487d023d0e6062fdd521d1b05a5232023eee6a3423c6db55c9,2600,pdf_46,06c4f6b2edd8aec0be7828038556b5b7aec2393f710ca692324db2369d00d382,data/raw/pdfs/46_แม่ฮ่องสอน.pdf,1,16,25.84252,275.3465,1088.834638181818,288.6465
pdf_48:p1:r1,rec_9dcd6c8a9e0733e44c0bd20a0c58b92db7d5d9c61e8b8cc3d69a182d58cc83c7,2601,pdf_48,4ace8fb0ec02d2b1aa95432a9b9e883581d60aba88879e64923cce23b14c3f06,data/raw/pdfs/48_อุทัยธานี.pdf,1,1,25.842519999999997,75.84649999999999,1088.8346376190475,89.14649999999997
pdf_28:p2:r9,rec_31d00c29d85cc548d9d63a6053cee048c046d9dad21e5a9ebad03081647075cd,2602,pdf_28,38e1a8d128ab928dd0bef117c9dbaa8191aea027adc2dae9137f68937f31d040,data/raw/pdfs/28_ขอนแก่น.pdf,2,9,25.84252,145.74259999999998,1088.8346199999999,159.0426
pdf_57:p1:r13,rec_1af00d87aab0efbe6f639750745988d221749eb58421ed53ab3a8b0cf792ff0a,2603,pdf_57,9b6f57faac860a1339f68519b1b756d3ef34cc2ccd4962f5e15b78600e7c9112,data/raw/pdfs/57_สุพรรณบุรี.pdf,1,13,25.84252,235.44649000000004,1088.8346429729727,248.74649
pdf_03:p4:r13,rec_7fe14fd1b61e6ed36003ffbabd2971918759a144584f9468844e353cc5b45554,2604,pdf_03,7dd9e7f51732791c63183067d85d18d20f856edf0c2dff89dbda84d866df2d62,data/raw/pdfs/03_นนทบุรี.pdf,4,13,25.84252,198.94255999999996,1088.8346404878048,212.24255999999997
pdf_35:p1:r35,rec_ef543fc1b92206911726c88313f9ff6c06bd8e1bd1f3af6e8322b054b4817032,2605,pdf_35,34e8cb69b8d0f03a2caba0ffc0eb6d4b5233159b13350c073968de56ab12b69f,data/raw/pdfs/35_สกลนคร.pdf,1,35,25.84252,528.04649,1088.8346429729727,541.3464899999999
pdf_53:p1:r35,rec_7fecd7189d67c599db1da74d90ad30e1fdfc7f00798e5c3ce74e3d1126ca89c1,2606,pdf_53,41aaaf3a91961ab9b2dee694f50d9a086d1ad80beffe1b54e81370016a11cb14,data/raw/pdfs/53_พิจิตร.pdf,1,35,25.84252,536.54649,1088.8346429729727,549.8464899999999
pdf_04:p3:r18,rec_9e727cf31612d18af3590375cae104e4c938c1fb5de144d3e9b755ec6e05a201,2607,pdf_04,83861a2a02db33dda27703227bb90cd50ba1b9144123e42912f926c1d1043c39,data/raw/pdfs/04_ปทุมธานี.pdf,3,18,25.84252,265.44255999999996,1088.8346404878048,278.74255999999997
pdf_28:p1:r9,rec_21aada8d846f6d928dba9f2282558b47c1be3abedccd4e00f5752bd10585b4b3,2608,pdf_28,38e1a8d128ab928dd0bef117c9dbaa8191aea027adc2dae9137f68937f31d040,data/raw/pdfs/28_ขอนแก่น.pdf,1,9,25.84252,182.24649,1088.8346429729727,195.54648999999995
pdf_67:p6:r5,rec_178541aff43ea142051069867309b284876b76e5c0dd21c8f3aaeb86ee5bbaea,2609,pdf_67,b66fc9f9229750b7a04c0e5c07c072d77eb0800ed604da819fb28b6c4a75a636,data/raw/pdfs/67_สุราษฎร์ธานี.pdf,6,5,25.84252,92.54255999999998,1088.8346404878048,105.84256
pdf_04:p4:r6,rec_b8d0afe74671b1ca8f96baaf044cc2f6adfc778efbbd41a291760064bb2d633e,2610,pdf_04,83861a2a02db33dda27703227bb90cd50ba1b9144123e42912f926c1d1043c39,data/raw/pdfs/04_ปทุมธานี.pdf,4,6,25.84252,105.84256,1088.8346404878048,119.14255999999996
pdf_29:p1:r20,rec_b9b2c1024bfe4f91b24790f13c8d3cad52dcb6458e369899602154effe1c8822,2611,pdf_29,a1a30635ac132e2e87cc5b8c3c2c6e737453ecabe176861ce1a21609a26f3a1a,data/raw/pdfs/29_อุดรธานี.pdf,1,20,25.84252,328.54649,1088.8346429729727,341.84649
pdf_02:p2:r5,rec_2b0945c32b6ae1a31a374acbd67c5c743a525ab36aded4b726781d836417cd86,2612,pdf_02,368a15805d33fb210ed50297795f7f50bf822054e05b59bf71bfa25bee0f3a3c,data/raw/pdfs/02_สมุทรปราการ.pdf,2,5,25.84252,92.54255999999998,1088.8346404878048,105.84256
pdf_56:p1:r33,rec_5d2e3c1d09bdad165a7bf30eed0fd469fb4c34b317ac4f18b2f96e47b2ccda08,2613,pdf_56,f0ce416ab9d3f527c2052960422068d0564c2b8833f2a75d05cab7aa8280b0d5,data/raw/pdfs/56_กาญจนบุรี.pdf,1,33,25.84252,501.44649,1088.8346429729727,514.74649
pdf_04:p1:r34,rec_b5f1fa4570af38f3c62bb1cca26972072e3270ca5fe6d6c67f0bfe6164efd3cc,2614,pdf_04,83861a2a02db33dda27703227bb90cd50ba1b9144123e42912f926c1d1043c39,data/raw/pdfs/04_ปทุมธานี.pdf,1,34,25.84252,514.74649,1088.8346429729727,528.04649
pdf_08:p1:r18,rec_d8e6843c451a3086bfed3aca192bb047589370805809b960113c2dae9ab76ccf,2615,pdf_08,1fd4933c38e10cf826fbe5ecfe74a2eb8305671e2bb949afd059fb72b251fdad,data/raw/pdfs/08_สิงห์บุรี.pdf,1,18,25.84252,301.9465,1088.8346399999998,315.24649999999997
pdf_11:p3:r2,rec_ddd6f2043cd2e769ade0ccd18bf24b57d48f954352d43da42876357c44ce2c92,2616,pdf_11,3638acfefe295becff8609b6ee16edeea0914e518d215754813661f1c0a3f79b,data/raw/pdfs/11_ชลบุรี.pdf,3,2,25.842519999999997,52.642600000000016,1088.8346175,65.94259999999997
pdf_77:p1:r4,rec_492a831c6c71c63b5477a0c347514cb7d878a49d0ea870f1455b88b7ad50bce9,2617,pdf_77,c6a9a5450194adece004b460d492fc69a9aaf576ac9b79fe291a676e7bd6b4b3,data/raw/pdfs/77_บึงกาฬ.pdf,1,4,25.84252,115.74649999999997,1088.8346299999998,129.0465
pdf_74:p2:r3,rec_9ba17f078ed50fdf27ad427fa9d95c6d698481fa74861a3236c7e3ffb6ba41f7,2618,pdf_74,a740362f586a24f46fcc09fc1a1bc6391556e4c9bc432141903734f7833f39db,data/raw/pdfs/74_ปัตตานี.pdf,2,3,25.84252,65.94255999999996,1088.8346404878048,79.24255999999997
pdf_64:p1:r2,rec_300edea17d99117723e2762e36492f20a78ba157b3963913f1892c54a05f96df,2619,pdf_64,a4e4abc03757d1e14ce1bfb2e426567faeea8fce3152123821e712496872240e,data/raw/pdfs/64_กระบี่.pdf,1,2,25.84252,89.14648999999997,1088.8346429729727,102.44649000000004
pdf_74:p1:r4,rec_1e60cf1b607a84fcf293018887b2981e4ff63633c5277468973e9029ab92d487,2620,pdf_74,a740362f586a24f46fcc09fc1a1bc6391556e4c9bc432141903734f7833f39db,data/raw/pdfs/74_ปัตตานี.pdf,1,4,25.84252,115.74649,1088.8346429729727,129.04648999999995
pdf_67:p6:r25,rec_448a42a3830c1ecbcd8c9b9321f650a9556e55030236a796cfeb358007dc4aef,2621,pdf_67,b66fc9f9229750b7a04c0e5c07c072d77eb0800ed604da819fb28b6c4a75a636,data/raw/pdfs/67_สุราษฎร์ธานี.pdf,6,25,25.84252,358.54256,1088.8346404878048,371.84256
pdf_54:p1:r1,rec_6e0bf5d49b163d6db9ed584de3d3c0cc113116d9af0e06e005f1443fe7f48e40,2622,pdf_54,884b1d2d94fff12fa64928c8a22df877265f50fbc00dfcb61f5a4636dd1c14c8,data/raw/pdfs/54_เพชรบูรณ์.pdf,1,1,25.84252,84.34649000000002,1088.8346429729727,97.64648999999997
pdf_36:p2:r6,rec_9a302dc87efbe96c1bd94ebae805a07c028a395690abd486b6a0042e76a3f88b,2623,pdf_36,e5624d419ac85611ac4b3fe0a27d6bfa73a7b474d5b0ee2a6b1a7b64f4783d70,data/raw/pdfs/36_นครพนม.pdf,2,6,25.84252,105.84260000000003,1088.8346294736841,119.14260000000002
pdf_69:p3:r11,rec_e775541f5a4f6edace0559427ce6f3f327b1a315bc1fd2a9cea370ac097f107d,2624,pdf_69,769b283c00d83344280df884874571c2a99d89f78de64644b43bf9c6a108efa4,data/raw/pdfs/69_ชุมพร.pdf,3,11,25.84252,172.3426,1088.834622142857,185.64260000000002
pdf_04:p4:r9,rec_6f8b98751ab6b5680994a6e504cea8c570d84f538d30f2fd372f5ec3de7bf13e,2625,pdf_04,83861a2a02db33dda27703227bb90cd50ba1b9144123e42912f926c1d1043c39,data/raw/pdfs/04_ปทุมธานี.pdf,4,9,25.84252,145.74255999999997,1088.8346404878048,159.04255999999998
pdf_66:p2:r36,rec_da8a9fa86f89a03e07b55f9c7ca5732ed1796415128bdd9a0791c61b50ef4be6,2626,pdf_66,012255400d37e8c732ded7ebc3c018108c8f4aa391112b3f6d6515d21e797ab6,data/raw/pdfs/66_ภูเก็ต.pdf,2,36,25.84252,504.84255999999993,1088.8346404878048,518.14256
pdf_06:p2:r1,rec_176da43f48ea5378b9811d00b95e48b907b9309fbf79d09ae5a9af2c1fc36de5,2627,pdf_06,03acf167c8c7dcc3b7e6ccbd9afcaa05e3b5157df416e00c1b7e146d91880d3c,data/raw/pdfs/06_อ่างทอง.pdf,2,1,25.84252,39.34259999999995,1088.8346109999998,52.642600000000016
pdf_04:p3:r11,rec_95bac9b8692cda914f0a729c547f48e8424adb4678ba10c6e5194b590e397b06,2628,pdf_04,83861a2a02db33dda27703227bb90cd50ba1b9144123e42912f926c1d1043c39,data/raw/pdfs/04_ปทุมธานี.pdf,3,11,25.84252,172.34256,1088.8346404878048,185.64255999999995
pdf_52:p1:r3,rec_3b0142f42f197f6c4d8782a816e920ebf37e82838fcc1d5f91ecb153557e6cb9,2629,pdf_52,9cb0d6cf6dff8fc890e8435c67310ba7051a6c49c0a0cbb9b817f49c8ece0551,data/raw/pdfs/52_พิษณุโลก.pdf,1,3,25.84252,102.44649000000004,1088.8346429729727,115.74649
pdf_29:p2:r8,rec_977b96aac095a78186761db453da196647a20ace53846cee7363a0d841bae72c,2630,pdf_29,a1a30635ac132e2e87cc5b8c3c2c6e737453ecabe176861ce1a21609a26f3a1a,data/raw/pdfs/29_อุดรธานี.pdf,2,8,25.84252,132.44259999999997,1088.8346365517239,145.74259999999998
pdf_03:p1:r34,rec_fcbf4a0a4231797fb00d4581ca2e2da17b2b01b8f3f65bb912a11f21f2eb2aca,2631,pdf_03,7dd9e7f51732791c63183067d85d18d20f856edf0c2dff89dbda84d866df2d62,data/raw/pdfs/03_นนทบุรี.pdf,1,34,25.84252,514.74649,1088.8346429729727,528.04649
pdf_58:p2:r21,rec_5a0e73d957bde702948f5bcae2e78d2668ea004ae24681206c2bf9a4faeb3f3d,2632,pdf_58,8ff0dc3c9fe92f1cc2721c37fe35cfcc653ad17ca531672dc94686e7776d35a5,data/raw/pdfs/58_นครปฐม.pdf,2,21,25.84252,305.34256,1088.8346404878048,318.64256
pdf_67:p1:r5,rec_97847a5547cd4c609d7cb8c35e6d2a412c13ac2a6f8b81f510cf0a8b488c9cdd,2633,pdf_67,b66fc9f9229750b7a04c0e5c07c072d77eb0800ed604da819fb28b6c4a75a636,data/raw/pdfs/67_สุราษฎร์ธานี.pdf,1,5,25.84252,129.04648999999995,1088.8346429729727,142.34649000000002
pdf_19:p3:r36,rec_c0d1c3256fbf07dede5854e9edbd9ebaf4efb99adf5d64d3a651b04def65d67f,2634,pdf_19,2fbc685c790d957bd597a9ae4cbc69a07dacbb20cab611015cf1ce2eecd5982c,data/raw/pdfs/19_นครราชสีมา.pdf,3,36,25.84252,504.84255999999993,1088.8346404878048,518.14256
pdf_54:p1:r28,rec_7a6cc24e1626a4511cbb08222f67076f494286d2b90b85647b5c57595533e8e1,2635,pdf_54,884b1d2d94fff12fa64928c8a22df877265f50fbc00dfcb61f5a4636dd1c14c8,data/raw/pdfs/54_เพชรบูรณ์.pdf,1,28,25.84252,443.44649,1088.8346429729727,456.74649
pdf_59:p2:r10,rec_debb9353b8b2600488b000886bcae4d95cef451e0846f9faa75f5c967e5e4012,2636,pdf_59,0c5827ab1fffa2ec0689a95405ee8640473ea428f18b199f44d2f71d4f366ad8,data/raw/pdfs/59_สมุทรสาคร.pdf,2,10,25.84252,159.04255999999998,1088.8346404878048,172.34256
pdf_52:p1:r4,rec_def6fbe2767a6ad05b1a216313e7b647570d479eb74752e533fa7b083389e51c,2637,pdf_52,9cb0d6cf6dff8fc890e8435c67310ba7051a6c49c0a0cbb9b817f49c8ece0551,data/raw/pdfs/52_พิษณุโลก.pdf,1,4,25.84252,115.74649,1088.8346429729727,129.04648999999995
pdf_27:p2:r15,rec_fc59632176aeb23afa664c494cf65a3eadcfad9456435da2429f75e8afb93077,2638,pdf_27,bf545cbe9d19aa5a22880cf18f4484776d7d3e1348605d1451dfe7147ed85334,data/raw/pdfs/27_หนองบัวลำภู.pdf,2,15,25.84252,225.5426,1088.8346304999998,238.84259999999995
pdf_15:p2:r12,rec_9668e0f1b653a12ff01c83292dc55a2cbe3c1ffa1cf2c99c104328c4370cb985,2639,pdf_15,bf99cdf12418fcdc90b3c1c739fd4e7e09ca40818852ca43bcd1c3284b3cf084,data/raw/pdfs/15_ฉะเชิงเทรา.pdf,2,12,25.84252,185.64255999999995,1088.8346404878048,198.94255999999996
pdf_02:p1:r14,rec_83e0f237facb99105b9cd3d9a8611b5592f310d78fed69d9837e7848f522faa0,2640,pdf_02,368a15805d33fb210ed50297795f7f50bf822054e05b59bf71bfa25bee0f3a3c,data/raw/pdfs/02_สมุทรปราการ.pdf,1,14,25.84252,248.74649,1088.8346429729727,262.04648999999995
pdf_19:p3:r25,rec_afe36500cbe0e0504032cba4f438bc12e17c154cdc8304a64d1e3153e825a648,2641,pdf_19,2fbc685c790d957bd597a9ae4cbc69a07dacbb20cab611015cf1ce2eecd5982c,data/raw/pdfs/19_นครราชสีมา.pdf,3,25,25.84252,358.54256,1088.8346404878048,371.84256
pdf_67:p5:r1,rec_0f7730c77ca0fc401183a0e8190b87462a4c8bd87fe14d9fc4995bed1e36cd2f,2642,pdf_67,b66fc9f9229750b7a04c0e5c07c072d77eb0800ed604da819fb28b6c4a75a636,data/raw/pdfs/67_สุราษฎร์ธานี.pdf,5,1,25.84252,39.34256000000005,1088.8346404878048,52.64256
pdf_36:p1:r10,rec_6ecbc1f2d233501d77d05dd25f3d99057ce8f6b5872c214648472eaa1be7c627,2643,pdf_36,e5624d419ac85611ac4b3fe0a27d6bfa73a7b474d5b0ee2a6b1a7b64f4783d70,data/raw/pdfs/36_นครพนม.pdf,1,10,25.84252,195.54648999999995,1088.8346429729727,208.84649
pdf_76:p1:r13,rec_9c7ceae1c0bd75c2fb1f0e7bb2781917536f1dd30bc485121c370f3abf9f78e2,2644,pdf_76,474bb90a38c020bbc86d90180af2b062867ed6a1db6999d709acff810fd5d84d,data/raw/pdfs/76_นราธิวาส.pdf,1,13,25.84252,235.44649000000004,1088.8346429729727,248.74649
pdf_67:p6:r6,rec_d583a08b5582a5816a71f94ea854ddda46e4a3621a9bbdf3994a1ff1d3a2b004,2645,pdf_67,b66fc9f9229750b7a04c0e5c07c072d77eb0800ed604da819fb28b6c4a75a636,data/raw/pdfs/67_สุราษฎร์ธานี.pdf,6,6,25.84252,105.84256,1088.8346404878048,119.14255999999996
pdf_58:p1:r27,rec_6f69850e80ed219dd09ef86c561d001dff81acff56411ce9665f65592d62a883,2646,pdf_58,8ff0dc3c9fe92f1cc2721c37fe35cfcc653ad17ca531672dc94686e7776d35a5,data/raw/pdfs/58_นครปฐม.pdf,1,27,25.84252,421.64649,1088.8346429729727,434.94649
pdf_64:p4:r3,rec_aeb90224d06612b9e5b5a1daa8cdde3a4cc3d3792c245c2d0c91159968a5d9fe,2647,pdf_64,a4e4abc03757d1e14ce1bfb2e426567faeea8fce3152123821e712496872240e,data/raw/pdfs/64_กระบี่.pdf,4,3,25.84252,65.94259999999997,1088.834594285714,79.24259999999998
pdf_22:p1:r9,rec_e6165cc162d969d29f86e0ca610d028a63386e0331515cf8ec17b0bfda541938,2648,pdf_22,2695490faf896b9d7501aa7f09b83fc02b29dc6d768bbbf3a99d9138839b7d3e,data/raw/pdfs/22_ศรีสะเกษ.pdf,1,9,25.84252,190.74649999999997,1088.8346395999997,204.04650000000004
pdf_23:p1:r5,rec_e9e053bfcf288e417c7de72bc111a51bfc06876bcbc9bc4628916aa6029f7221,2649,pdf_23,771338278a591f8b5dfd252a64922234ef0d7071b6e6cd32beb2341668023e47,data/raw/pdfs/23_อุบลราชธานี.pdf,1,5,25.84252,137.54648999999995,1088.8346429729727,150.84649000000002
pdf_55:p1:r6,rec_6360f4aea8294047f29c31fdbae92d9d5b54c05aea94a1f77093eb99b9b5ffa5,2650,pdf_55,fe2373eb0d81516b45b09f5bb593a35bc32f505875cafd93f214ca6bc310c4d4,data/raw/pdfs/55_ราชบุรี.pdf,1,6,25.84252,142.34649000000002,1088.8346429729727,155.64648999999997
pdf_11:p2:r20,rec_e21ebc48a1f149cf6e16c748235ba63dade0faa90b0f4f98cf4970ae7324ffd7,2651,pdf_11,3638acfefe295becff8609b6ee16edeea0914e518d215754813661f1c0a3f79b,data/raw/pdfs/11_ชลบุรี.pdf,2,20,25.84252,292.04256,1088.8346404878048,305.34256
pdf_58:p2:r30,rec_6c5559c70a60f0fc794fcbc8cf1846dcac0e869f771e6c2ee22b11d9639868fb,2652,pdf_58,8ff0dc3c9fe92f1cc2721c37fe35cfcc653ad17ca531672dc94686e7776d35a5,data/raw/pdfs/58_นครปฐม.pdf,2,30,25.84252,425.04256,1088.8346404878048,438.34255999999993
pdf_68:p1:r6,rec_b7c89d891f7c63b66fab7ff45f6473a531f9e021c3a33308bef7a88503679297,2653,pdf_68,3a242476c7c0c82cd6f78455b9ca30a8d8e875f3ae38090ae0fd5fb12805c593,data/raw/pdfs/68_ระนอง.pdf,1,6,25.84252,142.34649000000002,1088.8346429729727,155.64648999999997
pdf_66:p2:r19,rec_80321d7f8c7ed6d8e9b45861f166acc1c2f8327b6643b47d2c4dbda9324a1aef,2654,pdf_66,012255400d37e8c732ded7ebc3c018108c8f4aa391112b3f6d6515d21e797ab6,data/raw/pdfs/66_ภูเก็ต.pdf,2,19,25.84252,278.74255999999997,1088.8346404878048,292.04256
pdf_22:p1:r10,rec_67c6b4b6d288ac72eb90645cfe6068f7bd1e0b4220a045f7177cc79010c757fa,2655,pdf_22,2695490faf896b9d7501aa7f09b83fc02b29dc6d768bbbf3a99d9138839b7d3e,data/raw/pdfs/22_ศรีสะเกษ.pdf,1,10,25.84252,204.04650000000004,1088.8346395999997,217.34650000000002
pdf_19:p1:r15,rec_f9ac410f1d5968f9f3a6f2788a5261a78e1451a19477e59fb57de4cb6efdd93f,2656,pdf_19,2fbc685c790d957bd597a9ae4cbc69a07dacbb20cab611015cf1ce2eecd5982c,data/raw/pdfs/19_นครราชสีมา.pdf,1,15,25.84252,270.54648999999995,1088.8346429729727,283.84649
pdf_38:p1:r5,rec_fb26567a4c8518c8d256928ec65199bd8498e29a6f6433b24dfd9f3ff75d688e,2657,pdf_38,462a1c486a501887e4446ef7e812041c7d158ab4442235b85572d4a89fd7f492,data/raw/pdfs/38_เชียงใหม่.pdf,1,5,25.84252,129.04648999999995,1088.8346429729727,142.34649000000002
pdf_67:p3:r18,rec_f67a79637cce419de15e9632471ee9d4a558f48054d97e152a2b1187bd3c83ac,2658,pdf_67,b66fc9f9229750b7a04c0e5c07c072d77eb0800ed604da819fb28b6c4a75a636,data/raw/pdfs/67_สุราษฎร์ธานี.pdf,3,18,25.84252,265.44255999999996,1088.8346404878048,278.74255999999997
pdf_66:p1:r21,rec_4a972ece8125aadaa35171bba95836de7e236e35be3e723de2757eb4a29848bc,2659,pdf_66,012255400d37e8c732ded7ebc3c018108c8f4aa391112b3f6d6515d21e797ab6,data/raw/pdfs/66_ภูเก็ต.pdf,1,21,25.84252,341.84649,1088.8346429729727,355.14649
pdf_66:p2:r37,rec_4da354ce677166ffe86ac6fafc89a5bbbc2e3ba9887daa130e7529816880d264,2660,pdf_66,012255400d37e8c732ded7ebc3c018108c8f4aa391112b3f6d6515d21e797ab6,data/raw/pdfs/66_ภูเก็ต.pdf,2,37,25.84252,518.14256,1088.8346404878048,531.44256
pdf_66:p1:r7,rec_e938a26bd2c398f19168653e74a17b1b0124780dd699deb4df51a695d110c15e,2661,pdf_66,012255400d37e8c732ded7ebc3c018108c8f4aa391112b3f6d6515d21e797ab6,data/raw/pdfs/66_ภูเก็ต.pdf,1,7,25.84252,155.64648999999997,1088.8346429729727,168.94649000000004
pdf_69:p2:r21,rec_e43d1e780b881e256937969517fb740cd5fb8c8430cd19b260b7a76a5f886fc0,2662,pdf_69,769b283c00d83344280df884874571c2a99d89f78de64644b43bf9c6a108efa4,data/raw/pdfs/69_ชุมพร.pdf,2,21,25.84252,305.34256,1088.8346404878048,318.64256
pdf_15:p2:r18,rec_a990981abcbdef9d1b953b98e5b1ebf9c95f07f14b1281113c9f5858e51f3533,2663,pdf_15,bf99cdf12418fcdc90b3c1c739fd4e7e09ca40818852ca43bcd1c3284b3cf084,data/raw/pdfs/15_ฉะเชิงเทรา.pdf,2,18,25.84252,265.44255999999996,1088.8346404878048,278.74255999999997
pdf_05:p1:r12,rec_d129e515d729f2e465d1cc1429e74ae4551c351ec11ed1db8d3779e91c58134e,2664,pdf_05,ae1ba5ac5ef768c29045f4282a9047c71474a8d654003bfa51574874b3f415fc,data/raw/pdfs/05_พระนครศรีอยุธยา.pdf,1,12,25.84252,222.14649,1088.8346429729727,235.44649000000004
pdf_04:p5:r13,rec_23b34b2c0a9bdd7f07d03bbbc2a8b96065cd8f8fe4fc7c2e2b553ba8e7241eb0,2665,pdf_04,83861a2a02db33dda27703227bb90cd50ba1b9144123e42912f926c1d1043c39,data/raw/pdfs/04_ปทุมธานี.pdf,5,13,25.84252,198.94259999999997,1088.8346388571426,212.24259999999998
pdf_31:p1:r15,rec_efe6aea4e838df7c3024fb1c54f1f689555af24dd28fd53d6c27f48a747555d3,2666,pdf_31,f1a10c3940792a9b882ab08acb2b2394c5009faa4f9334ce940cf44438cf5d54,data/raw/pdfs/31_หนองคาย.pdf,1,15,25.84252,262.04649,1088.834642352941,275.34649
pdf_41:p1:r13,rec_302a43cfab7c2ac8f9f4fdecaa0fd513a5d61ac1b91c40547c5938512f700dce,2667,pdf_41,30547a39de949400c4d126175dcaea5210ed959ebf29c2b6135b85e45a4643e4,data/raw/pdfs/41_อุตรดิตถ์.pdf,1,13,25.84252,235.44650000000001,1088.834636315789,248.74650000000003
pdf_05:p2:r34,rec_1a698e7bd5a1c866c758f385f6c1eb3d80e1f361bd43f7f90e86ac34b7ab8ab0,2668,pdf_05,ae1ba5ac5ef768c29045f4282a9047c71474a8d654003bfa51574874b3f415fc,data/raw/pdfs/05_พระนครศรีอยุธยา.pdf,2,34,25.84252,478.24256,1088.8346404878048,491.54256
pdf_02:p1:r28,rec_6ffccba93616bf59bf2c2e5a1c4e91ea392633024365df229b1ba93ce9cf8673,2669,pdf_02,368a15805d33fb210ed50297795f7f50bf822054e05b59bf71bfa25bee0f3a3c,data/raw/pdfs/02_สมุทรปราการ.pdf,1,28,25.84252,434.94649,1088.8346429729727,448.24649
pdf_73:p1:r21,rec_74f30e3c0f365fd9618ac0bf18e524841289f6a97cff5b660b3b31bfe62ba562,2670,pdf_73,8a9a8b1fb9d81eb7f2d76afa1f886621ea38587fc4c60902bc317398649ff90e,data/raw/pdfs/73_พัทลุง.pdf,1,21,25.84252,350.34649,1088.8346429729727,363.64649
pdf_57:p3:r38,rec_5dcf0a107df4453983600fe3c3c6e9d2785045f98c71983e29689bf1ee270ee6,2671,pdf_57,9b6f57faac860a1339f68519b1b756d3ef34cc2ccd4962f5e15b78600e7c9112,data/raw/pdfs/57_สุพรรณบุรี.pdf,3,38,25.84252,531.44256,1088.8346404878048,544.74256
pdf_16:p1:r11,rec_0e77eff9fafd6c44e180aa0e1f18c96778d32685219cc4290e7e0565b3a71b06,2672,pdf_16,7b893a3f02630b40240d0242410f662e3fe91d8d5ea2449991bba89e89a89ea4,data/raw/pdfs/16_ปราจีนบุรี.pdf,1,11,25.84252,208.84649,1088.8346429729727,222.14649
pdf_04:p1:r8,rec_dcb14fea534aba4a365c186e1a804a9149f7e44b85d419d06f4fd28dfc9f2641,2673,pdf_04,83861a2a02db33dda27703227bb90cd50ba1b9144123e42912f926c1d1043c39,data/raw/pdfs/04_ปทุมธานี.pdf,1,8,25.84252,168.94649000000004,1088.8346429729727,182.24649
pdf_10:p3:r12,rec_2ca9729f7e6706df06e2a0f6e6c16a60a370835f023ed1cdf008d2e40c2fb095,2674,pdf_10,5e0a433bc2cc307479a32d344bf5b0b4f006af0a3d0ccc1493fb587c885896c1,data/raw/pdfs/10_สระบุรี.pdf,3,12,25.842519999999997,185.6426,1088.8346314285711,198.94259999999997
pdf_04:p1:r3,rec_311dbcd936838110da0bc44b84e779a6c50e4f66020739063382542e0815d521,2675,pdf_04,83861a2a02db33dda27703227bb90cd50ba1b9144123e42912f926c1d1043c39,data/raw/pdfs/04_ปทุมธานี.pdf,1,3,25.84252,102.44649000000004,1088.8346429729727,115.74649
pdf_67:p5:r7,rec_f59a052e7e6a3044ff2e7ee24fb57639c32264dcbce31ace86fe20f7a99041e2,2676,pdf_67,b66fc9f9229750b7a04c0e5c07c072d77eb0800ed604da819fb28b6c4a75a636,data/raw/pdfs/67_สุราษฎร์ธานี.pdf,5,7,25.84252,119.14255999999996,1088.8346404878048,132.44255999999996
pdf_57:p3:r35,rec_869d866c7d08c4c004a35ab75f2c8b12292ae0c17e412d6d28db56fd8118e75b,2677,pdf_57,9b6f57faac860a1339f68519b1b756d3ef34cc2ccd4962f5e15b78600e7c9112,data/raw/pdfs/57_สุพรรณบุรี.pdf,3,35,25.84252,491.54256,1088.8346404878048,504.84255999999993
pdf_02:p2:r33,rec_6082202952bc1ff66dded48135c02db7bf3217970d369ce22475ced6ae0a1b49,2678,pdf_02,368a15805d33fb210ed50297795f7f50bf822054e05b59bf71bfa25bee0f3a3c,data/raw/pdfs/02_สมุทรปราการ.pdf,2,33,25.84252,464.94255999999996,1088.8346404878048,478.24256
pdf_56:p1:r20,rec_7d4e181c45dfa50edb4b10cb37bacb3fa7c331bf1813163817adc7384531c210,2679,pdf_56,f0ce416ab9d3f527c2052960422068d0564c2b8833f2a75d05cab7aa8280b0d5,data/raw/pdfs/56_กาญจนบุรี.pdf,1,20,25.84252,328.54649,1088.8346429729727,341.84649
pdf_67:p3:r11,rec_3ef9f7d881bd77d690b6a47b105df77a5841f1fc4b1f526b64262651922c5a30,2680,pdf_67,b66fc9f9229750b7a04c0e5c07c072d77eb0800ed604da819fb28b6c4a75a636,data/raw/pdfs/67_สุราษฎร์ธานี.pdf,3,11,25.84252,172.34256,1088.8346404878048,185.64255999999995
pdf_23:p1:r8,rec_b4d12179b4cc885e3d12cec9583cfd5abda7bb58f982876f6015166ecbfd3189,2681,pdf_23,771338278a591f8b5dfd252a64922234ef0d7071b6e6cd32beb2341668023e47,data/raw/pdfs/23_อุบลราชธานี.pdf,1,8,25.84252,177.44649000000004,1088.8346429729727,190.74649
pdf_61:p1:r14,rec_0ed9c8895ce05f0f817f875d985d3609e73f6626da09a40241335e9bd7012b10,2682,pdf_61,6dda18b7ffb9a73296045d0dd81965bec27f7cbccc7ef862c8bf458d206599e2,data/raw/pdfs/61_เพชรบุรี.pdf,1,14,25.84252,248.74649999999997,1088.834638181818,262.0465
pdf_23:p1:r32,rec_75a43507d2ec85a4cd72844ed6246ed6f0daced2559d0ae2ffc691cdb5edc5a8,2683,pdf_23,771338278a591f8b5dfd252a64922234ef0d7071b6e6cd32beb2341668023e47,data/raw/pdfs/23_อุบลราชธานี.pdf,1,32,25.84252,496.64649,1088.8346429729727,509.94649
pdf_46:p1:r19,rec_53ab62b6ba33f6ec3416d4ecef602369fab2acb86525d40026c02580c030f46c,2684,pdf_46,06c4f6b2edd8aec0be7828038556b5b7aec2393f710ca692324db2369d00d382,data/raw/pdfs/46_แม่ฮ่องสอน.pdf,1,19,25.84252,315.24649999999997,1088.834638181818,328.5465
pdf_03:p1:r28,rec_6f274a17e16cac482ff0197a509453fd5af79e746f38b05939240445a7769db8,2685,pdf_03,7dd9e7f51732791c63183067d85d18d20f856edf0c2dff89dbda84d866df2d62,data/raw/pdfs/03_นนทบุรี.pdf,1,28,25.84252,434.94649,1088.8346429729727,448.24649
pdf_73:p2:r36,rec_15c7e37c650ea04ed19980170328b64d3eddbbde46b6355d1ff156e5da2b236e,2686,pdf_73,8a9a8b1fb9d81eb7f2d76afa1f886621ea38587fc4c60902bc317398649ff90e,data/raw/pdfs/73_พัทลุง.pdf,2,36,25.84252,504.84255999999993,1088.8346404878048,518.14256
pdf_42:p1:r4,rec_b15ef54691da98b1f805017463e2e78e11a16bdcfd260349baa5f393bef874d9,2687,pdf_42,16f91667607b5c5a42e3cff7ad822babaad330c616362a662a0b4828b7b23b93,data/raw/pdfs/42_แพร่.pdf,1,4,25.842519999999997,115.74649999999997,1088.8346066666666,129.04649999999998
pdf_05:p2:r37,rec_34bba41ab1cc2b1662616ff2ba4a1f33fd1f99e0e3ed9edc9e24b8121600a836,2688,pdf_05,ae1ba5ac5ef768c29045f4282a9047c71474a8d654003bfa51574874b3f415fc,data/raw/pdfs/05_พระนครศรีอยุธยา.pdf,2,37,25.84252,518.14256,1088.8346404878048,531.44256
pdf_03:p2:r3,rec_34f5e9ae92bbcb48e8e34ecd87c38eaae114d58efa01cfaea24a08499bd8f2e3,2689,pdf_03,7dd9e7f51732791c63183067d85d18d20f856edf0c2dff89dbda84d866df2d62,data/raw/pdfs/03_นนทบุรี.pdf,2,3,25.84252,65.94255999999996,1088.8346404878048,79.24255999999997
pdf_68:p1:r21,rec_c6f8e2f35a9de3ad0be196fb2971797a33c201acfccffcb7b894a40ab7467b1f,2690,pdf_68,3a242476c7c0c82cd6f78455b9ca30a8d8e875f3ae38090ae0fd5fb12805c593,data/raw/pdfs/68_ระนอง.pdf,1,21,25.84252,341.84649,1088.8346429729727,355.14649
pdf_53:p2:r2,rec_091df74e2dde50be9598846db70ef4d2bcca5b623a77f1fa5f341a7602064c1e,2691,pdf_53,41aaaf3a91961ab9b2dee694f50d9a086d1ad80beffe1b54e81370016a11cb14,data/raw/pdfs/53_พิจิตร.pdf,2,2,25.84252,52.642600000000016,1088.834638181818,65.94259999999997
pdf_68:p1:r13,rec_48d44928bd4451c7f07a1cd97cdfe2757728ee7616cf474b86966792ad7afec0,2692,pdf_68,3a242476c7c0c82cd6f78455b9ca30a8d8e875f3ae38090ae0fd5fb12805c593,data/raw/pdfs/68_ระนอง.pdf,1,13,25.84252,235.44649000000004,1088.8346429729727,248.74649
pdf_66:p2:r20,rec_2134850a601830df7fbedbcb71864e0baa83b051ec7d6274f506b45874e4a715,2693,pdf_66,012255400d37e8c732ded7ebc3c018108c8f4aa391112b3f6d6515d21e797ab6,data/raw/pdfs/66_ภูเก็ต.pdf,2,20,25.84252,292.04256,1088.8346404878048,305.34256
pdf_67:p1:r30,rec_edabe7b5ed27846c3a26a3e1aaf6e3ed90c69f9731e0ba49c3d656dd953f7b9d,2694,pdf_67,b66fc9f9229750b7a04c0e5c07c072d77eb0800ed604da819fb28b6c4a75a636,data/raw/pdfs/67_สุราษฎร์ธานี.pdf,1,30,25.84252,461.54649,1088.8346429729727,474.84649
pdf_52:p1:r24,rec_b3c71c82bdf626584ca7b5d428233014458687777b0fae47f9d9549c2a8a2604,2695,pdf_52,9cb0d6cf6dff8fc890e8435c67310ba7051a6c49c0a0cbb9b817f49c8ece0551,data/raw/pdfs/52_พิษณุโลก.pdf,1,24,25.84252,381.74649,1088.8346429729727,395.04649
pdf_68:p2:r37,rec_a3c1f9db085fac70d2473bb1c7d6d75171809901309745170df0b129242efa6c,2696,pdf_68,3a242476c7c0c82cd6f78455b9ca30a8d8e875f3ae38090ae0fd5fb12805c593,data/raw/pdfs/68_ระนอง.pdf,2,37,25.84252,518.14256,1088.8346404878048,531.44256
pdf_62:p1:r12,rec_9e42a6c9d7f87663c595e4330dea8506c879fa316ce9091561bfc749eac10916,2697,pdf_62,16170e28f4926ce3d0cb9566cb26ec752a3cb84a42d0ceb55d00107b3d3f1443,data/raw/pdfs/62_ประจวบคีรีขันธ์.pdf,1,12,25.84252,222.1465,1088.834638181818,235.44650000000001
pdf_05:p1:r23,rec_d2173e0ad9d0e1f9dfbedddc93e87d346feaf70262eac6011b24069d8adc5211,2698,pdf_05,ae1ba5ac5ef768c29045f4282a9047c71474a8d654003bfa51574874b3f415fc,data/raw/pdfs/05_พระนครศรีอยุธยา.pdf,1,23,25.84252,368.44649,1088.8346429729727,381.74649
pdf_28:p1:r16,rec_856c2fe2ce85657e75bcf9fdfff837127b875f7a5768bb5c0b935b815f0c0af7,2699,pdf_28,38e1a8d128ab928dd0bef117c9dbaa8191aea027adc2dae9137f68937f31d040,data/raw/pdfs/28_ขอนแก่น.pdf,1,16,25.84252,275.34649,1088.8346429729727,288.64649
pdf_58:p1:r28,rec_ef6aa94fdaba1af886c06b3e20a1505305ac04aead1d6b1dcab1ccf304cea5b1,2700,pdf_58,8ff0dc3c9fe92f1cc2721c37fe35cfcc653ad17ca531672dc94686e7776d35a5,data/raw/pdfs/58_นครปฐม.pdf,1,28,25.84252,434.94649,1088.8346429729727,448.24649
pdf_04:p3:r36,rec_f527b62ca59137f1d64947125e2243f718c3b5210b1107bf6aece0a90b81d827,2701,pdf_04,83861a2a02db33dda27703227bb90cd50ba1b9144123e42912f926c1d1043c39,data/raw/pdfs/04_ปทุมธานี.pdf,3,36,25.84252,504.84255999999993,1088.8346404878048,518.14256
pdf_33:p1:r12,rec_724f2e1be84b3a6be3a0f9fa427ea94cb3bd35ec4c8aebd4a1277e467c358682,2702,pdf_33,803bc44f1213b58c511b011e1bd47fdf863f6e6f583f7263065cda30ef3d413a,data/raw/pdfs/33_ร้อยเอ็ด.pdf,1,12,25.84252,222.1465,1088.8346314285714,235.44650000000001
pdf_03:p4:r14,rec_481264afa9baef3c0d8621216e8763e5b1f587789b407929dd22c1ad474842ab,2703,pdf_03,7dd9e7f51732791c63183067d85d18d20f856edf0c2dff89dbda84d866df2d62,data/raw/pdfs/03_นนทบุรี.pdf,4,14,25.84252,212.24255999999997,1088.8346404878048,225.54255999999995
pdf_09:p1:r23,rec_62735dfa3da23f26f48135e450f83d971dd3fca2051e45d6d9f385092facd09e,2704,pdf_09,1912b318a38a3716d462ae8461062b50db721b56bb5dcac725c184bafd97be54,data/raw/pdfs/09_ชัยนาท.pdf,1,23,25.84252,368.4465,1088.8346395999997,381.7465
pdf_23:p3:r12,rec_c822af70d70af9ab281f5f21a86bbedc94303d3c178448e25b3fecf36ac709e9,2705,pdf_23,771338278a591f8b5dfd252a64922234ef0d7071b6e6cd32beb2341668023e47,data/raw/pdfs/23_อุบลราชธานี.pdf,3,12,25.84252,185.64259999999996,1088.8346388571426,198.94259999999997
pdf_69:p1:r29,rec_15c81bf34aba5ca1d3d2a44a3f7e300094e5913fe0240601544b96be3f365da2,2706,pdf_69,769b283c00d83344280df884874571c2a99d89f78de64644b43bf9c6a108efa4,data/raw/pdfs/69_ชุมพร.pdf,1,29,25.84252,448.24649,1088.8346429729727,461.54649
pdf_05:p2:r11,rec_f2e62e0ba38d8fc37515c841895518678b5a494796e9bf979dfb100ffb20e3da,2707,pdf_05,ae1ba5ac5ef768c29045f4282a9047c71474a8d654003bfa51574874b3f415fc,data/raw/pdfs/05_พระนครศรีอยุธยา.pdf,2,11,25.84252,172.34256,1088.8346404878048,185.64255999999995
pdf_04:p1:r35,rec_a5c4b02d7c5ecdc21d9a83fcf112487954ec0798bd189820f3853ac4d21b78e0,2708,pdf_04,83861a2a02db33dda27703227bb90cd50ba1b9144123e42912f926c1d1043c39,data/raw/pdfs/04_ปทุมธานี.pdf,1,35,25.84252,528.04649,1088.8346429729727,541.3464899999999
pdf_70:p1:r9,rec_241a167834daf35a7eb0efcf16b12e915f77ea388782ed718558ff865bc55ecc,2709,pdf_70,dd0c8cec48b7f0994639864765a097630785c0e22135d674cb3057f22c0f80ab,data/raw/pdfs/70_สงขลา.pdf,1,9,25.84252,182.24649,1088.8346429729727,195.54648999999995
pdf_19:p4:r11,rec_3df93b8b0ea5c9cc9904a5061f7460027e7202c9bd5ef7dbc3200c9c95fcaaf0,2710,pdf_19,2fbc685c790d957bd597a9ae4cbc69a07dacbb20cab611015cf1ce2eecd5982c,data/raw/pdfs/19_นครราชสีมา.pdf,4,11,25.84252,172.34256,1088.8346404878048,185.64255999999995
pdf_67:p4:r25,rec_448e7960301275e686d7d63a79d4027fe048f9470ecb5a0b07820f89db531441,2711,pdf_67,b66fc9f9229750b7a04c0e5c07c072d77eb0800ed604da819fb28b6c4a75a636,data/raw/pdfs/67_สุราษฎร์ธานี.pdf,4,25,25.84252,358.54256,1088.8346404878048,371.84256
pdf_29:p1:r24,rec_2e5ed0bfe6e2b2eaa39bbbc51aa1c6495d510ac29058bcfc74a374c1930ab05f,2712,pdf_29,a1a30635ac132e2e87cc5b8c3c2c6e737453ecabe176861ce1a21609a26f3a1a,data/raw/pdfs/29_อุดรธานี.pdf,1,24,25.84252,381.74649,1088.8346429729727,395.04649
pdf_74:p2:r35,rec_4b9ac778a3473ff03dbc70449ff04cc25ce96a96a548ec5f5a51bd464496a1f0,2713,pdf_74,a740362f586a24f46fcc09fc1a1bc6391556e4c9bc432141903734f7833f39db,data/raw/pdfs/74_ปัตตานี.pdf,2,35,25.84252,491.54256,1088.8346404878048,504.84255999999993
pdf_55:p1:r19,rec_2652e734a3a1ced66d08b8e317e798ba4c46f75d39432becc53d77903dbb6bb8,2714,pdf_55,fe2373eb0d81516b45b09f5bb593a35bc32f505875cafd93f214ca6bc310c4d4,data/raw/pdfs/55_ราชบุรี.pdf,1,19,25.84252,315.24649,1088.8346429729727,328.54649
pdf_50:p1:r15,rec_f1aa3afc43db32bb0cbdaefb01669ac927a06b77f3ee5935f65780c7d05076ab,2715,pdf_50,8b7fe8a59c2c1fa488d7462868687d8f934217d7df929384117ef1e19dae37ab,data/raw/pdfs/50_ตาก.pdf,1,15,25.84252,262.04648999999995,1088.8346429729727,275.34649
pdf_51:p1:r16,rec_4c128ddf3f2d56ec6e0dd421cb770e035472596c9258417d907edf52f7de63b9,2716,pdf_51,380327daf06efde704e25ac9a209c4688b14087a4bcd57b35db44471d39e5199,data/raw/pdfs/51_สุโขทัย.pdf,1,16,25.84252,283.84649,1088.834642352941,297.14649
pdf_02:p1:r1,rec_90e00e7693561464f70a039a2810708ae314e39a556eb2ff233c9425fe26d64a,2717,pdf_02,368a15805d33fb210ed50297795f7f50bf822054e05b59bf71bfa25bee0f3a3c,data/raw/pdfs/02_สมุทรปราการ.pdf,1,1,25.84252,75.84649000000002,1088.8346429729727,89.14648999999997
pdf_55:p1:r29,rec_2e3705b6139b1c1b6f1b99a5aea404f5785a51b804f116b5037e89e2865f51c9,2718,pdf_55,fe2373eb0d81516b45b09f5bb593a35bc32f505875cafd93f214ca6bc310c4d4,data/raw/pdfs/55_ราชบุรี.pdf,1,29,25.84252,448.24649,1088.8346429729727,461.54649
pdf_74:p1:r25,rec_149128f5b64c86054cdff48cb776feab8794aacf87192c63deec08da30076bd2,2719,pdf_74,a740362f586a24f46fcc09fc1a1bc6391556e4c9bc432141903734f7833f39db,data/raw/pdfs/74_ปัตตานี.pdf,1,25,25.84252,395.04649,1088.8346429729727,408.34649
pdf_72:p2:r36,rec_9a9e645aeca526661a9802391868c27923aee4a040b4b69fd7ab8949cee63dbd,2720,pdf_72,04f947c56ddf01a73b376cdbb3099e393f9141fff3fec2504b9e031114606073,data/raw/pdfs/72_ตรัง.pdf,2,36,25.84252,504.84255999999993,1088.8346402499997,518.14256
pdf_06:p1:r2,rec_3eb8c0e262c5bf590647f70c434e8ad90735a8366a18a002739e2344ffb181fc,2721,pdf_06,03acf167c8c7dcc3b7e6ccbd9afcaa05e3b5157df416e00c1b7e146d91880d3c,data/raw/pdfs/06_อ่างทอง.pdf,1,2,25.84252,89.14648999999997,1088.8346429729727,102.44649000000004
pdf_29:p2:r20,rec_9e09926471164697b003339bd6cdadccbebc461448ec0300877e4727a3166ba8,2722,pdf_29,a1a30635ac132e2e87cc5b8c3c2c6e737453ecabe176861ce1a21609a26f3a1a,data/raw/pdfs/29_อุดรธานี.pdf,2,20,25.84252,292.0426,1088.8346365517239,305.3426
pdf_69:p2:r24,rec_1932c1368f7d04f43a4ee418b5287b52bf6fe32936dd48fd125d670e56355016,2723,pdf_69,769b283c00d83344280df884874571c2a99d89f78de64644b43bf9c6a108efa4,data/raw/pdfs/69_ชุมพร.pdf,2,24,25.84252,345.24256,1088.8346404878048,358.54256
pdf_10:p1:r23,rec_550201909c5fb0183ec0ad31e35c3df24f4315a2de70d9343298f90e52192deb,2724,pdf_10,5e0a433bc2cc307479a32d344bf5b0b4f006af0a3d0ccc1493fb587c885896c1,data/raw/pdfs/10_สระบุรี.pdf,1,23,25.84252,368.44649,1088.8346429729727,381.74649
pdf_23:p3:r9,rec_30708b1ad80f21252ecdfd759a6a7099f8cf11fd63bb96a20a238e1ea3fb5cc0,2725,pdf_23,771338278a591f8b5dfd252a64922234ef0d7071b6e6cd32beb2341668023e47,data/raw/pdfs/23_อุบลราชธานี.pdf,3,9,25.84252,145.74259999999998,1088.8346388571426,159.0426
pdf_58:p1:r1,rec_7e8fbcfd9dc2a855cf892929918631f08657193b1f47c890cf41ed447f12adc3,2726,pdf_58,8ff0dc3c9fe92f1cc2721c37fe35cfcc653ad17ca531672dc94686e7776d35a5,data/raw/pdfs/58_นครปฐม.pdf,1,1,25.84252,75.84649000000002,1088.8346429729727,89.14648999999997
pdf_59:p1:r26,rec_a8903997b081fb738a8f3585b54e54b7a81fa117b9f039e53dfe4bd517091448,2727,pdf_59,0c5827ab1fffa2ec0689a95405ee8640473ea428f18b199f44d2f71d4f366ad8,data/raw/pdfs/59_สมุทรสาคร.pdf,1,26,25.84252,408.34649,1088.8346429729727,421.64649
pdf_63:p1:r10,rec_bfc372f484c6356e5b4e47cd94a1ed7485be30c48a4f2d5b31aae81a2e1dabfa,2728,pdf_63,b04433cfbe561d1199180db3f5210359427f668e1f7b072f31972e2749ce63ae,data/raw/pdfs/63_นครศรีธรรมราช.pdf,1,10,25.84252,195.54648999999995,1088.8346429729727,208.84649
pdf_73:p2:r26,rec_e8910e38e42dff46abb09c210cd600dae4adb77a9d8add5554c96dd0920c8cdd,2729,pdf_73,8a9a8b1fb9d81eb7f2d76afa1f886621ea38587fc4c60902bc317398649ff90e,data/raw/pdfs/73_พัทลุง.pdf,2,26,25.84252,371.84256,1088.8346404878048,385.14256
pdf_56:p2:r3,rec_807f1e46e2bc83956daeedb36c40d341480544bea67cf77bc3eff1608dae2c9c,2730,pdf_56,f0ce416ab9d3f527c2052960422068d0564c2b8833f2a75d05cab7aa8280b0d5,data/raw/pdfs/56_กาญจนบุรี.pdf,2,3,25.84252,65.94256,1088.8346394594591,79.24255999999997
pdf_12:p1:r24,rec_346ed6a7e4ca473728a75498456c3407bb5262a449fcfc06a2234f293d965dca,2731,pdf_12,a807bf56c3fc6df739b3c4e072038fd3824bd793ca3bbc711cf4169e5e81ff9c,data/raw/pdfs/12_ระยอง.pdf,1,24,25.84252,381.74649,1088.8346429729727,395.04649
pdf_23:p3:r11,rec_40fbb85892a2a16a02f4b05947970afbf1145b983f00195376cad81a1eeb6952,2732,pdf_23,771338278a591f8b5dfd252a64922234ef0d7071b6e6cd32beb2341668023e47,data/raw/pdfs/23_อุบลราชธานี.pdf,3,11,25.84252,172.34259999999998,1088.8346388571426,185.64259999999996
pdf_19:p3:r37,rec_59de71a287668bc7f345f758fc92acaed6b4c938140402de339712f6767c76d9,2733,pdf_19,2fbc685c790d957bd597a9ae4cbc69a07dacbb20cab611015cf1ce2eecd5982c,data/raw/pdfs/19_นครราชสีมา.pdf,3,37,25.84252,518.14256,1088.8346404878048,531.44256
pdf_40:p1:r7,rec_9b8a21d87aa3b7e1d2127cf66da99e4c40f283d9730ce9366e8344a786865773,2734,pdf_40,89bea4e9a200e8f073d048a2ed2a881a1e01108b8c12f1e050317b845aac6b1d,data/raw/pdfs/40_ลำปาง.pdf,1,7,25.84252,155.64648999999997,1088.8346429729727,168.94649000000004
pdf_57:p3:r6,rec_2f52511d1d8d3e722ebe2f67ad2facae18c9f5124155ee5de6fe39dd89a0960d,2735,pdf_57,9b6f57faac860a1339f68519b1b756d3ef34cc2ccd4962f5e15b78600e7c9112,data/raw/pdfs/57_สุพรรณบุรี.pdf,3,6,25.84252,105.84256,1088.8346404878048,119.14255999999996
pdf_54:p1:r29,rec_5423433c6076c092f166fc5cb997b22ad461b686805d590a2e9cb100f56cbb81,2736,pdf_54,884b1d2d94fff12fa64928c8a22df877265f50fbc00dfcb61f5a4636dd1c14c8,data/raw/pdfs/54_เพชรบูรณ์.pdf,1,29,25.84252,456.74649,1088.8346429729727,470.04649
pdf_03:p1:r9,rec_9f067540254fde34c567a5358fe239325202a4d88a5c98f7d3b48d83052ea48e,2737,pdf_03,7dd9e7f51732791c63183067d85d18d20f856edf0c2dff89dbda84d866df2d62,data/raw/pdfs/03_นนทบุรี.pdf,1,9,25.84252,182.24649,1088.8346429729727,195.54648999999995
pdf_24:p1:r7,rec_527d4f77e5135d9f0d4e0e4a4805ee0166bd39de3afebfa8223c810d6ceac2ce,2738,pdf_24,11414a0eb9f2dd0d2b908d5f1a25e50bf241a96ac3fdabf71ba570e190f65dc5,data/raw/pdfs/24_ยโสธร.pdf,1,7,25.842519999999997,155.6465,1088.834628333333,168.94650000000001
pdf_05:p3:r10,rec_36f4ca903bc130e8e5dd7dc02b1ad632fbe810d3f11e96f98c4d1cc9b756beef,2739,pdf_05,ae1ba5ac5ef768c29045f4282a9047c71474a8d654003bfa51574874b3f415fc,data/raw/pdfs/05_พระนครศรีอยุธยา.pdf,3,10,25.84252,159.0426,1088.8346388571426,172.34259999999998
pdf_53:p1:r5,rec_6bfb07b1dbe6bbe26ded32caff0dcf5caf3f55cc7750e47047e97d8c73692e20,2740,pdf_53,41aaaf3a91961ab9b2dee694f50d9a086d1ad80beffe1b54e81370016a11cb14,data/raw/pdfs/53_พิจิตร.pdf,1,5,25.84252,137.54648999999995,1088.8346429729727,150.84649000000002
pdf_03:p4:r15,rec_510bb848320cb18939d6f91ccd14cfacea7b43b9ed2f4cab971f87eb50da2a90,2741,pdf_03,7dd9e7f51732791c63183067d85d18d20f856edf0c2dff89dbda84d866df2d62,data/raw/pdfs/03_นนทบุรี.pdf,4,15,25.84252,225.54255999999995,1088.8346404878048,238.84256
pdf_69:p2:r4,rec_1e223211f1a24790ca6d31fc307335b8b0c67c91f3f8864c3c038e461bfdac4f,2742,pdf_69,769b283c00d83344280df884874571c2a99d89f78de64644b43bf9c6a108efa4,data/raw/pdfs/69_ชุมพร.pdf,2,4,25.84252,79.24255999999997,1088.8346404878048,92.54255999999998
pdf_50:p2:r9,rec_24ad1acc34da7511682b1f53ccf9bf516851ba58622f8b635ffba97150b64232,2743,pdf_50,8b7fe8a59c2c1fa488d7462868687d8f934217d7df929384117ef1e19dae37ab,data/raw/pdfs/50_ตาก.pdf,2,9,25.84252,145.74259999999998,1088.8346270588233,159.0426
pdf_11:p3:r6,rec_297dcc89f66ad90fa0d396f17072b605071e6179053148c36cbc6f9d232471a6,2744,pdf_11,3638acfefe295becff8609b6ee16edeea0914e518d215754813661f1c0a3f79b,data/raw/pdfs/11_ชลบุรี.pdf,3,6,25.842519999999997,105.84259999999999,1088.8346175,119.14260000000002
pdf_72:p1:r13,rec_54f6373e9072398a73b4a5fb892f1e247460f10f993201414bc96247bd68e355,2745,pdf_72,04f947c56ddf01a73b376cdbb3099e393f9141fff3fec2504b9e031114606073,data/raw/pdfs/72_ตรัง.pdf,1,13,25.84252,235.44649000000004,1088.8346429729727,248.74649
pdf_12:p1:r13,rec_b1bfc218c5b51f37971854a0e9608a790480360912cc81c7f85206d51dcceebc,2746,pdf_12,a807bf56c3fc6df739b3c4e072038fd3824bd793ca3bbc711cf4169e5e81ff9c,data/raw/pdfs/12_ระยอง.pdf,1,13,25.84252,235.44649000000004,1088.8346429729727,248.74649
pdf_29:p1:r9,rec_61b947879bd103bd8c3502e1dc64618613f18a748ec4521324e5525938f8fb2d,2747,pdf_29,a1a30635ac132e2e87cc5b8c3c2c6e737453ecabe176861ce1a21609a26f3a1a,data/raw/pdfs/29_อุดรธานี.pdf,1,9,25.84252,182.24649,1088.8346429729727,195.54648999999995
pdf_62:p1:r19,rec_0f120777f31a972e656f8c0bddca001d0016b85c7cd0f8c1caba1d55ea0d476e,2748,pdf_62,16170e28f4926ce3d0cb9566cb26ec752a3cb84a42d0ceb55d00107b3d3f1443,data/raw/pdfs/62_ประจวบคีรีขันธ์.pdf,1,19,25.84252,315.24649999999997,1088.834638181818,328.5465
pdf_32:p1:r8,rec_8d3a861558b6e7a8b7107eb61218c309fbc6637d73e747c377dcfa4cff1efa89,2749,pdf_32,b00581f42f40b25ff4c6be7ad8e530fc1306844ad3bb673079384b891a4190e5,data/raw/pdfs/32_มหาสารคาม.pdf,1,8,25.84252,168.94650000000001,1088.8346399999998,182.24649999999997
pdf_02:p1:r31,rec_7419d437b0081aa5a932857236c1601d8b685fa30e4eae52bc5a2d6635de688d,2750,pdf_02,368a15805d33fb210ed50297795f7f50bf822054e05b59bf71bfa25bee0f3a3c,data/raw/pdfs/02_สมุทรปราการ.pdf,1,31,25.84252,474.84649,1088.8346429729727,488.14649
pdf_13:p1:r2,rec_b0048ac479199d907ae3d0e7f2517aab76474faf46c13e6b49cc346101aee224,2751,pdf_13,b20ef2b0fb7767955210435e1f38c72a82bb812eb8d831b1ac9a4d227b8a8454,data/raw/pdfs/13_จันทบุรี.pdf,1,2,25.84252,89.14649999999995,1088.8346326666665,102.44649999999997
pdf_66:p1:r17,rec_e7cf4047a0503587780d6d024f890793bc14577c838340ee2317f9d50290062d,2752,pdf_66,012255400d37e8c732ded7ebc3c018108c8f4aa391112b3f6d6515d21e797ab6,data/raw/pdfs/66_ภูเก็ต.pdf,1,17,25.84252,288.64649,1088.8346429729727,301.94649
pdf_38:p1:r22,rec_9f6f28b35d58ffb6c5954d542e96974f839b5bf856b2728c311f47db7193f25d,2753,pdf_38,462a1c486a501887e4446ef7e812041c7d158ab4442235b85572d4a89fd7f492,data/raw/pdfs/38_เชียงใหม่.pdf,1,22,25.84252,355.14649,1088.8346429729727,368.44649
pdf_03:p5:r31,rec_1a378e62b0010ee1cd7a3b24f2c732d0b70edbb996fccbeb93aa415ac3181d39,2754,pdf_03,7dd9e7f51732791c63183067d85d18d20f856edf0c2dff89dbda84d866df2d62,data/raw/pdfs/03_นนทบุรี.pdf,5,31,25.84252,438.34259999999995,1088.8346391666664,451.64259999999996
pdf_67:p3:r30,rec_17d9c98b246ff1be18be4ae9471344d712a162bd3dfbe614c46b7837bfc353ef,2755,pdf_67,b66fc9f9229750b7a04c0e5c07c072d77eb0800ed604da819fb28b6c4a75a636,data/raw/pdfs/67_สุราษฎร์ธานี.pdf,3,30,25.84252,425.04256,1088.8346404878048,438.34255999999993
pdf_74:p3:r11,rec_6d9ebb70ad3dd14bcfae2aee94552e28ff45b88a501d8b779979b1107396fa5f,2756,pdf_74,a740362f586a24f46fcc09fc1a1bc6391556e4c9bc432141903734f7833f39db,data/raw/pdfs/74_ปัตตานี.pdf,3,11,25.84252,172.3426,1088.834628333333,185.64260000000002
pdf_53:p1:r11,rec_1fe2a3b453a08e3b1266a022acf20d39bf1124d4d3a3e7ef3cdb569aceb18388,2757,pdf_53,41aaaf3a91961ab9b2dee694f50d9a086d1ad80beffe1b54e81370016a11cb14,data/raw/pdfs/53_พิจิตร.pdf,1,11,25.84252,217.34649,1088.8346429729727,230.64649
pdf_67:p4:r26,rec_1a16be357a7655590c87e8a82b764659738c8cdb384eaccb926b3bc7179e8f41,2758,pdf_67,b66fc9f9229750b7a04c0e5c07c072d77eb0800ed604da819fb28b6c4a75a636,data/raw/pdfs/67_สุราษฎร์ธานี.pdf,4,26,25.84252,371.84256,1088.8346404878048,385.14256
pdf_57:p3:r20,rec_c83b5c9c1ffc71142e94c4327d26d3b9d198c65c8a0830947e0a54caef586238,2759,pdf_57,9b6f57faac860a1339f68519b1b756d3ef34cc2ccd4962f5e15b78600e7c9112,data/raw/pdfs/57_สุพรรณบุรี.pdf,3,20,25.84252,292.04256,1088.8346404878048,305.34256
pdf_66:p3:r23,rec_8d683711ea00798a9a9cf26c90f6c9ab36485569c0427b7dd90e7a37077a8e59,2760,pdf_66,012255400d37e8c732ded7ebc3c018108c8f4aa391112b3f6d6515d21e797ab6,data/raw/pdfs/66_ภูเก็ต.pdf,3,23,25.84252,331.94255999999996,1088.8346397368418,345.24256
pdf_15:p1:r2,rec_862229ec3ec60ea530ebe8e2b00a69153f64eb191bb5fc3618dfabd8fe89715c,2761,pdf_15,bf99cdf12418fcdc90b3c1c739fd4e7e09ca40818852ca43bcd1c3284b3cf084,data/raw/pdfs/15_ฉะเชิงเทรา.pdf,1,2,25.84252,89.14648999999997,1088.8346429729727,102.44649000000004
pdf_04:p4:r13,rec_12cb2f3d48bb961b7e7fa7e9df7ebe09eb3e724239c29ff7564d1ce33a8b1512,2762,pdf_04,83861a2a02db33dda27703227bb90cd50ba1b9144123e42912f926c1d1043c39,data/raw/pdfs/04_ปทุมธานี.pdf,4,13,25.84252,198.94255999999996,1088.8346404878048,212.24255999999997
pdf_13:p1:r5,rec_d7c8cc11165de27b86df553f8399aa0c69f9a0f521e0f89cf822d6f36ce44d04,2763,pdf_13,b20ef2b0fb7767955210435e1f38c72a82bb812eb8d831b1ac9a4d227b8a8454,data/raw/pdfs/13_จันทบุรี.pdf,1,5,25.84252,129.04649999999998,1088.8346326666665,142.3465
pdf_64:p1:r24,rec_639c0639feb8709595c691c88d12fee4b9d6a1bb4bb81d729c3d978a0fe20d03,2764,pdf_64,a4e4abc03757d1e14ce1bfb2e426567faeea8fce3152123821e712496872240e,data/raw/pdfs/64_กระบี่.pdf,1,24,25.84252,381.74649,1088.8346429729727,395.04649
pdf_48:p1:r5,rec_251435d85b42124d983c56ff740414767a3a6242c6c1da488a3a7f254b6f6c07,2765,pdf_48,4ace8fb0ec02d2b1aa95432a9b9e883581d60aba88879e64923cce23b14c3f06,data/raw/pdfs/48_อุทัยธานี.pdf,1,5,25.842519999999997,129.04649999999998,1088.8346376190475,142.3465
pdf_56:p1:r22,rec_d8b949df78ece26499b00825054ecc014d22f7d462dc87817570508890051987,2766,pdf_56,f0ce416ab9d3f527c2052960422068d0564c2b8833f2a75d05cab7aa8280b0d5,data/raw/pdfs/56_กาญจนบุรี.pdf,1,22,25.84252,355.14649,1088.8346429729727,368.44649
pdf_55:p1:r5,rec_ae5834f90045edf98876f485fb3fca76b0dd7ed4ea4a7a2148c433335c52741d,2767,pdf_55,fe2373eb0d81516b45b09f5bb593a35bc32f505875cafd93f214ca6bc310c4d4,data/raw/pdfs/55_ราชบุรี.pdf,1,5,25.84252,129.04648999999995,1088.8346429729727,142.34649000000002
pdf_45:p1:r5,rec_891420d978d14f4117e4482cffb078d7e1a2813872b8fcf9f36ad7aa9731dfd6,2768,pdf_45,29b1222a0b0979d29984a9dd61c0130edaa8b2dbaf6e6c7cd7a1c4c198e06186,data/raw/pdfs/45_เชียงราย.pdf,1,5,25.84252,129.04650000000004,1088.8346314285714,142.3465
pdf_04:p5:r14,rec_30e4fc3ae9c8553a57e916d6e3e295bff9f055f871390a0deaca493216fdb21d,2769,pdf_04,83861a2a02db33dda27703227bb90cd50ba1b9144123e42912f926c1d1043c39,data/raw/pdfs/04_ปทุมธานี.pdf,5,14,25.84252,212.24259999999998,1088.8346388571426,225.5426
pdf_04:p3:r31,rec_f39e2b9e49b8220fbdd680fda69c159e25f2494e5d923250292e449f034982a4,2770,pdf_04,83861a2a02db33dda27703227bb90cd50ba1b9144123e42912f926c1d1043c39,data/raw/pdfs/04_ปทุมธานี.pdf,3,31,25.84252,438.34255999999993,1088.8346404878048,451.64256000000006
pdf_04:p1:r16,rec_0236ac6f7f130fc738167b6cc9d48bbc75eff2cfb69a7bd18dc65a26d1171bd9,2771,pdf_04,83861a2a02db33dda27703227bb90cd50ba1b9144123e42912f926c1d1043c39,data/raw/pdfs/04_ปทุมธานี.pdf,1,16,25.84252,275.34649,1088.8346429729727,288.64649
pdf_35:p2:r1,rec_5b66212742130f149ab2fc75002ce19a2b2ece3e6b25eab758766b175afdbacb,2772,pdf_35,34e8cb69b8d0f03a2caba0ffc0eb6d4b5233159b13350c073968de56ab12b69f,data/raw/pdfs/35_สกลนคร.pdf,2,1,25.84252,39.34259999999995,1088.8346109999998,52.642600000000016
pdf_36:p2:r5,rec_e1c7daf8f264091c2f35c10c28fff1e8c15388af15c764f4475eb5e9a52fc581,2773,pdf_36,e5624d419ac85611ac4b3fe0a27d6bfa73a7b474d5b0ee2a6b1a7b64f4783d70,data/raw/pdfs/36_นครพนม.pdf,2,5,25.84252,92.5426,1088.8346294736841,105.84260000000003
pdf_02:p1:r5,rec_a7ce05d542a07633ee71e1c66c271b6bcff893db1dad14339a317714ab6849ba,2774,pdf_02,368a15805d33fb210ed50297795f7f50bf822054e05b59bf71bfa25bee0f3a3c,data/raw/pdfs/02_สมุทรปราการ.pdf,1,5,25.84252,129.04648999999995,1088.8346429729727,142.34649000000002
pdf_73:p3:r4,rec_fb5b11d0ee8a9aaa482fc703a6a3b35823b82c8aacc037acde423007a1547405,2775,pdf_73,8a9a8b1fb9d81eb7f2d76afa1f886621ea38587fc4c60902bc317398649ff90e,data/raw/pdfs/73_พัทลุง.pdf,3,4,25.842519999999997,79.24259999999998,1088.8346314285711,92.5426
pdf_67:p4:r17,rec_78f08770d61f1f41768397f11ff8c04be0edc53dad274419d4e3ec868cfd7671,2776,pdf_67,b66fc9f9229750b7a04c0e5c07c072d77eb0800ed604da819fb28b6c4a75a636,data/raw/pdfs/67_สุราษฎร์ธานี.pdf,4,17,25.84252,252.14255999999995,1088.8346404878048,265.44255999999996
pdf_19:p3:r18,rec_61e16733d005b4882bbc33a7e288027364685eefea6b086b7cc042e74abb2e2e,2777,pdf_19,2fbc685c790d957bd597a9ae4cbc69a07dacbb20cab611015cf1ce2eecd5982c,data/raw/pdfs/19_นครราชสีมา.pdf,3,18,25.84252,265.44255999999996,1088.8346404878048,278.74255999999997
pdf_14:p1:r5,rec_b8d948e78d272626261eea13a7e7aea7b0cb9bbda1b686fcd80c841a82259f85,2778,pdf_14,393e31a1b8153f8cc465f3ec91d9f8ca361728a4cd33c0dfaa79d4d01d13c1e9,data/raw/pdfs/14_ตราด.pdf,1,5,25.84252,129.04649999999998,1088.8346174999997,142.3465
pdf_57:p2:r10,rec_8bfda00cb5b252477ac39a60f85201e0d00f48486292afb07d362ad842af7705,2779,pdf_57,9b6f57faac860a1339f68519b1b756d3ef34cc2ccd4962f5e15b78600e7c9112,data/raw/pdfs/57_สุพรรณบุรี.pdf,2,10,25.84252,159.04255999999998,1088.8346404878048,172.34256
pdf_29:p1:r4,rec_3331ea3e7c0038e0b32590955a47f8dbd28c0a99b92b732b59da52295268a7dd,2780,pdf_29,a1a30635ac132e2e87cc5b8c3c2c6e737453ecabe176861ce1a21609a26f3a1a,data/raw/pdfs/29_อุดรธานี.pdf,1,4,25.84252,115.74649,1088.8346429729727,129.04648999999995
pdf_53:p1:r14,rec_b0c4e11eab375b18f7cbb1e433b38e40690d293560734f4061612772956de1c5,2781,pdf_53,41aaaf3a91961ab9b2dee694f50d9a086d1ad80beffe1b54e81370016a11cb14,data/raw/pdfs/53_พิจิตร.pdf,1,14,25.84252,257.24649,1088.8346429729727,270.54648999999995
pdf_40:p1:r12,rec_3bf25e1d23d65a59b06c8f849e350df086d9f4539046002d0fcb4a8f21acb5f3,2782,pdf_40,89bea4e9a200e8f073d048a2ed2a881a1e01108b8c12f1e050317b845aac6b1d,data/raw/pdfs/40_ลำปาง.pdf,1,12,25.84252,222.14649,1088.8346429729727,235.44649000000004
pdf_64:p3:r33,rec_3ae52205e4e9817e3bbbdf06394e144d71cbfa489733cfc9a4289e7b91347e94,2783,pdf_64,a4e4abc03757d1e14ce1bfb2e426567faeea8fce3152123821e712496872240e,data/raw/pdfs/64_กระบี่.pdf,3,33,25.84252,464.94255999999996,1088.8346404878048,478.24256
pdf_76:p1:r23,rec_fcf61df4bb7e3120ddd9dfc02e2c70817f12ea6675820826d0b6b8e28a1c86fe,2784,pdf_76,474bb90a38c020bbc86d90180af2b062867ed6a1db6999d709acff810fd5d84d,data/raw/pdfs/76_นราธิวาส.pdf,1,23,25.84252,368.44649,1088.8346429729727,381.74649
pdf_03:p4:r16,rec_2249adde6f19ac97834711ac1ef9c8a8241a127f17703ca28a24c5112a4bae83,2785,pdf_03,7dd9e7f51732791c63183067d85d18d20f856edf0c2dff89dbda84d866df2d62,data/raw/pdfs/03_นนทบุรี.pdf,4,16,25.84252,238.84256,1088.8346404878048,252.14255999999995
pdf_44:p1:r1,rec_06924a2fada3a954716771128e02e1a036569234ca3b75ba745e118a4042a96e,2786,pdf_44,0b6a87addaacef010594603f0dfdfb6eeb947a760e12360b52409636f432ab36,data/raw/pdfs/44_พะเยา.pdf,1,1,25.84252,75.84649999999999,1088.8346369999997,89.14649999999995
pdf_15:p2:r31,rec_b78bdcca414f181a534d90747906ad452d6c92bcf01ec2b896da69665fd0c8e4,2787,pdf_15,bf99cdf12418fcdc90b3c1c739fd4e7e09ca40818852ca43bcd1c3284b3cf084,data/raw/pdfs/15_ฉะเชิงเทรา.pdf,2,31,25.84252,438.34255999999993,1088.8346404878048,451.64256000000006
pdf_53:p1:r31,rec_a95027fa578fd971728a5e116e876cc53f0b2593b221ea3b0fc3b3df8ff9ad58,2788,pdf_53,41aaaf3a91961ab9b2dee694f50d9a086d1ad80beffe1b54e81370016a11cb14,data/raw/pdfs/53_พิจิตร.pdf,1,31,25.84252,483.34649,1088.8346429729727,496.64649
pdf_19:p3:r7,rec_7382a1d8396166d8a5e3ffb53ea43aac54518652b5f0c82a16e77494dbe32d0a,2789,pdf_19,2fbc685c790d957bd597a9ae4cbc69a07dacbb20cab611015cf1ce2eecd5982c,data/raw/pdfs/19_นครราชสีมา.pdf,3,7,25.84252,119.14255999999996,1088.8346404878048,132.44255999999996
pdf_74:p2:r36,rec_59d46051c1bcba7edaeb30ec4821c3a26c0341e3b0dbd484668c3df11cd8000a,2790,pdf_74,a740362f586a24f46fcc09fc1a1bc6391556e4c9bc432141903734f7833f39db,data/raw/pdfs/74_ปัตตานี.pdf,2,36,25.84252,504.84255999999993,1088.8346404878048,518.14256
pdf_64:p3:r9,rec_296891eabf1c6f8f99131a5ee7ddbfe89619388576cf918b67989a357efb3e25,2791,pdf_64,a4e4abc03757d1e14ce1bfb2e426567faeea8fce3152123821e712496872240e,data/raw/pdfs/64_กระบี่.pdf,3,9,25.84252,145.74255999999997,1088.8346404878048,159.04255999999998
pdf_32:p1:r13,rec_c28d192d3b3049b3f167ba01c38a4052f911359101e63fc5f917d89f60d357aa,2792,pdf_32,b00581f42f40b25ff4c6be7ad8e530fc1306844ad3bb673079384b891a4190e5,data/raw/pdfs/32_มหาสารคาม.pdf,1,13,25.84252,235.44650000000001,1088.8346399999998,248.74649999999997
pdf_58:p2:r9,rec_a9aa81d5239f98e4f621cb2e645c8322a91684b703f3719ec30ab7008218c5f3,2793,pdf_58,8ff0dc3c9fe92f1cc2721c37fe35cfcc653ad17ca531672dc94686e7776d35a5,data/raw/pdfs/58_นครปฐม.pdf,2,9,25.84252,145.74255999999997,1088.8346404878048,159.04255999999998
pdf_32:p1:r9,rec_8a036f5bf20129ab5fed7ba2c8c93dab6e227582ee55398ca5cab5d820d7e89a,2794,pdf_32,b00581f42f40b25ff4c6be7ad8e530fc1306844ad3bb673079384b891a4190e5,data/raw/pdfs/32_มหาสารคาม.pdf,1,9,25.84252,182.24649999999997,1088.8346399999998,195.54649999999998
pdf_61:p1:r3,rec_fe7faf8e071e6d16e184e0469b4ed2cb1b9e06c3e5911e0576a32d8a0d2d64b2,2795,pdf_61,6dda18b7ffb9a73296045d0dd81965bec27f7cbccc7ef862c8bf458d206599e2,data/raw/pdfs/61_เพชรบุรี.pdf,1,3,25.84252,102.44650000000001,1088.834638181818,115.74649999999997
pdf_75:p1:r17,rec_b5a12ac5b03b39e561010104f7d2c417311d8fb5a10c8bb685168adb10ced775,2796,pdf_75,ffef7f4f9a7953e62785b17dc6cfa1d3fa15bda9cb7369abaaa41e24f24f5ae4,data/raw/pdfs/75_ยะลา.pdf,1,17,25.84252,288.64649,1088.834642352941,301.94649
pdf_67:p7:r8,rec_be48718cd64e55a5fa308ecbe94ebb602c8cce33d4843c050412b1c6ede068aa,2797,pdf_67,b66fc9f9229750b7a04c0e5c07c072d77eb0800ed604da819fb28b6c4a75a636,data/raw/pdfs/67_สุราษฎร์ธานี.pdf,7,8,25.84252,132.44259999999997,1088.8346270588233,145.74259999999998
pdf_39:p1:r2,rec_5af6612c35c1c9b8527e08f0eced0bfe1b1dc953d90f4258304eaad93a06325c,2798,pdf_39,f8439630693dcb0a91ca91bc39687ac32878a128fb24ec09b75d075fce0bca64,data/raw/pdfs/39_ลำพูน.pdf,1,2,25.84252,89.14649999999995,1088.8346369999997,102.44649999999997
pdf_57:p1:r14,rec_03d886057e88b5f16ab45b0bcadd011b05bd3d7f5f3aaa09c27585152464bea5,2799,pdf_57,9b6f57faac860a1339f68519b1b756d3ef34cc2ccd4962f5e15b78600e7c9112,data/raw/pdfs/57_สุพรรณบุรี.pdf,1,14,25.84252,248.74649,1088.8346429729727,262.04648999999995
pdf_16:p1:r10,rec_0de102a2777bc727db972fd72cd26bc060053905e70c281a18b5d3c4be8feb7e,2800,pdf_16,7b893a3f02630b40240d0242410f662e3fe91d8d5ea2449991bba89e89a89ea4,data/raw/pdfs/16_ปราจีนบุรี.pdf,1,10,25.84252,195.54648999999995,1088.8346429729727,208.84649
pdf_49:p1:r27,rec_b06ea4ed274e19a46ecda92c7b95c0aa0b1ab6cbcd134a5832ff934f01ca553f,2801,pdf_49,6ada8eb27a34993420ed8c6db69aa4ae13ff4283abdb43b9d76a05d6794f6a27,data/raw/pdfs/49_กำแพงเพชร.pdf,1,27,25.84252,421.64649,1088.8346429729727,434.94649
pdf_29:p1:r17,rec_998e721e0784614055182f1905440db873a7326acb228452a5ead30594d4e8db,2802,pdf_29,a1a30635ac132e2e87cc5b8c3c2c6e737453ecabe176861ce1a21609a26f3a1a,data/raw/pdfs/29_อุดรธานี.pdf,1,17,25.84252,288.64649,1088.8346429729727,301.94649
pdf_15:p2:r4,rec_bccabbb99af5530d3fdb28fe16a3ef88662e34c21a3fa597628f02e6c774272b,2803,pdf_15,bf99cdf12418fcdc90b3c1c739fd4e7e09ca40818852ca43bcd1c3284b3cf084,data/raw/pdfs/15_ฉะเชิงเทรา.pdf,2,4,25.84252,79.24255999999997,1088.8346404878048,92.54255999999998
pdf_04:p4:r14,rec_eb858d92439f30c5f5549ed79ddea4a4c59748fd91d1fa51e8dddd344988db7f,2804,pdf_04,83861a2a02db33dda27703227bb90cd50ba1b9144123e42912f926c1d1043c39,data/raw/pdfs/04_ปทุมธานี.pdf,4,14,25.84252,212.24255999999997,1088.8346404878048,225.54255999999995
pdf_57:p3:r15,rec_baa33e3fcddd1dfc3c2e427103b0e0f563e910fe1fa05c1c989548a5e8dd9627,2805,pdf_57,9b6f57faac860a1339f68519b1b756d3ef34cc2ccd4962f5e15b78600e7c9112,data/raw/pdfs/57_สุพรรณบุรี.pdf,3,15,25.84252,225.54255999999995,1088.8346404878048,238.84256
pdf_72:p1:r2,rec_bb6965f4aa23c108fbd725488a043e09c8d910775c3546396471054c706ab28f,2806,pdf_72,04f947c56ddf01a73b376cdbb3099e393f9141fff3fec2504b9e031114606073,data/raw/pdfs/72_ตรัง.pdf,1,2,25.84252,89.14648999999997,1088.8346429729727,102.44649000000004
pdf_19:p3:r9,rec_8442fa7ba4902cb23f5589e0dfeb2414bb1941f85fa606779a3ea8a0f83bb501,2807,pdf_19,2fbc685c790d957bd597a9ae4cbc69a07dacbb20cab611015cf1ce2eecd5982c,data/raw/pdfs/19_นครราชสีมา.pdf,3,9,25.84252,145.74255999999997,1088.8346404878048,159.04255999999998
pdf_55:p1:r11,rec_1bc0ca606449b1d828e2cae40bf5dffde890de4db3cfe88db8bfdbfc45960ea9,2808,pdf_55,fe2373eb0d81516b45b09f5bb593a35bc32f505875cafd93f214ca6bc310c4d4,data/raw/pdfs/55_ราชบุรี.pdf,1,11,25.84252,208.84649,1088.8346429729727,222.14649
pdf_18:p1:r4,rec_28ec1b73f2e7710cc6c5ac6631724a913566e4d57a4a9c28b6024898e90bcbd9,2809,pdf_18,be2f47080dc7e95c466a639def50661998348f89a3d3495b6324e03e6ac06a59,data/raw/pdfs/18_สระแก้ว.pdf,1,4,25.84252,115.74649,1088.834642121212,129.04648999999998
pdf_10:p2:r9,rec_0307d5599a8ecdaa2007be754d160be9c2ddaa8988986501da695b42f67fc13a,2810,pdf_10,5e0a433bc2cc307479a32d344bf5b0b4f006af0a3d0ccc1493fb587c885896c1,data/raw/pdfs/10_สระบุรี.pdf,2,9,25.84252,145.74255999999997,1088.8346404878048,159.04255999999998
pdf_70:p1:r28,rec_8cffdba46a10cfb29710cd69457c2702df65275abb70eace7d2e77d81fe8871b,2811,pdf_70,dd0c8cec48b7f0994639864765a097630785c0e22135d674cb3057f22c0f80ab,data/raw/pdfs/70_สงขลา.pdf,1,28,25.84252,434.94649,1088.8346429729727,448.24649
pdf_38:p2:r6,rec_c836f3f95edf9d7a0c44d4e44cea8ec56b137ed37b809562eebf009729ea7665,2812,pdf_38,462a1c486a501887e4446ef7e812041c7d158ab4442235b85572d4a89fd7f492,data/raw/pdfs/38_เชียงใหม่.pdf,2,6,25.84252,105.84259999999995,1088.8346109999998,119.14259999999994
pdf_03:p2:r34,rec_ccce851ee3e42349d37f8cbe65b16ad774c6cd623483840899d45a45746d9874,2813,pdf_03,7dd9e7f51732791c63183067d85d18d20f856edf0c2dff89dbda84d866df2d62,data/raw/pdfs/03_นนทบุรี.pdf,2,34,25.84252,478.24256,1088.8346404878048,491.54256
pdf_64:p1:r5,rec_457e04296e54f1996e8daadcd0e264193e112d4e89d898df5c7a819019e29d7e,2814,pdf_64,a4e4abc03757d1e14ce1bfb2e426567faeea8fce3152123821e712496872240e,data/raw/pdfs/64_กระบี่.pdf,1,5,25.84252,129.04648999999995,1088.8346429729727,142.34649000000002
pdf_03:p1:r12,rec_da694f2be16450139bda129b80867a42c1720982dd3499fa2b71ab9de597bb3c,2815,pdf_03,7dd9e7f51732791c63183067d85d18d20f856edf0c2dff89dbda84d866df2d62,data/raw/pdfs/03_นนทบุรี.pdf,1,12,25.84252,222.14649,1088.8346429729727,235.44649000000004
pdf_50:p1:r1,rec_fc5f4890816b5e096cf051c537fc109f605f410094e83b4eacbf6a1edb27c73f,2816,pdf_50,8b7fe8a59c2c1fa488d7462868687d8f934217d7df929384117ef1e19dae37ab,data/raw/pdfs/50_ตาก.pdf,1,1,25.84252,75.84649000000002,1088.8346429729727,89.14648999999997
pdf_23:p1:r21,rec_52bc96fda5c9a207ce3ab0cb7643217b55a381b2b96524a675b07fccb00e82e8,2817,pdf_23,771338278a591f8b5dfd252a64922234ef0d7071b6e6cd32beb2341668023e47,data/raw/pdfs/23_อุบลราชธานี.pdf,1,21,25.84252,350.34649,1088.8346429729727,363.64649
pdf_28:p1:r8,rec_80507cb57e8605465f8c764a3b29c72ff97ca0bf0e2725fc9039b6da8ca99c16,2818,pdf_28,38e1a8d128ab928dd0bef117c9dbaa8191aea027adc2dae9137f68937f31d040,data/raw/pdfs/28_ขอนแก่น.pdf,1,8,25.84252,168.94649000000004,1088.8346429729727,182.24649
pdf_76:p1:r11,rec_173b2e28f6475e6de2dff8c8a1e2b107081f29638fc45e828ff96408fbc52cc3,2819,pdf_76,474bb90a38c020bbc86d90180af2b062867ed6a1db6999d709acff810fd5d84d,data/raw/pdfs/76_นราธิวาส.pdf,1,11,25.84252,208.84649,1088.8346429729727,222.14649
pdf_54:p1:r32,rec_afca20e9960ce1262f1b5ca3c464ea91138a708aeae2fc9c0462a86eee8bc342,2820,pdf_54,884b1d2d94fff12fa64928c8a22df877265f50fbc00dfcb61f5a4636dd1c14c8,data/raw/pdfs/54_เพชรบูรณ์.pdf,1,32,25.84252,496.64649,1088.8346429729727,509.94649
pdf_66:p2:r21,rec_4e250504aff58edd55daab11c52f39c68e28d52ce250a9bd1209b3fa05c9a5db,2821,pdf_66,012255400d37e8c732ded7ebc3c018108c8f4aa391112b3f6d6515d21e797ab6,data/raw/pdfs/66_ภูเก็ต.pdf,2,21,25.84252,305.34256,1088.8346404878048,318.64256
pdf_29:p1:r19,rec_ebb77a09870d3d587a0b659dd92822ff70b95e0e1b1a368fb320e092e06b8ad1,2822,pdf_29,a1a30635ac132e2e87cc5b8c3c2c6e737453ecabe176861ce1a21609a26f3a1a,data/raw/pdfs/29_อุดรธานี.pdf,1,19,25.84252,315.24649,1088.8346429729727,328.54649
pdf_67:p5:r28,rec_e756864abf4ed93e05b331399aeedda827e1add7241918139b551c182c27b9d2,2823,pdf_67,b66fc9f9229750b7a04c0e5c07c072d77eb0800ed604da819fb28b6c4a75a636,data/raw/pdfs/67_สุราษฎร์ธานี.pdf,5,28,25.84252,398.44255999999996,1088.8346404878048,411.74256
pdf_74:p2:r2,rec_5a0685d3b3302c3d8baf789831ee00ebb08ae4aa0e5b9a706f507712062224d8,2824,pdf_74,a740362f586a24f46fcc09fc1a1bc6391556e4c9bc432141903734f7833f39db,data/raw/pdfs/74_ปัตตานี.pdf,2,2,25.84252,52.64256,1088.8346404878048,65.94255999999996
pdf_67:p1:r3,rec_f43ffed6d3666e6d5859e9f76982ba270c40d89d80ddaa25b0fa49409a206573,2825,pdf_67,b66fc9f9229750b7a04c0e5c07c072d77eb0800ed604da819fb28b6c4a75a636,data/raw/pdfs/67_สุราษฎร์ธานี.pdf,1,3,25.84252,102.44649000000004,1088.8346429729727,115.74649
pdf_67:p7:r9,rec_9aba063209f1f573ffd3be65a3ef740a58d71330b15a0c549fc5173817e8d185,2826,pdf_67,b66fc9f9229750b7a04c0e5c07c072d77eb0800ed604da819fb28b6c4a75a636,data/raw/pdfs/67_สุราษฎร์ธานี.pdf,7,9,25.84252,145.74259999999998,1088.8346270588233,159.0426
pdf_67:p3:r22,rec_4be7df515d4e93742b2564e5c277fb2751d40a8af4d4ec52252a286f12b9b279,2827,pdf_67,b66fc9f9229750b7a04c0e5c07c072d77eb0800ed604da819fb28b6c4a75a636,data/raw/pdfs/67_สุราษฎร์ธานี.pdf,3,22,25.84252,318.64256,1088.8346404878048,331.94255999999996
pdf_10:p1:r9,rec_f62825c0a30a3206c0c6d8dce4eaf8c7903c6a98dc5c277b898f50ed43670fc8,2828,pdf_10,5e0a433bc2cc307479a32d344bf5b0b4f006af0a3d0ccc1493fb587c885896c1,data/raw/pdfs/10_สระบุรี.pdf,1,9,25.84252,182.24649,1088.8346429729727,195.54648999999995
pdf_07:p2:r5,rec_7e0e7cf9bea66a939a2da901160d3c718071dfa9cc51e697949fcab7b2263a6b,2829,pdf_07,f00681093e03a60a87dbc3834edae199fd055d6366406e456741ffd059ff3b05,data/raw/pdfs/07_ลพบุรี.pdf,2,5,25.84252,92.54255999999998,1088.8346404878048,105.84256
pdf_12:p2:r15,rec_8eb04303063819eee52954c8ff5d69480b8dac36b58564a121d520c1e5d99884,2830,pdf_12,a807bf56c3fc6df739b3c4e072038fd3824bd793ca3bbc711cf4169e5e81ff9c,data/raw/pdfs/12_ระยอง.pdf,2,15,25.842520000000004,225.5426,1088.8346355555555,238.8426
pdf_04:p5:r4,rec_0bbd112f5bc062c279aef033e69ff7716e4fc8aa7252c3ff6337cf38c1357e60,2831,pdf_04,83861a2a02db33dda27703227bb90cd50ba1b9144123e42912f926c1d1043c39,data/raw/pdfs/04_ปทุมธานี.pdf,5,4,25.84252,79.24259999999998,1088.8346388571426,92.5426
pdf_22:p1:r1,rec_989302e0ff3384f9b742bf2fd74013bc960282e5cd8838bb8e74cbab8f5d0943,2832,pdf_22,2695490faf896b9d7501aa7f09b83fc02b29dc6d768bbbf3a99d9138839b7d3e,data/raw/pdfs/22_ศรีสะเกษ.pdf,1,1,25.84252,84.34649999999999,1088.8346395999997,97.64649999999999
pdf_59:p2:r32,rec_e489283d0d644b51367aa426bcea00f0d9da1b92829afccbe85456ef7b5be6dc,2833,pdf_59,0c5827ab1fffa2ec0689a95405ee8640473ea428f18b199f44d2f71d4f366ad8,data/raw/pdfs/59_สมุทรสาคร.pdf,2,32,25.84252,451.64256000000006,1088.8346404878048,464.94255999999996
pdf_19:p3:r19,rec_94f25d338d2775f552395b38cfcce07c4a28dc19cdcacc0cf09bfaa4207eaf4a,2834,pdf_19,2fbc685c790d957bd597a9ae4cbc69a07dacbb20cab611015cf1ce2eecd5982c,data/raw/pdfs/19_นครราชสีมา.pdf,3,19,25.84252,278.74255999999997,1088.8346404878048,292.04256
pdf_11:p1:r19,rec_cad063e9beb0eb516e5b44eb6de077dd90cc8ee2c5df29416c1df8f4a4b7072c,2835,pdf_11,3638acfefe295becff8609b6ee16edeea0914e518d215754813661f1c0a3f79b,data/raw/pdfs/11_ชลบุรี.pdf,1,19,25.84252,315.24649,1088.8346429729727,328.54649
pdf_19:p3:r26,rec_1ae39038393c3fd5a38c309d39c98b7c5c126219068230430911f219fa8c1d09,2836,pdf_19,2fbc685c790d957bd597a9ae4cbc69a07dacbb20cab611015cf1ce2eecd5982c,data/raw/pdfs/19_นครราชสีมา.pdf,3,26,25.84252,371.84256,1088.8346404878048,385.14256
pdf_35:p1:r21,rec_3fe804b72e0dac96c7d525fbae118d5ab9e3a9ea9c3e8e147d0e1c629e709d8e,2837,pdf_35,34e8cb69b8d0f03a2caba0ffc0eb6d4b5233159b13350c073968de56ab12b69f,data/raw/pdfs/35_สกลนคร.pdf,1,21,25.84252,341.84649,1088.8346429729727,355.14649
pdf_07:p2:r6,rec_53f9518787d3ac251380ba7ba4a63f42f34fdf2cc87a991c60ee5a893dee5bbd,2838,pdf_07,f00681093e03a60a87dbc3834edae199fd055d6366406e456741ffd059ff3b05,data/raw/pdfs/07_ลพบุรี.pdf,2,6,25.84252,105.84256,1088.8346404878048,119.14255999999996
pdf_19:p4:r24,rec_c4e90e7be5f6d5f8ed4f22225abff3516789889e9b8c1e67a9e26fcb8cda0a8a,2839,pdf_19,2fbc685c790d957bd597a9ae4cbc69a07dacbb20cab611015cf1ce2eecd5982c,data/raw/pdfs/19_นครราชสีมา.pdf,4,24,25.84252,345.24256,1088.8346404878048,358.54256
pdf_19:p4:r35,rec_be8875c03ec1f30e35f4940d2dc77111dae872f3ad9d9d3cecd98fc23f167cc0,2840,pdf_19,2fbc685c790d957bd597a9ae4cbc69a07dacbb20cab611015cf1ce2eecd5982c,data/raw/pdfs/19_นครราชสีมา.pdf,4,35,25.84252,491.54256,1088.8346404878048,504.84255999999993
pdf_48:p1:r16,rec_53e1911b89504dfa36775bcaced256df2af6aaea45680d0fc9181f0cbc0495d8,2841,pdf_48,4ace8fb0ec02d2b1aa95432a9b9e883581d60aba88879e64923cce23b14c3f06,data/raw/pdfs/48_อุทัยธานี.pdf,1,16,25.842519999999997,275.3465,1088.8346376190475,288.64649999999995
pdf_72:p1:r33,rec_facd8ad41f637ca720230b35a88acc2a805521cafb1314850b5e928e945ef0d9,2842,pdf_72,04f947c56ddf01a73b376cdbb3099e393f9141fff3fec2504b9e031114606073,data/raw/pdfs/72_ตรัง.pdf,1,33,25.84252,501.44649,1088.8346429729727,514.74649
pdf_02:p1:r15,rec_b7216ac656323c3df8711e8046d67604c45c7bc1cf3c798c3f964aa3c63a77ca,2843,pdf_02,368a15805d33fb210ed50297795f7f50bf822054e05b59bf71bfa25bee0f3a3c,data/raw/pdfs/02_สมุทรปราการ.pdf,1,15,25.84252,262.04648999999995,1088.8346429729727,275.34649
pdf_50:p1:r26,rec_785f62d6a54acf7140f754381d388e410aa8fda9bf0800fdfa4b70fb837521c9,2844,pdf_50,8b7fe8a59c2c1fa488d7462868687d8f934217d7df929384117ef1e19dae37ab,data/raw/pdfs/50_ตาก.pdf,1,26,25.84252,408.34649,1088.8346429729727,421.64649
pdf_67:p4:r33,rec_b13b71f377366eaa375b1a9a86f3cbff5d42f9f5bf7a4afc90e33a50e53a6661,2845,pdf_67,b66fc9f9229750b7a04c0e5c07c072d77eb0800ed604da819fb28b6c4a75a636,data/raw/pdfs/67_สุราษฎร์ธานี.pdf,4,33,25.84252,464.94255999999996,1088.8346404878048,478.24256
pdf_43:p1:r7,rec_1e5bb4c7f7c19a633691da8bb3e7b3a68b2271ad954af549dfd657836eb10704,2846,pdf_43,edb270fe62c998ddd1ab10ecfe3b80a9ebcafcd12ad7a426b34c631deae32c4f,data/raw/pdfs/43_น่าน.pdf,1,7,25.842519999999997,164.1465,1088.834628333333,177.44650000000001
pdf_06:p1:r18,rec_ccd33e63477f0af43cb8aee7e681da39fedbf876b105dc6f851d543917d312e6,2847,pdf_06,03acf167c8c7dcc3b7e6ccbd9afcaa05e3b5157df416e00c1b7e146d91880d3c,data/raw/pdfs/06_อ่างทอง.pdf,1,18,25.84252,301.94649,1088.8346429729727,315.24649
pdf_38:p1:r11,rec_38f7834a0c3115c221fdc41a8755102d0ddac684f25c8442acd15f2d808d4dec,2848,pdf_38,462a1c486a501887e4446ef7e812041c7d158ab4442235b85572d4a89fd7f492,data/raw/pdfs/38_เชียงใหม่.pdf,1,11,25.84252,208.84649,1088.8346429729727,222.14649
pdf_64:p1:r12,rec_de9c0cba08ef5f673f7255cae854685f6f2dc7c5aa7f5a9b94e74419f591a33e,2849,pdf_64,a4e4abc03757d1e14ce1bfb2e426567faeea8fce3152123821e712496872240e,data/raw/pdfs/64_กระบี่.pdf,1,12,25.84252,222.14649,1088.8346429729727,235.44649000000004
pdf_19:p4:r36,rec_e512e4754520b44e39edb0431011957a19388634223a3d96eada989e7b8a7206,2850,pdf_19,2fbc685c790d957bd597a9ae4cbc69a07dacbb20cab611015cf1ce2eecd5982c,data/raw/pdfs/19_นครราชสีมา.pdf,4,36,25.84252,504.84255999999993,1088.8346404878048,518.14256
pdf_53:p2:r26,rec_1600ed60b3e57750f3d33bb71477e1b7385a0fd02e5758b14de35e4802566c2d,2851,pdf_53,41aaaf3a91961ab9b2dee694f50d9a086d1ad80beffe1b54e81370016a11cb14,data/raw/pdfs/53_พิจิตร.pdf,2,26,25.84252,371.84259999999995,1088.834638181818,385.14259999999996
pdf_59:p1:r22,rec_7031ba92cf64d4cd3856a0afdc85e9886dbba89352399e2564d3e9ed79bdb81c,2852,pdf_59,0c5827ab1fffa2ec0689a95405ee8640473ea428f18b199f44d2f71d4f366ad8,data/raw/pdfs/59_สมุทรสาคร.pdf,1,22,25.84252,355.14649,1088.8346429729727,368.44649
pdf_69:p1:r20,rec_589114eb1a34ff735fcbc6a364b853cf8c20fcf7c06a0c81cfa19f4a68125186,2853,pdf_69,769b283c00d83344280df884874571c2a99d89f78de64644b43bf9c6a108efa4,data/raw/pdfs/69_ชุมพร.pdf,1,20,25.84252,328.54649,1088.8346429729727,341.84649
pdf_02:p2:r34,rec_cdd92a60a355126547afd5b5e04a74f79a59be915ad6e895e673313569dac5f7,2854,pdf_02,368a15805d33fb210ed50297795f7f50bf822054e05b59bf71bfa25bee0f3a3c,data/raw/pdfs/02_สมุทรปราการ.pdf,2,34,25.84252,478.24256,1088.8346404878048,491.54256
pdf_10:p3:r16,rec_1c50871d453bd3596b33291236a5e720883d3ec04f56cbde74e497811f7d3f5b,2855,pdf_10,5e0a433bc2cc307479a32d344bf5b0b4f006af0a3d0ccc1493fb587c885896c1,data/raw/pdfs/10_สระบุรี.pdf,3,16,25.842519999999997,238.8426,1088.8346314285711,252.14259999999996
pdf_76:p1:r27,rec_926a85797f30cbb1b49d5dc70c26dd32520c117baabc77235a6197efc8ef0f81,2856,pdf_76,474bb90a38c020bbc86d90180af2b062867ed6a1db6999d709acff810fd5d84d,data/raw/pdfs/76_นราธิวาส.pdf,1,27,25.84252,421.64649,1088.8346429729727,434.94649
pdf_49:p1:r13,rec_1c09a73b47c352222e569cb80f6e0eb7323a193db89840cebf0d028daff73ff2,2857,pdf_49,6ada8eb27a34993420ed8c6db69aa4ae13ff4283abdb43b9d76a05d6794f6a27,data/raw/pdfs/49_กำแพงเพชร.pdf,1,13,25.84252,235.44649000000004,1088.8346429729727,248.74649
pdf_03:p4:r17,rec_c61d77c64194f3f55f0ae8362db97fef23d3a1b29fc71536541d17ca771adbb6,2858,pdf_03,7dd9e7f51732791c63183067d85d18d20f856edf0c2dff89dbda84d866df2d62,data/raw/pdfs/03_นนทบุรี.pdf,4,17,25.84252,252.14255999999995,1088.8346404878048,265.44255999999996
pdf_69:p1:r3,rec_4e2e9462fbc8ae5bacb6cade21ac1bfe1d3553c7010cd490a26f3f09fbe0060c,2859,pdf_69,769b283c00d83344280df884874571c2a99d89f78de64644b43bf9c6a108efa4,data/raw/pdfs/69_ชุมพร.pdf,1,3,25.84252,102.44649000000004,1088.8346429729727,115.74649
pdf_03:p2:r4,rec_343e803e9b16f6358cc6977f6cdb45c67d9625e5b1398e56676a4607a7450656,2860,pdf_03,7dd9e7f51732791c63183067d85d18d20f856edf0c2dff89dbda84d866df2d62,data/raw/pdfs/03_นนทบุรี.pdf,2,4,25.84252,79.24255999999997,1088.8346404878048,92.54255999999998
pdf_62:p1:r17,rec_546738975170251609e47801b6c2800f4cf7f08689aa3216438a6ecc57355d21,2861,pdf_62,16170e28f4926ce3d0cb9566cb26ec752a3cb84a42d0ceb55d00107b3d3f1443,data/raw/pdfs/62_ประจวบคีรีขันธ์.pdf,1,17,25.84252,288.6465,1088.834638181818,301.9465
pdf_64:p1:r13,rec_b3fcfeca1de83ba29e5fd9a5f76057e2378daa9c774f34d0fa745dcf712d8857,2862,pdf_64,a4e4abc03757d1e14ce1bfb2e426567faeea8fce3152123821e712496872240e,data/raw/pdfs/64_กระบี่.pdf,1,13,25.84252,235.44649000000004,1088.8346429729727,248.74649
pdf_46:p1:r14,rec_5289cca76585e5bfbaa6a04566bf134a3b108105986efce05900368180b1b458,2863,pdf_46,06c4f6b2edd8aec0be7828038556b5b7aec2393f710ca692324db2369d00d382,data/raw/pdfs/46_แม่ฮ่องสอน.pdf,1,14,25.84252,248.74649999999997,1088.834638181818,262.0465
pdf_29:p2:r9,rec_4a57b3f5b109b05e0596d1ca046a410de2c4a2fa0649f3185e14991c1d6409fe,2864,pdf_29,a1a30635ac132e2e87cc5b8c3c2c6e737453ecabe176861ce1a21609a26f3a1a,data/raw/pdfs/29_อุดรธานี.pdf,2,9,25.84252,145.74259999999998,1088.8346365517239,159.0426
pdf_44:p1:r4,rec_872a809e867c2dd2164416a09890a51824acfae10cf63329b20d0259de191dda,2865,pdf_44,0b6a87addaacef010594603f0dfdfb6eeb947a760e12360b52409636f432ab36,data/raw/pdfs/44_พะเยา.pdf,1,4,25.84252,115.74649999999997,1088.8346369999997,129.04649999999998
pdf_64:p2:r22,rec_957a6ef3870ee5d30b82e38027fa85d99f0c5b18ce3c3176d821d7df785d74d1,2866,pdf_64,a4e4abc03757d1e14ce1bfb2e426567faeea8fce3152123821e712496872240e,data/raw/pdfs/64_กระบี่.pdf,2,22,25.84252,318.64256,1088.8346404878048,331.94255999999996
pdf_04:p1:r17,rec_28cbddc8a77e3637dc2e18c4e9eb1621ce4a0ca5233ad8f34eb9bc72c20bb45f,2867,pdf_04,83861a2a02db33dda27703227bb90cd50ba1b9144123e42912f926c1d1043c39,data/raw/pdfs/04_ปทุมธานี.pdf,1,17,25.84252,288.64649,1088.8346429729727,301.94649
pdf_59:p2:r5,rec_45605ddc48c4258d8015dba6a5c3c0901b46f06b699f9c51fad22c438422c398,2868,pdf_59,0c5827ab1fffa2ec0689a95405ee8640473ea428f18b199f44d2f71d4f366ad8,data/raw/pdfs/59_สมุทรสาคร.pdf,2,5,25.84252,92.54255999999998,1088.8346404878048,105.84256
pdf_67:p5:r29,rec_5c94be6abcff0b5fe2fb3a3461669ade53ad76b795af4ec0902268406b7536ea,2869,pdf_67,b66fc9f9229750b7a04c0e5c07c072d77eb0800ed604da819fb28b6c4a75a636,data/raw/pdfs/67_สุราษฎร์ธานี.pdf,5,29,25.84252,411.74256,1088.8346404878048,425.04256
pdf_04:p5:r30,rec_e818d760377e61155e162e427f32147bc973ab50cc515a8c46dc76eb3cf81469,2870,pdf_04,83861a2a02db33dda27703227bb90cd50ba1b9144123e42912f926c1d1043c39,data/raw/pdfs/04_ปทุมธานี.pdf,5,30,25.84252,425.04259999999994,1088.8346388571426,438.34259999999995
pdf_11:p1:r28,rec_5cbe8f28b98d8f9dbfa9631a52bf0e62f21a9cb383cb9dd2870adc16b301c1d6,2871,pdf_11,3638acfefe295becff8609b6ee16edeea0914e518d215754813661f1c0a3f79b,data/raw/pdfs/11_ชลบุรี.pdf,1,28,25.84252,434.94649,1088.8346429729727,448.24649
pdf_11:p2:r23,rec_4ad2e06b70198fd35be2591d45fcc398a6f8c563d82efb223e65e66340d26493,2872,pdf_11,3638acfefe295becff8609b6ee16edeea0914e518d215754813661f1c0a3f79b,data/raw/pdfs/11_ชลบุรี.pdf,2,23,25.84252,331.94255999999996,1088.8346404878048,345.24256
pdf_08:p1:r9,rec_93ce63ea5056d3fe022fa092014e55cc2ce7a7edadf5011cdcc9a06c717efb0a,2873,pdf_08,1fd4933c38e10cf826fbe5ecfe74a2eb8305671e2bb949afd059fb72b251fdad,data/raw/pdfs/08_สิงห์บุรี.pdf,1,9,25.84252,182.24649999999997,1088.8346399999998,195.54649999999998
pdf_57:p3:r21,rec_d2edc1f8e998852e941dbab6095fc28a77bfa7a4c6ef8ef069549ac5a8b6734a,2874,pdf_57,9b6f57faac860a1339f68519b1b756d3ef34cc2ccd4962f5e15b78600e7c9112,data/raw/pdfs/57_สุพรรณบุรี.pdf,3,21,25.84252,305.34256,1088.8346404878048,318.64256
pdf_20:p1:r2,rec_b3a33f0e493adb5df89ba3810859fb8fc228f69faccc2e4ce7ca42c540b842e1,2875,pdf_20,ae2a7c5842b204a3f43b72f11f0cc869b9b435d34c9fd7a66feb13673b14c006,data/raw/pdfs/20_บุรีรัมย์.pdf,1,2,25.84252,89.14649999999995,1088.8346326666665,102.44649999999997
pdf_59:p2:r11,rec_afdeb9dcc17d9cde31055e5ab93cf18f2b6f82bbbca789608eda084661459231,2876,pdf_59,0c5827ab1fffa2ec0689a95405ee8640473ea428f18b199f44d2f71d4f366ad8,data/raw/pdfs/59_สมุทรสาคร.pdf,2,11,25.84252,172.34256,1088.8346404878048,185.64255999999995
pdf_50:p1:r16,rec_3ba3955171096564a16d62e50d72dfd5028c099ad5083ea477f32567198c3bc5,2877,pdf_50,8b7fe8a59c2c1fa488d7462868687d8f934217d7df929384117ef1e19dae37ab,data/raw/pdfs/50_ตาก.pdf,1,16,25.84252,275.34649,1088.8346429729727,288.64649
pdf_21:p1:r16,rec_871c47bf8bacad005296e810d82da0b069354d979140046ad8526427c1ddacd8,2878,pdf_21,30de42d8df83af320948c083353a9109256e5f6ce057c8d941902c86bbb645dd,data/raw/pdfs/21_สุรินทร์.pdf,1,16,25.84252,275.3465,1088.8346369999997,288.64649999999995
pdf_05:p2:r36,rec_c5f86ed00c97ed5be550e5b262384e36f8114915d09e4aa3de467bd7b8e86756,2879,pdf_05,ae1ba5ac5ef768c29045f4282a9047c71474a8d654003bfa51574874b3f415fc,data/raw/pdfs/05_พระนครศรีอยุธยา.pdf,2,36,25.84252,504.84255999999993,1088.8346404878048,518.14256
pdf_53:p1:r33,rec_8b87fd1b3d17a62f004963b39e586bb32206db6481bdd216576b0a07c8558235,2880,pdf_53,41aaaf3a91961ab9b2dee694f50d9a086d1ad80beffe1b54e81370016a11cb14,data/raw/pdfs/53_พิจิตร.pdf,1,33,25.84252,509.94649,1088.8346429729727,523.24649
pdf_45:p1:r11,rec_8f28320c520891e8d213af1d59513e4224b417c0da97db37bcb98b3718afe3fc,2881,pdf_45,29b1222a0b0979d29984a9dd61c0130edaa8b2dbaf6e6c7cd7a1c4c198e06186,data/raw/pdfs/45_เชียงราย.pdf,1,11,25.84252,208.84650000000002,1088.8346314285714,222.1465
pdf_07:p1:r31,rec_72beb57ae13e7fa2bed8adfecf2ff68b8285a693a7ee2ec1a008e65cf1ea57fc,2882,pdf_07,f00681093e03a60a87dbc3834edae199fd055d6366406e456741ffd059ff3b05,data/raw/pdfs/07_ลพบุรี.pdf,1,31,25.84252,474.84649,1088.8346429729727,488.14649
pdf_10:p1:r12,rec_c95232096d6eb494881cfbd4671ca2f33dbd44ca22b56789ace4a0e917c9a48f,2883,pdf_10,5e0a433bc2cc307479a32d344bf5b0b4f006af0a3d0ccc1493fb587c885896c1,data/raw/pdfs/10_สระบุรี.pdf,1,12,25.84252,222.14649,1088.8346429729727,235.44649000000004
pdf_72:p2:r11,rec_57ee6e36f308b1692fa3d8a94cb765a7fccf0e4d158f0c8c7a4802a1c40e479f,2884,pdf_72,04f947c56ddf01a73b376cdbb3099e393f9141fff3fec2504b9e031114606073,data/raw/pdfs/72_ตรัง.pdf,2,11,25.84252,172.34256,1088.8346402499997,185.64256
pdf_19:p3:r27,rec_36d2907b4896d52b69353e7cb3a47bf47e6c2aa79e0f6d6caee177201642b8be,2885,pdf_19,2fbc685c790d957bd597a9ae4cbc69a07dacbb20cab611015cf1ce2eecd5982c,data/raw/pdfs/19_นครราชสีมา.pdf,3,27,25.84252,385.14256,1088.8346404878048,398.44255999999996
pdf_04:p1:r23,rec_d3dc1d9fd99150756025932fc44dbc0e64acc5bc8763dd926fc1c0b4e8577af7,2886,pdf_04,83861a2a02db33dda27703227bb90cd50ba1b9144123e42912f926c1d1043c39,data/raw/pdfs/04_ปทุมธานี.pdf,1,23,25.84252,368.44649,1088.8346429729727,381.74649
pdf_05:p2:r38,rec_73d2d8a2b93b9d26028dbef94667d603d2877ead3cddadc628e7c6e86086cf60,2887,pdf_05,ae1ba5ac5ef768c29045f4282a9047c71474a8d654003bfa51574874b3f415fc,data/raw/pdfs/05_พระนครศรีอยุธยา.pdf,2,38,25.84252,531.44256,1088.8346404878048,544.74256
pdf_35:p1:r22,rec_e78fd6da926463f2a7b0ee16fe085c4254f5e24a2033ec535dfd2064ec820d2f,2888,pdf_35,34e8cb69b8d0f03a2caba0ffc0eb6d4b5233159b13350c073968de56ab12b69f,data/raw/pdfs/35_สกลนคร.pdf,1,22,25.84252,355.14649,1088.8346429729727,368.44649
pdf_10:p1:r20,rec_8b0386d6adb976be773238cb11f0468aec9c02a4f21ede245b6cc92bf84c8627,2889,pdf_10,5e0a433bc2cc307479a32d344bf5b0b4f006af0a3d0ccc1493fb587c885896c1,data/raw/pdfs/10_สระบุรี.pdf,1,20,25.84252,328.54649,1088.8346429729727,341.84649
pdf_11:p2:r17,rec_769a47e42b7cc2315c11e8a56e21baba1428043cec056749c0f99dab82601f4b,2890,pdf_11,3638acfefe295becff8609b6ee16edeea0914e518d215754813661f1c0a3f79b,data/raw/pdfs/11_ชลบุรี.pdf,2,17,25.84252,252.14255999999995,1088.8346404878048,265.44255999999996
pdf_02:p3:r14,rec_a658fb1e310e80824e3508de9c0f3e35e5748f8144c673d2d97b9b4261ae754c,2891,pdf_02,368a15805d33fb210ed50297795f7f50bf822054e05b59bf71bfa25bee0f3a3c,data/raw/pdfs/02_สมุทรปราการ.pdf,3,14,25.84252,212.24259999999998,1088.8346343999997,225.5426
pdf_07:p1:r26,rec_45ef2e444b122fe59458f076c7c49adbc807be4b079112c5bb9dff0b796a9d61,2892,pdf_07,f00681093e03a60a87dbc3834edae199fd055d6366406e456741ffd059ff3b05,data/raw/pdfs/07_ลพบุรี.pdf,1,26,25.84252,408.34649,1088.8346429729727,421.64649
pdf_04:p2:r36,rec_2950bea55c9618624cbb309f6dadc18d0dbe6094c690030f1b6be8f447b84b83,2893,pdf_04,83861a2a02db33dda27703227bb90cd50ba1b9144123e42912f926c1d1043c39,data/raw/pdfs/04_ปทุมธานี.pdf,2,36,25.84252,504.84255999999993,1088.8346404878048,518.14256
pdf_16:p2:r23,rec_7ea64cde413956428093ab5976c80b1a2ebefe2ad97eaad283be06ce497e0f9f,2894,pdf_16,7b893a3f02630b40240d0242410f662e3fe91d8d5ea2449991bba89e89a89ea4,data/raw/pdfs/16_ปราจีนบุรี.pdf,2,23,25.84252,331.94259999999997,1088.8346365517239,345.2426
pdf_69:p1:r21,rec_e6106c207665341fc9dfcbf01e9b176277f8d1b2a855814f47b2b112a25a54f4,2895,pdf_69,769b283c00d83344280df884874571c2a99d89f78de64644b43bf9c6a108efa4,data/raw/pdfs/69_ชุมพร.pdf,1,21,25.84252,341.84649,1088.8346429729727,355.14649
pdf_03:p5:r32,rec_b96de1a9b9095d002c677836bb7faa987f067f04b67c19d7c9f3a9a1bd5e1b92,2896,pdf_03,7dd9e7f51732791c63183067d85d18d20f856edf0c2dff89dbda84d866df2d62,data/raw/pdfs/03_นนทบุรี.pdf,5,32,25.84252,451.64259999999996,1088.8346391666664,464.94259999999997
pdf_76:p2:r4,rec_fa8e4dd64fe1781124f1edbef9d21315320f52444b2aa2fcfdf66fb455eba22f,2897,pdf_76,474bb90a38c020bbc86d90180af2b062867ed6a1db6999d709acff810fd5d84d,data/raw/pdfs/76_นราธิวาส.pdf,2,4,25.84252,79.24260000000004,1088.8346369999997,92.5426
pdf_50:p1:r32,rec_51facb994d9c4eb4f3f4245db0d91bc09b7967dbe18099de992d0fc08428a11e,2898,pdf_50,8b7fe8a59c2c1fa488d7462868687d8f934217d7df929384117ef1e19dae37ab,data/raw/pdfs/50_ตาก.pdf,1,32,25.84252,488.14649,1088.8346429729727,501.44649
pdf_09:p1:r17,rec_14ed65a176eaaefcb62d7ae237639838d08eb812b190fba5f91ffc512f8339ed,2899,pdf_09,1912b318a38a3716d462ae8461062b50db721b56bb5dcac725c184bafd97be54,data/raw/pdfs/09_ชัยนาท.pdf,1,17,25.84252,288.6465,1088.8346395999997,301.9465
pdf_02:p2:r24,rec_125f5f0f4bb9c94f0c13d60c65f7a7b0611d27e088695fe31aaa836f3a6503ca,2900,pdf_02,368a15805d33fb210ed50297795f7f50bf822054e05b59bf71bfa25bee0f3a3c,data/raw/pdfs/02_สมุทรปราการ.pdf,2,24,25.84252,345.24256,1088.8346404878048,358.54256
pdf_03:p4:r18,rec_68cdc899cb1ad372f209459d369c8855317716e5ad5c2ae6567389ca0f7b14f5,2901,pdf_03,7dd9e7f51732791c63183067d85d18d20f856edf0c2dff89dbda84d866df2d62,data/raw/pdfs/03_นนทบุรี.pdf,4,18,25.84252,265.44255999999996,1088.8346404878048,278.74255999999997
pdf_19:p2:r4,rec_05a203da35a24f97cc439bd3cc59760d510cc0a009a9f139fa166bc77ef1a838,2902,pdf_19,2fbc685c790d957bd597a9ae4cbc69a07dacbb20cab611015cf1ce2eecd5982c,data/raw/pdfs/19_นครราชสีมา.pdf,2,4,25.84252,79.24255999999997,1088.8346404878048,92.54255999999998
pdf_67:p1:r31,rec_52b2e6514b3f3a226baaf03fc05278ffdbf2e9eaf1aafb6d1d565be091545a4e,2903,pdf_67,b66fc9f9229750b7a04c0e5c07c072d77eb0800ed604da819fb28b6c4a75a636,data/raw/pdfs/67_สุราษฎร์ธานี.pdf,1,31,25.84252,474.84649,1088.8346429729727,488.14649
pdf_50:p1:r23,rec_4cf9292c97750a734fa6cbbcdb64333bc3f0ce1bcd66b07d1dd8c01d1e0b07cf,2904,pdf_50,8b7fe8a59c2c1fa488d7462868687d8f934217d7df929384117ef1e19dae37ab,data/raw/pdfs/50_ตาก.pdf,1,23,25.84252,368.44649,1088.8346429729727,381.74649
pdf_66:p3:r24,rec_58753ef124a6802cbd4c55e4e25bc8389522a996f3c595d6b837f370ff9e94f9,2905,pdf_66,012255400d37e8c732ded7ebc3c018108c8f4aa391112b3f6d6515d21e797ab6,data/raw/pdfs/66_ภูเก็ต.pdf,3,24,25.84252,345.24256,1088.8346397368418,358.54256
pdf_57:p1:r11,rec_aff398b7580229fea8e387c83af67239ce3292665caf1e94d57277c8e7103ec9,2906,pdf_57,9b6f57faac860a1339f68519b1b756d3ef34cc2ccd4962f5e15b78600e7c9112,data/raw/pdfs/57_สุพรรณบุรี.pdf,1,11,25.84252,208.84649,1088.8346429729727,222.14649
pdf_64:p1:r35,rec_af993ecdf98f85a66a164f450efda5dd500daebaf12bfd8a83d0da6f8e3bda39,2907,pdf_64,a4e4abc03757d1e14ce1bfb2e426567faeea8fce3152123821e712496872240e,data/raw/pdfs/64_กระบี่.pdf,1,35,25.84252,528.04649,1088.8346429729727,541.3464899999999
pdf_60:p1:r24,rec_a441a82ad893d294f67868b4b5440f9e25c7481cbfea64f68029cfe342869c40,2908,pdf_60,83005eabe1d9070b5592477278ea610755bdcb54fea6e719fee81b3b098eaa28,data/raw/pdfs/60_สมุทรสงคราม.pdf,1,24,25.842520000000004,381.7465,1088.8346403703702,395.0465
pdf_07:p1:r32,rec_ebc3eb60c395e734622469c443e588806479502677c4759b472ee2f12484e043,2909,pdf_07,f00681093e03a60a87dbc3834edae199fd055d6366406e456741ffd059ff3b05,data/raw/pdfs/07_ลพบุรี.pdf,1,32,25.84252,488.14649,1088.8346429729727,501.44649
pdf_69:p1:r34,rec_a1175ea954a6c5f8429df6196f907c3463152b6ffbaa4b272592bf8f0d7b9381,2910,pdf_69,769b283c00d83344280df884874571c2a99d89f78de64644b43bf9c6a108efa4,data/raw/pdfs/69_ชุมพร.pdf,1,34,25.84252,514.74649,1088.8346429729727,528.04649
pdf_69:p2:r5,rec_acc1b2b07470029959b71bd6755f9873489babda25fd2d54c03aad3bc126c9bc,2911,pdf_69,769b283c00d83344280df884874571c2a99d89f78de64644b43bf9c6a108efa4,data/raw/pdfs/69_ชุมพร.pdf,2,5,25.84252,92.54255999999998,1088.8346404878048,105.84256
pdf_66:p1:r5,rec_4aae7228aeb89668083cd3d7cbb9c14eef901374bbea8002e44323cd4ce94f33,2912,pdf_66,012255400d37e8c732ded7ebc3c018108c8f4aa391112b3f6d6515d21e797ab6,data/raw/pdfs/66_ภูเก็ต.pdf,1,5,25.84252,129.04648999999995,1088.8346429729727,142.34649000000002
pdf_06:p1:r31,rec_0d3bb6f9923376ae490c8548f318712416ca56f8fab9db407f3e7b04c401b67a,2913,pdf_06,03acf167c8c7dcc3b7e6ccbd9afcaa05e3b5157df416e00c1b7e146d91880d3c,data/raw/pdfs/06_อ่างทอง.pdf,1,31,25.84252,474.84649,1088.8346429729727,488.14649
pdf_54:p1:r6,rec_43ef6d9f6e28bbf13f7ef2e383dd3ad57e2514905cf53f631bc95c76959f9b80,2914,pdf_54,884b1d2d94fff12fa64928c8a22df877265f50fbc00dfcb61f5a4636dd1c14c8,data/raw/pdfs/54_เพชรบูรณ์.pdf,1,6,25.84252,150.84649000000002,1088.8346429729727,164.14648999999997
pdf_05:p3:r22,rec_b2ffcc89e329c5f2ee4f6fd73f9e40640993ba96050a7dc2d25de7f2f4b59d20,2915,pdf_05,ae1ba5ac5ef768c29045f4282a9047c71474a8d654003bfa51574874b3f415fc,data/raw/pdfs/05_พระนครศรีอยุธยา.pdf,3,22,25.84252,318.6426,1088.8346388571426,331.94259999999997
pdf_03:p2:r20,rec_481a470330066fa3dc72f09b71e090206fa5accb01c9b2593da3785959f268c0,2916,pdf_03,7dd9e7f51732791c63183067d85d18d20f856edf0c2dff89dbda84d866df2d62,data/raw/pdfs/03_นนทบุรี.pdf,2,20,25.84252,292.04256,1088.8346404878048,305.34256
pdf_62:p1:r10,rec_cd51a0c37164cc1eacd3f640bf5a257a897cfeaad868d2847ed3dd97db301a48,2917,pdf_62,16170e28f4926ce3d0cb9566cb26ec752a3cb84a42d0ceb55d00107b3d3f1443,data/raw/pdfs/62_ประจวบคีรีขันธ์.pdf,1,10,25.84252,195.5465,1088.834638181818,208.84650000000002
pdf_36:p1:r28,rec_c4b072bc2e0c4886c4e56db3146ec07ed7750450e1e52542f4a6a1d5c5653339,2918,pdf_36,e5624d419ac85611ac4b3fe0a27d6bfa73a7b474d5b0ee2a6b1a7b64f4783d70,data/raw/pdfs/36_นครพนม.pdf,1,28,25.84252,434.94649,1088.8346429729727,448.24649
pdf_70:p2:r18,rec_c42384b780c78a3bf327e8319c0415e0af09362b7e68fab2706a46b0baf82a30,2919,pdf_70,dd0c8cec48b7f0994639864765a097630785c0e22135d674cb3057f22c0f80ab,data/raw/pdfs/70_สงขลา.pdf,2,18,25.84252,265.44259999999997,1088.8346391666664,278.7426
pdf_51:p1:r8,rec_2d7b4614191a9936259ef03c777506c1dc8957bbb6b07505b937407ce636217f,2920,pdf_51,380327daf06efde704e25ac9a209c4688b14087a4bcd57b35db44471d39e5199,data/raw/pdfs/51_สุโขทัย.pdf,1,8,25.84252,177.44648999999998,1088.834642352941,190.74649
pdf_03:p4:r19,rec_8b28531365d34688ec0c692690ee5acac28fa2d8114347b636c07c676098a8dd,2921,pdf_03,7dd9e7f51732791c63183067d85d18d20f856edf0c2dff89dbda84d866df2d62,data/raw/pdfs/03_นนทบุรี.pdf,4,19,25.84252,278.74255999999997,1088.8346404878048,292.04256
pdf_48:p1:r19,rec_249e79e8cb6af2384eefe6f81245c0b42fecf1b200317cdfb836e4f5d81bd26f,2922,pdf_48,4ace8fb0ec02d2b1aa95432a9b9e883581d60aba88879e64923cce23b14c3f06,data/raw/pdfs/48_อุทัยธานี.pdf,1,19,25.842519999999997,315.24649999999997,1088.8346376190475,328.5465
pdf_55:p1:r1,rec_98b55cf13a61d51b42156aec8b0fb434f672f9e92156e22bd0a5e34d7244a20a,2923,pdf_55,fe2373eb0d81516b45b09f5bb593a35bc32f505875cafd93f214ca6bc310c4d4,data/raw/pdfs/55_ราชบุรี.pdf,1,1,25.84252,75.84649000000002,1088.8346429729727,89.14648999999997
pdf_03:p5:r33,rec_9aedf8586f7a8bc87ebc8674c315afccc5eb44a047c91306e5741c5869b6aaaf,2924,pdf_03,7dd9e7f51732791c63183067d85d18d20f856edf0c2dff89dbda84d866df2d62,data/raw/pdfs/03_นนทบุรี.pdf,5,33,25.84252,464.94259999999997,1088.8346391666664,478.2426
pdf_04:p2:r28,rec_c85534dabcbe1da24633e061d50ac72721c239ec3de99b66e06efd21c1344cd8,2925,pdf_04,83861a2a02db33dda27703227bb90cd50ba1b9144123e42912f926c1d1043c39,data/raw/pdfs/04_ปทุมธานี.pdf,2,28,25.84252,398.44255999999996,1088.8346404878048,411.74256
pdf_24:p1:r3,rec_5c396f14fe8960b5f385f652e748255a9d280a8fb96ba7be775a411d136a0c55,2926,pdf_24,11414a0eb9f2dd0d2b908d5f1a25e50bf241a96ac3fdabf71ba570e190f65dc5,data/raw/pdfs/24_ยโสธร.pdf,1,3,25.842519999999997,102.44650000000001,1088.834628333333,115.74649999999997
pdf_70:p2:r27,rec_92dc3f98a9afca867425945992d1d3557d84726828281db32e3e0c1264c5c2da,2927,pdf_70,dd0c8cec48b7f0994639864765a097630785c0e22135d674cb3057f22c0f80ab,data/raw/pdfs/70_สงขลา.pdf,2,27,25.84252,385.14259999999996,1088.8346391666664,398.44259999999997
pdf_17:p1:r2,rec_e48092af033f3dd5e6ce6e85562e1d97fc6ee4e6c9495cdcac4add23f0b059b9,2928,pdf_17,69ee6e20b50a8b481e887173d13a132193b234c6f6442cad70c9aa3f04917b71,data/raw/pdfs/17_นครนายก.pdf,1,2,25.84252,89.1465,1088.8346355555555,102.44650000000001
pdf_19:p3:r12,rec_d55efd3888b47399fae55b5b67e8624cd8b337db1d78f4cb359df3ce55d7e00a,2929,pdf_19,2fbc685c790d957bd597a9ae4cbc69a07dacbb20cab611015cf1ce2eecd5982c,data/raw/pdfs/19_นครราชสีมา.pdf,3,12,25.84252,185.64255999999995,1088.8346404878048,198.94255999999996
pdf_69:p2:r8,rec_c7ada9d64ebe0824f1b0705466d2d8270ca614d4b7e5e7b982ab6b2a99e35738,2930,pdf_69,769b283c00d83344280df884874571c2a99d89f78de64644b43bf9c6a108efa4,data/raw/pdfs/69_ชุมพร.pdf,2,8,25.84252,132.44255999999996,1088.8346404878048,145.74255999999997
pdf_16:p2:r5,rec_9bdf15cba1f8f040851142a14cdbb130cd3b146676ec1ec8eed0a850f5688631,2931,pdf_16,7b893a3f02630b40240d0242410f662e3fe91d8d5ea2449991bba89e89a89ea4,data/raw/pdfs/16_ปราจีนบุรี.pdf,2,5,25.84252,92.5426,1088.8346365517239,105.84259999999995
pdf_02:p1:r29,rec_718a84e9b7a999c7c67d612338e181c550e6be8f378fb70a521e47f287b7c2d4,2932,pdf_02,368a15805d33fb210ed50297795f7f50bf822054e05b59bf71bfa25bee0f3a3c,data/raw/pdfs/02_สมุทรปราการ.pdf,1,29,25.84252,448.24649,1088.8346429729727,461.54649
pdf_23:p1:r35,rec_6afced561bffb950471213b3c55fd9b5635432074ab30a6bc69f3bea1803be9d,2933,pdf_23,771338278a591f8b5dfd252a64922234ef0d7071b6e6cd32beb2341668023e47,data/raw/pdfs/23_อุบลราชธานี.pdf,1,35,25.84252,536.54649,1088.8346429729727,549.8464899999999
pdf_11:p2:r16,rec_eb1b4920d9cc4d89890cb55cf56b9c08906a8e244f1e023a25d066b28c388128,2934,pdf_11,3638acfefe295becff8609b6ee16edeea0914e518d215754813661f1c0a3f79b,data/raw/pdfs/11_ชลบุรี.pdf,2,16,25.84252,238.84256,1088.8346404878048,252.14255999999995
pdf_11:p2:r14,rec_4fef6dc867ae18c4a8b86117f9dcc639eb46ac99c33c57bdecfe848d1dfabef8,2935,pdf_11,3638acfefe295becff8609b6ee16edeea0914e518d215754813661f1c0a3f79b,data/raw/pdfs/11_ชลบุรี.pdf,2,14,25.84252,212.24255999999997,1088.8346404878048,225.54255999999995
pdf_28:p1:r3,rec_03fa964e71273eef969275bb8e572421b8d423b22e4cfab7049d76c165a43c91,2936,pdf_28,38e1a8d128ab928dd0bef117c9dbaa8191aea027adc2dae9137f68937f31d040,data/raw/pdfs/28_ขอนแก่น.pdf,1,3,25.84252,102.44649000000004,1088.8346429729727,115.74649
pdf_15:p1:r26,rec_716dc551a14e50c5a462e377d0d0e378a19f200a04453623e563077b12b151db,2937,pdf_15,bf99cdf12418fcdc90b3c1c739fd4e7e09ca40818852ca43bcd1c3284b3cf084,data/raw/pdfs/15_ฉะเชิงเทรา.pdf,1,26,25.84252,408.34649,1088.8346429729727,421.64649
pdf_23:p3:r15,rec_3acb3363eaa341b8b3ec116741a7f0647245bd07ea09e7a27ef71d1ca10d96b0,2938,pdf_23,771338278a591f8b5dfd252a64922234ef0d7071b6e6cd32beb2341668023e47,data/raw/pdfs/23_อุบลราชธานี.pdf,3,15,25.84252,225.5426,1088.8346388571426,238.8426
pdf_32:p1:r14,rec_aa5ce4568d6ed2a3df70c21bfd60ede6175b17b35b6b09758764146e699b0ccf,2939,pdf_32,b00581f42f40b25ff4c6be7ad8e530fc1306844ad3bb673079384b891a4190e5,data/raw/pdfs/32_มหาสารคาม.pdf,1,14,25.84252,248.74649999999997,1088.8346399999998,262.0465
pdf_67:p3:r2,rec_b3b22a0662a72096bc22f2058779284b7c6fc3d8decb4bb4df07990a566ff856,2940,pdf_67,b66fc9f9229750b7a04c0e5c07c072d77eb0800ed604da819fb28b6c4a75a636,data/raw/pdfs/67_สุราษฎร์ธานี.pdf,3,2,25.84252,52.64256,1088.8346404878048,65.94255999999996
pdf_73:p3:r3,rec_58e041b0b7286691e11fe1680480b41eb4136f3d067da4630ca676afb8b58d68,2941,pdf_73,8a9a8b1fb9d81eb7f2d76afa1f886621ea38587fc4c60902bc317398649ff90e,data/raw/pdfs/73_พัทลุง.pdf,3,3,25.842519999999997,65.94259999999997,1088.8346314285711,79.24259999999998
pdf_44:p1:r5,rec_88c7f66351d3d946694b2604ae683d735aa93cdcd34c4b71b8a31eee1b17f13c,2942,pdf_44,0b6a87addaacef010594603f0dfdfb6eeb947a760e12360b52409636f432ab36,data/raw/pdfs/44_พะเยา.pdf,1,5,25.84252,129.04649999999998,1088.8346369999997,142.3465
pdf_68:p2:r14,rec_70b3e5b048bc807a8c29a1f4330246707984d9203f54fe4a0165391891ad8075,2943,pdf_68,3a242476c7c0c82cd6f78455b9ca30a8d8e875f3ae38090ae0fd5fb12805c593,data/raw/pdfs/68_ระนอง.pdf,2,14,25.84252,212.24255999999997,1088.8346404878048,225.54255999999995
pdf_12:p1:r10,rec_6c6ad9b9b76d3904c3b4e790f0a9b6f5bf48484fe0a5ce978c017e674e29ac26,2944,pdf_12,a807bf56c3fc6df739b3c4e072038fd3824bd793ca3bbc711cf4169e5e81ff9c,data/raw/pdfs/12_ระยอง.pdf,1,10,25.84252,195.54648999999995,1088.8346429729727,208.84649
pdf_52:p1:r10,rec_f57059febebd41b48170d7169b29a40a1406b8bc5875a4560d03f5b4b3626471,2945,pdf_52,9cb0d6cf6dff8fc890e8435c67310ba7051a6c49c0a0cbb9b817f49c8ece0551,data/raw/pdfs/52_พิษณุโลก.pdf,1,10,25.84252,195.54648999999995,1088.8346429729727,208.84649
pdf_19:p5:r1,rec_fffa8a9af5c4a06e669629add66a2d2f7e7ee74c2e18b4e6f7e998f16ac61c49,2946,pdf_19,2fbc685c790d957bd597a9ae4cbc69a07dacbb20cab611015cf1ce2eecd5982c,data/raw/pdfs/19_นครราชสีมา.pdf,5,1,25.84252,39.34259999999995,1088.8346012499999,52.642600000000016
pdf_02:p3:r10,rec_7df64df438b962b89b0c846160cb04690d3fa1013af96f7dc1f8d3c707a2de41,2947,pdf_02,368a15805d33fb210ed50297795f7f50bf822054e05b59bf71bfa25bee0f3a3c,data/raw/pdfs/02_สมุทรปราการ.pdf,3,10,25.84252,159.0426,1088.8346343999997,172.3426
pdf_74:p2:r13,rec_1a73e7cb01dd4ad3e4ed6993be96c4fe687bb9e7e94069171fcc18fe34f0adbc,2948,pdf_74,a740362f586a24f46fcc09fc1a1bc6391556e4c9bc432141903734f7833f39db,data/raw/pdfs/74_ปัตตานี.pdf,2,13,25.84252,198.94255999999996,1088.8346404878048,212.24255999999997
pdf_74:p1:r6,rec_8d820e0bfe373bad9d33029b6675010b4d8ce99d636cd87efed3c06c09dc4449,2949,pdf_74,a740362f586a24f46fcc09fc1a1bc6391556e4c9bc432141903734f7833f39db,data/raw/pdfs/74_ปัตตานี.pdf,1,6,25.84252,142.34649000000002,1088.8346429729727,155.64648999999997
pdf_73:p2:r10,rec_ea1fcc49943653001cbcb409c5aebf18b925e1ec1fde72c45874261ebfe15759,2950,pdf_73,8a9a8b1fb9d81eb7f2d76afa1f886621ea38587fc4c60902bc317398649ff90e,data/raw/pdfs/73_พัทลุง.pdf,2,10,25.84252,159.04255999999998,1088.8346404878048,172.34256
pdf_19:p1:r25,rec_c261b2e7b1846c10a6cecb0824f8871c58a6fac26af093efeaaef3450235ce4c,2951,pdf_19,2fbc685c790d957bd597a9ae4cbc69a07dacbb20cab611015cf1ce2eecd5982c,data/raw/pdfs/19_นครราชสีมา.pdf,1,25,25.84252,403.54649,1088.8346429729727,416.84649
pdf_74:p2:r17,rec_164a6182106f1259a540dde369ad88e56958fa04d6e688cf70e60477423db4cb,2952,pdf_74,a740362f586a24f46fcc09fc1a1bc6391556e4c9bc432141903734f7833f39db,data/raw/pdfs/74_ปัตตานี.pdf,2,17,25.84252,252.14255999999995,1088.8346404878048,265.44255999999996
pdf_72:p2:r9,rec_b46f382dbae7fc65cab3e818ed58794c39f586957c6f57bda502125c133e799e,2953,pdf_72,04f947c56ddf01a73b376cdbb3099e393f9141fff3fec2504b9e031114606073,data/raw/pdfs/72_ตรัง.pdf,2,9,25.84252,145.74256000000003,1088.8346402499997,159.04255999999998
pdf_56:p2:r26,rec_7b03162ab4944174c8149a92df8af36c3e3f26914a7bfc42f6494c7485391ea0,2954,pdf_56,f0ce416ab9d3f527c2052960422068d0564c2b8833f2a75d05cab7aa8280b0d5,data/raw/pdfs/56_กาญจนบุรี.pdf,2,26,25.84252,371.84256,1088.8346394594591,385.14256
pdf_64:p1:r32,rec_d0c25e18d700c2bd4b74113029f5846349ac2bbc1b46266b827b4744f97e978d,2955,pdf_64,a4e4abc03757d1e14ce1bfb2e426567faeea8fce3152123821e712496872240e,data/raw/pdfs/64_กระบี่.pdf,1,32,25.84252,488.14649,1088.8346429729727,501.44649
pdf_70:p1:r14,rec_d4e6cb754c1b8107625fed85eab21bd7175726f1fff2461339700ba970df67c3,2956,pdf_70,dd0c8cec48b7f0994639864765a097630785c0e22135d674cb3057f22c0f80ab,data/raw/pdfs/70_สงขลา.pdf,1,14,25.84252,248.74649,1088.8346429729727,262.04648999999995
pdf_29:p2:r17,rec_996d616eedf845ba69bcf49d6c48a626a24c1074b723834eac70e4a28769ae52,2957,pdf_29,a1a30635ac132e2e87cc5b8c3c2c6e737453ecabe176861ce1a21609a26f3a1a,data/raw/pdfs/29_อุดรธานี.pdf,2,17,25.84252,252.14260000000004,1088.8346365517239,265.44259999999997
pdf_56:p1:r2,rec_058c764247f76a8c1acc78d6197047f84c707509a6985d7fc69f51de0b273d17,2958,pdf_56,f0ce416ab9d3f527c2052960422068d0564c2b8833f2a75d05cab7aa8280b0d5,data/raw/pdfs/56_กาญจนบุรี.pdf,1,2,25.84252,89.14648999999997,1088.8346429729727,102.44649000000004
pdf_59:p3:r5,rec_330a966e356b9b7f51279ab051f0d0553fb439ccbf4d66a5f37f12e7f96f061d,2959,pdf_59,0c5827ab1fffa2ec0689a95405ee8640473ea428f18b199f44d2f71d4f366ad8,data/raw/pdfs/59_สมุทรสาคร.pdf,3,5,25.84252,92.5426,1088.8346109999998,105.84259999999995
pdf_25:p1:r21,rec_8f64f4f171a855bb63e5a5be7f1e9f3a68708c475b705c500ee3ed136e18451d,2960,pdf_25,0155bd151db06d789a16df2bc6422d9237698f7f38d57991cc1ab60bcb86601c,data/raw/pdfs/25_ชัยภูมิ.pdf,1,21,25.84252,341.84649,1088.8346429729727,355.14649
pdf_44:p1:r11,rec_3edb27468282b1fa30a70c5bd20656e284333866e2f79e0ab09991457917d90d,2961,pdf_44,0b6a87addaacef010594603f0dfdfb6eeb947a760e12360b52409636f432ab36,data/raw/pdfs/44_พะเยา.pdf,1,11,25.84252,208.84650000000002,1088.8346369999997,222.14649999999992
pdf_38:p1:r6,rec_789fd5265eadfcc270e62aba0d0e28a74deb82d15fb232d2b3bdb65554a9f8da,2962,pdf_38,462a1c486a501887e4446ef7e812041c7d158ab4442235b85572d4a89fd7f492,data/raw/pdfs/38_เชียงใหม่.pdf,1,6,25.84252,142.34649000000002,1088.8346429729727,155.64648999999997
pdf_28:p1:r25,rec_7eb0e127f8ca6695007fc79de252205e4fd2c34d3dec9794078ed10cecddfab3,2963,pdf_28,38e1a8d128ab928dd0bef117c9dbaa8191aea027adc2dae9137f68937f31d040,data/raw/pdfs/28_ขอนแก่น.pdf,1,25,25.84252,395.04649,1088.8346429729727,408.34649
pdf_05:p1:r34,rec_8a1b17023c6d5b8fc2ce4cf8f30fb3bf4cec5f1c8a16bed4345785eea84ca965,2964,pdf_05,ae1ba5ac5ef768c29045f4282a9047c71474a8d654003bfa51574874b3f415fc,data/raw/pdfs/05_พระนครศรีอยุธยา.pdf,1,34,25.84252,514.74649,1088.8346429729727,528.04649
pdf_05:p3:r25,rec_068d625ea652d5fe495f6dafc68c044220d868b00eb3b03bd671d25a36e9281b,2965,pdf_05,ae1ba5ac5ef768c29045f4282a9047c71474a8d654003bfa51574874b3f415fc,data/raw/pdfs/05_พระนครศรีอยุธยา.pdf,3,25,25.84252,358.5426,1088.8346388571426,371.8426
pdf_02:p2:r10,rec_afd3db2920ebe9e16beb820977b22f66523d4d3ec7448f82c837f1b158d3a8dd,2966,pdf_02,368a15805d33fb210ed50297795f7f50bf822054e05b59bf71bfa25bee0f3a3c,data/raw/pdfs/02_สมุทรปราการ.pdf,2,10,25.84252,159.04255999999998,1088.8346404878048,172.34256
pdf_68:p3:r6,rec_c3a69f86828da38b07829329e0abf6446eb0b777fc4ad772376cd12b6e1f6190,2967,pdf_68,3a242476c7c0c82cd6f78455b9ca30a8d8e875f3ae38090ae0fd5fb12805c593,data/raw/pdfs/68_ระนอง.pdf,3,6,25.842519999999997,105.84260000000003,1088.8346337499997,119.14260000000002
pdf_63:p1:r28,rec_c3f649f056c22a031e0599a055ade3eb6e8e531dc69142bcb8054665d5d451ce,2968,pdf_63,b04433cfbe561d1199180db3f5210359427f668e1f7b072f31972e2749ce63ae,data/raw/pdfs/63_นครศรีธรรมราช.pdf,1,28,25.84252,434.94649,1088.8346429729727,448.24649
pdf_66:p2:r22,rec_01b6836d646ac1adcc5353942f3d768946bfd8b1d94e581de575b1e6cbff8ca9,2969,pdf_66,012255400d37e8c732ded7ebc3c018108c8f4aa391112b3f6d6515d21e797ab6,data/raw/pdfs/66_ภูเก็ต.pdf,2,22,25.84252,318.64256,1088.8346404878048,331.94255999999996
pdf_57:p2:r28,rec_7ee1161e43c77fe1bbf6c09ea756ba42eb12cbed1a77c226986791880bda9479,2970,pdf_57,9b6f57faac860a1339f68519b1b756d3ef34cc2ccd4962f5e15b78600e7c9112,data/raw/pdfs/57_สุพรรณบุรี.pdf,2,28,25.84252,398.44255999999996,1088.8346404878048,411.74256
pdf_15:p1:r11,rec_a7c05a561ec9b30af0153dedec3fcf1c9a1d18f92ec3a80b4101057b0dc9b78f,2971,pdf_15,bf99cdf12418fcdc90b3c1c739fd4e7e09ca40818852ca43bcd1c3284b3cf084,data/raw/pdfs/15_ฉะเชิงเทรา.pdf,1,11,25.84252,208.84649,1088.8346429729727,222.14649
pdf_67:p6:r18,rec_cf65441296469d0050c0329b2938629ce2e3c1924953ff05c227d02c22ff7ef0,2972,pdf_67,b66fc9f9229750b7a04c0e5c07c072d77eb0800ed604da819fb28b6c4a75a636,data/raw/pdfs/67_สุราษฎร์ธานี.pdf,6,18,25.84252,265.44255999999996,1088.8346404878048,278.74255999999997
pdf_55:p1:r3,rec_b4096e4dfc2ea5e59b2d639efde61faee8430dcc472bdf5bc04244ad4500f98a,2973,pdf_55,fe2373eb0d81516b45b09f5bb593a35bc32f505875cafd93f214ca6bc310c4d4,data/raw/pdfs/55_ราชบุรี.pdf,1,3,25.84252,102.44649000000004,1088.8346429729727,115.74649
pdf_68:p2:r20,rec_b149c7d27aa0c1dc43f414f72afc68ff8d3df1021e26be2684d36c81e9997f0c,2974,pdf_68,3a242476c7c0c82cd6f78455b9ca30a8d8e875f3ae38090ae0fd5fb12805c593,data/raw/pdfs/68_ระนอง.pdf,2,20,25.84252,292.04256,1088.8346404878048,305.34256
pdf_04:p5:r15,rec_2d7c88da61afb23a92678bdcc66aa593789db8768eac197fda4aba08d3ebd347,2975,pdf_04,83861a2a02db33dda27703227bb90cd50ba1b9144123e42912f926c1d1043c39,data/raw/pdfs/04_ปทุมธานี.pdf,5,15,25.84252,225.5426,1088.8346388571426,238.8426
pdf_57:p3:r2,rec_8418387c0af5265d76342aa55f0221e48e9ca2ae7b4504f0091e394086c0f11b,2976,pdf_57,9b6f57faac860a1339f68519b1b756d3ef34cc2ccd4962f5e15b78600e7c9112,data/raw/pdfs/57_สุพรรณบุรี.pdf,3,2,25.84252,52.64256,1088.8346404878048,65.94255999999996
pdf_29:p1:r31,rec_20617c792c62634c064377f25b8e6837a7a0ec61e472e5315f4472d4279ae321,2977,pdf_29,a1a30635ac132e2e87cc5b8c3c2c6e737453ecabe176861ce1a21609a26f3a1a,data/raw/pdfs/29_อุดรธานี.pdf,1,31,25.84252,474.84649,1088.8346429729727,488.14649
pdf_07:p2:r7,rec_d395868b000d56bcbe6430c7463cd06651489e90aedd15ffbc53d9aa9e669c17,2978,pdf_07,f00681093e03a60a87dbc3834edae199fd055d6366406e456741ffd059ff3b05,data/raw/pdfs/07_ลพบุรี.pdf,2,7,25.84252,119.14255999999996,1088.8346404878048,132.44255999999996
pdf_68:p1:r29,rec_19997026f4375cbaa3997a1e9d703add3af25c81ccca289d6d53f0614ad47afa,2979,pdf_68,3a242476c7c0c82cd6f78455b9ca30a8d8e875f3ae38090ae0fd5fb12805c593,data/raw/pdfs/68_ระนอง.pdf,1,29,25.84252,448.24649,1088.8346429729727,461.54649
pdf_07:p1:r28,rec_8024364d8a2449333ef72dcf32a82faffba1b3e9132f5752ce994bde05d802aa,2980,pdf_07,f00681093e03a60a87dbc3834edae199fd055d6366406e456741ffd059ff3b05,data/raw/pdfs/07_ลพบุรี.pdf,1,28,25.84252,434.94649,1088.8346429729727,448.24649
pdf_73:p2:r2,rec_c8c97378659690581971125125e416778e43232d480041b9e7e425ba20b912e3,2981,pdf_73,8a9a8b1fb9d81eb7f2d76afa1f886621ea38587fc4c60902bc317398649ff90e,data/raw/pdfs/73_พัทลุง.pdf,2,2,25.84252,52.64256,1088.8346404878048,65.94255999999996
pdf_67:p1:r16,rec_3170a6b47eeef2938d7cb56cf19bfe16ecf6e530f028297b3e320377098653c0,2982,pdf_67,b66fc9f9229750b7a04c0e5c07c072d77eb0800ed604da819fb28b6c4a75a636,data/raw/pdfs/67_สุราษฎร์ธานี.pdf,1,16,25.84252,275.34649,1088.8346429729727,288.64649
pdf_05:p3:r1,rec_41a15b5cbe316cc9d9f6783cf2ed767e744f26d471b20eace43fff3ba48b1906,2983,pdf_05,ae1ba5ac5ef768c29045f4282a9047c71474a8d654003bfa51574874b3f415fc,data/raw/pdfs/05_พระนครศรีอยุธยา.pdf,3,1,25.84252,39.34259999999995,1088.8346388571426,52.642600000000016
pdf_72:p1:r28,rec_139102c641de8d87f1574e8fa1f5754ca09bf8d5f3a60c11ef4c37bbfaf5d3f7,2984,pdf_72,04f947c56ddf01a73b376cdbb3099e393f9141fff3fec2504b9e031114606073,data/raw/pdfs/72_ตรัง.pdf,1,28,25.84252,434.94649,1088.8346429729727,448.24649
pdf_19:p1:r2,rec_ae7141da148190bcdef8092dcaf9e38c0397e5557be9c320136e4ec5ed6cf0f2,2985,pdf_19,2fbc685c790d957bd597a9ae4cbc69a07dacbb20cab611015cf1ce2eecd5982c,data/raw/pdfs/19_นครราชสีมา.pdf,1,2,25.84252,97.64648999999997,1088.8346429729727,110.94649000000004
pdf_67:p3:r12,rec_c16bb3e10ae0bc94fe366285c822c6c5a9e3e1793ec30579b6e335eec178abf0,2986,pdf_67,b66fc9f9229750b7a04c0e5c07c072d77eb0800ed604da819fb28b6c4a75a636,data/raw/pdfs/67_สุราษฎร์ธานี.pdf,3,12,25.84252,185.64255999999995,1088.8346404878048,198.94255999999996
pdf_44:p1:r18,rec_be8e597cc66c7ede3079de1a5939985bb3581eff0beaefd53b614e8fbe786546,2987,pdf_44,0b6a87addaacef010594603f0dfdfb6eeb947a760e12360b52409636f432ab36,data/raw/pdfs/44_พะเยา.pdf,1,18,25.84252,301.94649999999996,1088.8346369999997,315.24649999999997
pdf_72:p1:r15,rec_bbab454a36eed6f817ef079d24b752950737961a936d9355cb50e28fb9145b55,2988,pdf_72,04f947c56ddf01a73b376cdbb3099e393f9141fff3fec2504b9e031114606073,data/raw/pdfs/72_ตรัง.pdf,1,15,25.84252,262.04648999999995,1088.8346429729727,275.34649
pdf_22:p1:r5,rec_e9c4030a40fdb4b30b916e1302016e5ba5b69677319bbc6720f71a487f150447,2989,pdf_22,2695490faf896b9d7501aa7f09b83fc02b29dc6d768bbbf3a99d9138839b7d3e,data/raw/pdfs/22_ศรีสะเกษ.pdf,1,5,25.84252,137.54650000000004,1088.8346395999997,150.8465
pdf_58:p3:r11,rec_56d697ef827c263613a4f114e4dd1e33497fc9c2c30a48fb43f3a896976260ba,2990,pdf_58,8ff0dc3c9fe92f1cc2721c37fe35cfcc653ad17ca531672dc94686e7776d35a5,data/raw/pdfs/58_นครปฐม.pdf,3,11,25.84252,172.34259999999995,1088.8346304999998,185.64259999999996
pdf_66:p3:r25,rec_7e4d3ac26e94c29c9ca2e4c6e9fe7add6960b7bc1549ce28716c64763b03d236,2991,pdf_66,012255400d37e8c732ded7ebc3c018108c8f4aa391112b3f6d6515d21e797ab6,data/raw/pdfs/66_ภูเก็ต.pdf,3,25,25.84252,358.54256,1088.8346397368418,371.84256
pdf_03:p4:r20,rec_75465b9fb4ddbcbc934195a1fd1116d569144b6704ecc274dd77bb68095e9dd7,2992,pdf_03,7dd9e7f51732791c63183067d85d18d20f856edf0c2dff89dbda84d866df2d62,data/raw/pdfs/03_นนทบุรี.pdf,4,20,25.84252,292.04256,1088.8346404878048,305.34256
pdf_31:p1:r28,rec_ea91086cdfdb505429308454a8722d663b82f7c8cc4a63f92f123edc15cd18a8,2993,pdf_31,f1a10c3940792a9b882ab08acb2b2394c5009faa4f9334ce940cf44438cf5d54,data/raw/pdfs/31_หนองคาย.pdf,1,28,25.84252,434.94649,1088.834642352941,448.24649
pdf_71:p1:r23,rec_70de82c7c972883826c6933e96eb77e9a02462565fb49da699160015fce025e1,2994,pdf_71,639082545e4a719e41bac9fcbfd55a943a269cfdf276e85b2e44844d06d2a73a,data/raw/pdfs/71_สตูล.pdf,1,23,25.84252,368.4465,1088.8346395999997,381.7465
pdf_23:p1:r23,rec_dc7190fbaeb2de817ae9c27ad17437d6c6d752e528b34cf6cc088862a1649d21,2995,pdf_23,771338278a591f8b5dfd252a64922234ef0d7071b6e6cd32beb2341668023e47,data/raw/pdfs/23_อุบลราชธานี.pdf,1,23,25.84252,376.94649,1088.8346429729727,390.24649
pdf_20:p1:r13,rec_3fb694d75bc1ec87dfca26963e1908d81fa3cf40b2b6ab751d35e2f5ea832f48,2996,pdf_20,ae2a7c5842b204a3f43b72f11f0cc869b9b435d34c9fd7a66feb13673b14c006,data/raw/pdfs/20_บุรีรัมย์.pdf,1,13,25.84252,235.44649999999996,1088.8346326666665,248.74649999999997
pdf_66:p1:r11,rec_d901393f841026cfd31d77536fc5c9fb975b9d41473248dc9baf71957541fef1,2997,pdf_66,012255400d37e8c732ded7ebc3c018108c8f4aa391112b3f6d6515d21e797ab6,data/raw/pdfs/66_ภูเก็ต.pdf,1,11,25.84252,208.84649,1088.8346429729727,222.14649
pdf_70:p1:r23,rec_96756fef91a6829220b60693f7e42081a7f5aa51c41fd2cf145af849cc5651f7,2998,pdf_70,dd0c8cec48b7f0994639864765a097630785c0e22135d674cb3057f22c0f80ab,data/raw/pdfs/70_สงขลา.pdf,1,23,25.84252,368.44649,1088.8346429729727,381.74649
pdf_66:p1:r18,rec_a1d7eaa27c66d23d89e01b000e8ba05ac1f67db2d26c7c2611e4cbbb1c209391,2999,pdf_66,012255400d37e8c732ded7ebc3c018108c8f4aa391112b3f6d6515d21e797ab6,data/raw/pdfs/66_ภูเก็ต.pdf,1,18,25.84252,301.94649,1088.8346429729727,315.24649
pdf_67:p5:r2,rec_ef3381f3631c3f23ab66a80c47012ebfd8ebc12c5f46080042667f7c28d9721c,3000,pdf_67,b66fc9f9229750b7a04c0e5c07c072d77eb0800ed604da819fb28b6c4a75a636,data/raw/pdfs/67_สุราษฎร์ธานี.pdf,5,2,25.84252,52.64256,1088.8346404878048,65.94255999999996
pdf_54:p3:r6,rec_e8d9189240c086ed29b63dec4d22276f88df0d87b4021e0b271619d8a67590b4,3001,pdf_54,884b1d2d94fff12fa64928c8a22df877265f50fbc00dfcb61f5a4636dd1c14c8,data/raw/pdfs/54_เพชรบูรณ์.pdf,3,6,25.84252,105.84259999999999,1088.8346066666663,119.14260000000002
pdf_03:p1:r29,rec_9cde0856aeabd73b1d80d610fa754d69b2771b5a1f2829306bbe59e5c4e5502e,3002,pdf_03,7dd9e7f51732791c63183067d85d18d20f856edf0c2dff89dbda84d866df2d62,data/raw/pdfs/03_นนทบุรี.pdf,1,29,25.84252,448.24649,1088.8346429729727,461.54649
pdf_02:p2:r11,rec_62f59053e85bc30db21d6e2b707e28176bf3327bc9158a5312a7a6149c6b2ee8,3003,pdf_02,368a15805d33fb210ed50297795f7f50bf822054e05b59bf71bfa25bee0f3a3c,data/raw/pdfs/02_สมุทรปราการ.pdf,2,11,25.84252,172.34256,1088.8346404878048,185.64255999999995
pdf_31:p1:r16,rec_db1082d20b41fbae9193d452dc10eff85118e6fffec55ad27fe64e6fff02c5d4,3004,pdf_31,f1a10c3940792a9b882ab08acb2b2394c5009faa4f9334ce940cf44438cf5d54,data/raw/pdfs/31_หนองคาย.pdf,1,16,25.84252,275.34649,1088.834642352941,288.64649
pdf_15:p2:r7,rec_a36d26fd9c869733aa18d3d96770b34ff25ef5839d90a336a26c9ef7db3d82f3,3005,pdf_15,bf99cdf12418fcdc90b3c1c739fd4e7e09ca40818852ca43bcd1c3284b3cf084,data/raw/pdfs/15_ฉะเชิงเทรา.pdf,2,7,25.84252,119.14255999999996,1088.8346404878048,132.44255999999996
pdf_37:p1:r2,rec_09b0746e3b8240ec866a2f62c3b57fe879dec9e897159073c0e49af616925aee,3006,pdf_37,c40302f0903fd3646974bbdc8cfbc62616834e33f18899046ff82dcc373b88b1,data/raw/pdfs/37_มุกดาหาร.pdf,1,2,25.84252,89.1465,1088.8345849999998,102.44650000000001
pdf_04:p1:r5,rec_cd7928dc9f7ce0c3af5a2b8a6de672679890690c1cd33f4b75d6c3815d85ec7b,3007,pdf_04,83861a2a02db33dda27703227bb90cd50ba1b9144123e42912f926c1d1043c39,data/raw/pdfs/04_ปทุมธานี.pdf,1,5,25.84252,129.04648999999995,1088.8346429729727,142.34649000000002
pdf_69:p2:r33,rec_a2a385afc6180014447a39429292402b32d127f4ae331c258dea466b9fa3960d,3008,pdf_69,769b283c00d83344280df884874571c2a99d89f78de64644b43bf9c6a108efa4,data/raw/pdfs/69_ชุมพร.pdf,2,33,25.84252,464.94255999999996,1088.8346404878048,478.24256
pdf_67:p3:r23,rec_b7851e2b66965bd061fa0b032abad1b9662f225fdf2ffd692a6abb0b3ebb11ae,3009,pdf_67,b66fc9f9229750b7a04c0e5c07c072d77eb0800ed604da819fb28b6c4a75a636,data/raw/pdfs/67_สุราษฎร์ธานี.pdf,3,23,25.84252,331.94255999999996,1088.8346404878048,345.24256
pdf_68:p2:r21,rec_fee62f4076fc03dd6ded95217f26608abd8f9dccdf457eec054e0b34eb162345,3010,pdf_68,3a242476c7c0c82cd6f78455b9ca30a8d8e875f3ae38090ae0fd5fb12805c593,data/raw/pdfs/68_ระนอง.pdf,2,21,25.84252,305.34256,1088.8346404878048,318.64256
pdf_23:p3:r4,rec_bc8caff3076fc24b0624ba4693852a8ece0e29cddfee13bd3bfaa610cdbc3666,3011,pdf_23,771338278a591f8b5dfd252a64922234ef0d7071b6e6cd32beb2341668023e47,data/raw/pdfs/23_อุบลราชธานี.pdf,3,4,25.84252,79.24259999999998,1088.8346388571426,92.5426
pdf_02:p2:r12,rec_032cd432626644475a1e7ebebde820adc2d0ea4f8b34d0c741d00660b7a4cf01,3012,pdf_02,368a15805d33fb210ed50297795f7f50bf822054e05b59bf71bfa25bee0f3a3c,data/raw/pdfs/02_สมุทรปราการ.pdf,2,12,25.84252,185.64255999999995,1088.8346404878048,198.94255999999996
pdf_70:p1:r2,rec_ed72192bd5fc7e336960b0c9bc9d338d12ab73f070c5205efd5684c65b76249a,3013,pdf_70,dd0c8cec48b7f0994639864765a097630785c0e22135d674cb3057f22c0f80ab,data/raw/pdfs/70_สงขลา.pdf,1,2,25.84252,89.14648999999997,1088.8346429729727,102.44649000000004
pdf_03:p1:r30,rec_3a6f5213920705dc3a94d018f315fda246b521876a5e608a219ab4ae80bade55,3014,pdf_03,7dd9e7f51732791c63183067d85d18d20f856edf0c2dff89dbda84d866df2d62,data/raw/pdfs/03_นนทบุรี.pdf,1,30,25.84252,461.54649,1088.8346429729727,474.84649
pdf_66:p3:r4,rec_9204c9c46ab98670d6f77aac7ddd1a4bf33b52b41f3094be830a4c10bf2d44e7,3015,pdf_66,012255400d37e8c732ded7ebc3c018108c8f4aa391112b3f6d6515d21e797ab6,data/raw/pdfs/66_ภูเก็ต.pdf,3,4,25.84252,79.24256,1088.8346397368418,92.54255999999998
pdf_64:p3:r19,rec_eacf993cf4a1725ab1317536c8913b43822302c22a1c8be8c636427c36374bc7,3016,pdf_64,a4e4abc03757d1e14ce1bfb2e426567faeea8fce3152123821e712496872240e,data/raw/pdfs/64_กระบี่.pdf,3,19,25.84252,278.74255999999997,1088.8346404878048,292.04256
pdf_25:p1:r33,rec_a5c1a134e4e5775ae3793b82a6301de0bdd53b66a624ed1f12676ff460a47007,3017,pdf_25,0155bd151db06d789a16df2bc6422d9237698f7f38d57991cc1ab60bcb86601c,data/raw/pdfs/25_ชัยภูมิ.pdf,1,33,25.84252,501.44649,1088.8346429729727,514.74649
pdf_19:p4:r30,rec_01565921eb3c637f3506ccc80697288d851a1f8b8d8367cc2e8538e00e768120,3018,pdf_19,2fbc685c790d957bd597a9ae4cbc69a07dacbb20cab611015cf1ce2eecd5982c,data/raw/pdfs/19_นครราชสีมา.pdf,4,30,25.84252,425.04256,1088.8346404878048,438.34255999999993
pdf_16:p2:r25,rec_676c5f9ca80df1ccbe420be292eaa62d3ae2df9d8b7ea3037bb1e4c3b4cfa74e,3019,pdf_16,7b893a3f02630b40240d0242410f662e3fe91d8d5ea2449991bba89e89a89ea4,data/raw/pdfs/16_ปราจีนบุรี.pdf,2,25,25.84252,358.5426,1088.8346365517239,371.84259999999995
pdf_68:p2:r15,rec_6708f44b7eeaedfb505335af61f765c1aefc0a0bfca67a2fe8f926377354057d,3020,pdf_68,3a242476c7c0c82cd6f78455b9ca30a8d8e875f3ae38090ae0fd5fb12805c593,data/raw/pdfs/68_ระนอง.pdf,2,15,25.84252,225.54255999999995,1088.8346404878048,238.84256
pdf_12:p1:r30,rec_8882133881559ab1a8e5917ce75e307b25749e730452df9fa3386d46a4118ccf,3021,pdf_12,a807bf56c3fc6df739b3c4e072038fd3824bd793ca3bbc711cf4169e5e81ff9c,data/raw/pdfs/12_ระยอง.pdf,1,30,25.84252,461.54649,1088.8346429729727,474.84649
pdf_64:p4:r4,rec_4911cb6cb9857b535cd1f9a682c697a7d5be49cc0221c7a1caf7f4e864e28298,3022,pdf_64,a4e4abc03757d1e14ce1bfb2e426567faeea8fce3152123821e712496872240e,data/raw/pdfs/64_กระบี่.pdf,4,4,25.84252,79.24259999999998,1088.834594285714,92.5426
pdf_04:p4:r22,rec_02606d2df482083692132d2408ea5fb18af7cd9436a88cce47a6faa785d8d84d,3023,pdf_04,83861a2a02db33dda27703227bb90cd50ba1b9144123e42912f926c1d1043c39,data/raw/pdfs/04_ปทุมธานี.pdf,4,22,25.84252,318.64256,1088.8346404878048,331.94255999999996
pdf_24:p1:r10,rec_01c0cd957e3b8ccce2a9e0c17e90c8633a8c61b2ca31458e160f79b535b0352f,3024,pdf_24,11414a0eb9f2dd0d2b908d5f1a25e50bf241a96ac3fdabf71ba570e190f65dc5,data/raw/pdfs/24_ยโสธร.pdf,1,10,25.842519999999997,195.54649999999998,1088.834628333333,208.8465
pdf_66:p1:r19,rec_bc8430bdd1b8b8694e8008a7765eb1ef52571da880f025e0ef6779832d0d869a,3025,pdf_66,012255400d37e8c732ded7ebc3c018108c8f4aa391112b3f6d6515d21e797ab6,data/raw/pdfs/66_ภูเก็ต.pdf,1,19,25.84252,315.24649,1088.8346429729727,328.54649
pdf_67:p3:r31,rec_d091e9ebe8f3816687dd75d2afe762513118befa008df538c28561f90c2583e2,3026,pdf_67,b66fc9f9229750b7a04c0e5c07c072d77eb0800ed604da819fb28b6c4a75a636,data/raw/pdfs/67_สุราษฎร์ธานี.pdf,3,31,25.84252,438.34255999999993,1088.8346404878048,451.64256000000006
pdf_71:p1:r4,rec_0ca954e53759a44c3efdb2d5a80feabda8c27c05bc33a0ea0a984bdb461bc11a,3027,pdf_71,639082545e4a719e41bac9fcbfd55a943a269cfdf276e85b2e44844d06d2a73a,data/raw/pdfs/71_สตูล.pdf,1,4,25.84252,115.74649999999997,1088.8346395999997,129.04650000000004
pdf_03:p4:r21,rec_4d6100d898ead9f0104920a62beff69018c866e46e1bd4261824fb1c9c263c24,3028,pdf_03,7dd9e7f51732791c63183067d85d18d20f856edf0c2dff89dbda84d866df2d62,data/raw/pdfs/03_นนทบุรี.pdf,4,21,25.84252,305.34256,1088.8346404878048,318.64256
pdf_46:p1:r2,rec_04494aa4b879cc07775703bd68fa664d370805b719b64c837c1168337e6a3f48,3029,pdf_46,06c4f6b2edd8aec0be7828038556b5b7aec2393f710ca692324db2369d00d382,data/raw/pdfs/46_แม่ฮ่องสอน.pdf,1,2,25.84252,89.1465,1088.834638181818,102.44650000000001
pdf_22:p1:r2,rec_414a2d67a7ecc5c098cc2d2a05ddad644a94d2dd29c78217588037908e86ee5b,3030,pdf_22,2695490faf896b9d7501aa7f09b83fc02b29dc6d768bbbf3a99d9138839b7d3e,data/raw/pdfs/22_ศรีสะเกษ.pdf,1,2,25.84252,97.64649999999999,1088.8346395999997,110.94650000000001
pdf_08:p1:r6,rec_5f1da371dd7bfa79c523769001713451ea017b2c48338e26dd1d63ca931ad463,3031,pdf_08,1fd4933c38e10cf826fbe5ecfe74a2eb8305671e2bb949afd059fb72b251fdad,data/raw/pdfs/08_สิงห์บุรี.pdf,1,6,25.84252,142.3465,1088.8346399999998,155.64649999999997
pdf_59:p1:r23,rec_532a34c885aae6c2cf0522cd1eeaa042ffe2c36e02df1e848402a094f7cb6500,3032,pdf_59,0c5827ab1fffa2ec0689a95405ee8640473ea428f18b199f44d2f71d4f366ad8,data/raw/pdfs/59_สมุทรสาคร.pdf,1,23,25.84252,368.44649,1088.8346429729727,381.74649
pdf_04:p3:r12,rec_6d492403750569635a616744634136dab38319b9ebbd26cc01849db600c56f57,3033,pdf_04,83861a2a02db33dda27703227bb90cd50ba1b9144123e42912f926c1d1043c39,data/raw/pdfs/04_ปทุมธานี.pdf,3,12,25.84252,185.64255999999995,1088.8346404878048,198.94255999999996
pdf_21:p1:r14,rec_1e65e82922840af51a474cf81987b5412b53da45babe1a322e1c36989edd7e48,3034,pdf_21,30de42d8df83af320948c083353a9109256e5f6ce057c8d941902c86bbb645dd,data/raw/pdfs/21_สุรินทร์.pdf,1,14,25.84252,248.74649999999997,1088.8346369999997,262.0465
pdf_05:p3:r15,rec_92b47cbc1a3e6633761afcb3f00489ba211fc3a1dcf2dfedb5d2b341059cce7f,3035,pdf_05,ae1ba5ac5ef768c29045f4282a9047c71474a8d654003bfa51574874b3f415fc,data/raw/pdfs/05_พระนครศรีอยุธยา.pdf,3,15,25.84252,225.5426,1088.8346388571426,238.8426
pdf_48:p1:r13,rec_2b49a5729ee2aaa81104f5bf3f5fb7aadada35393b623f1790eea78e333a3a6d,3036,pdf_48,4ace8fb0ec02d2b1aa95432a9b9e883581d60aba88879e64923cce23b14c3f06,data/raw/pdfs/48_อุทัยธานี.pdf,1,13,25.842519999999997,235.44650000000001,1088.8346376190475,248.74649999999997
pdf_67:p2:r24,rec_76f472c41c972e285d9a24afa201a09e7ed77554aa8d349ecbeb296e4c44ad14,3037,pdf_67,b66fc9f9229750b7a04c0e5c07c072d77eb0800ed604da819fb28b6c4a75a636,data/raw/pdfs/67_สุราษฎร์ธานี.pdf,2,24,25.84252,345.24256,1088.8346404878048,358.54256
pdf_12:p2:r8,rec_49c0de08a95cd303acfaaa0c77efd07aa0a1068d4705a4bc4db396413803f7fb,3038,pdf_12,a807bf56c3fc6df739b3c4e072038fd3824bd793ca3bbc711cf4169e5e81ff9c,data/raw/pdfs/12_ระยอง.pdf,2,8,25.842520000000004,132.44259999999997,1088.8346355555555,145.74259999999998
pdf_52:p1:r12,rec_f8146b13b26638a245e5875f9ebd58ffd63491aceb12ef92478e2c4c8304514a,3039,pdf_52,9cb0d6cf6dff8fc890e8435c67310ba7051a6c49c0a0cbb9b817f49c8ece0551,data/raw/pdfs/52_พิษณุโลก.pdf,1,12,25.84252,222.14649,1088.8346429729727,235.44649000000004
pdf_25:p1:r22,rec_d1519822e29497f1b580ac22714e2e82a9afb906628f47593eb3ec6a72098181,3040,pdf_25,0155bd151db06d789a16df2bc6422d9237698f7f38d57991cc1ab60bcb86601c,data/raw/pdfs/25_ชัยภูมิ.pdf,1,22,25.84252,355.14649,1088.8346429729727,368.44649
pdf_18:p1:r27,rec_c4f938f5e4a4af3a3a3d881c7f659ce47219693e86d361482861b25e5dab1811,3041,pdf_18,be2f47080dc7e95c466a639def50661998348f89a3d3495b6324e03e6ac06a59,data/raw/pdfs/18_สระแก้ว.pdf,1,27,25.84252,421.64649,1088.834642121212,434.94649
pdf_67:p6:r19,rec_9358fd000d1c346b608f24a4a386fcb077fb30e3024b410781531aa1aa44a35c,3042,pdf_67,b66fc9f9229750b7a04c0e5c07c072d77eb0800ed604da819fb28b6c4a75a636,data/raw/pdfs/67_สุราษฎร์ธานี.pdf,6,19,25.84252,278.74255999999997,1088.8346404878048,292.04256
pdf_69:p1:r30,rec_b705f56fb929da8419808bab3780a6bf331267ca0c31e84d1b4b7d74fba7ccb4,3043,pdf_69,769b283c00d83344280df884874571c2a99d89f78de64644b43bf9c6a108efa4,data/raw/pdfs/69_ชุมพร.pdf,1,30,25.84252,461.54649,1088.8346429729727,474.84649
pdf_12:p1:r31,rec_6d716277c93accc60b1d114131775d8378b4c812223025f9ce3803f8979efefd,3044,pdf_12,a807bf56c3fc6df739b3c4e072038fd3824bd793ca3bbc711cf4169e5e81ff9c,data/raw/pdfs/12_ระยอง.pdf,1,31,25.84252,474.84649,1088.8346429729727,488.14649
pdf_66:p1:r29,rec_a2667094758235357b17dc2a453f2ca9614180f62c397e75fc18b672a3b60089,3045,pdf_66,012255400d37e8c732ded7ebc3c018108c8f4aa391112b3f6d6515d21e797ab6,data/raw/pdfs/66_ภูเก็ต.pdf,1,29,25.84252,448.24649,1088.8346429729727,461.54649
pdf_51:p1:r7,rec_ad39f29b478f61cfcf4f7025932d275dbb61b38cb7ed862cfb1eee7ac427b31d,3046,pdf_51,380327daf06efde704e25ac9a209c4688b14087a4bcd57b35db44471d39e5199,data/raw/pdfs/51_สุโขทัย.pdf,1,7,25.84252,164.14648999999997,1088.834642352941,177.44648999999998
pdf_08:p1:r1,rec_366410318759f9111083157087aa7f782ea48ab9cb32d48266b11273a7372555,3047,pdf_08,1fd4933c38e10cf826fbe5ecfe74a2eb8305671e2bb949afd059fb72b251fdad,data/raw/pdfs/08_สิงห์บุรี.pdf,1,1,25.84252,75.84649999999999,1088.8346399999998,89.1465
pdf_76:p2:r5,rec_36c5b34feb9ea235f41d71f30b22b5f1bb401cdcf616b5fb28299b54f21febf2,3048,pdf_76,474bb90a38c020bbc86d90180af2b062867ed6a1db6999d709acff810fd5d84d,data/raw/pdfs/76_นราธิวาส.pdf,2,5,25.84252,92.5426,1088.8346369999997,105.84259999999999
pdf_03:p2:r21,rec_0518ed56d7ee68b314c8363363fef8370094b4e05f6c8c8d9231a0dcc8b2fb36,3049,pdf_03,7dd9e7f51732791c63183067d85d18d20f856edf0c2dff89dbda84d866df2d62,data/raw/pdfs/03_นนทบุรี.pdf,2,21,25.84252,305.34256,1088.8346404878048,318.64256
pdf_63:p1:r18,rec_90e732b30778fd9e43d2f2dee3ce094e06fd161c69ab6ab0687ebbae95b44f90,3050,pdf_63,b04433cfbe561d1199180db3f5210359427f668e1f7b072f31972e2749ce63ae,data/raw/pdfs/63_นครศรีธรรมราช.pdf,1,18,25.84252,301.94649,1088.8346429729727,315.24649
pdf_16:p2:r19,rec_b83eeb5928e3382d63f5ef5894bedaf1ae15980c9eaabe9795390733edff13c1,3051,pdf_16,7b893a3f02630b40240d0242410f662e3fe91d8d5ea2449991bba89e89a89ea4,data/raw/pdfs/16_ปราจีนบุรี.pdf,2,19,25.84252,278.7426,1088.8346365517239,292.0426
pdf_69:p2:r36,rec_9c858ba0487e5bb33666f8f1c849fa388c2bd0f5124712af6503642f41e2b5ea,3052,pdf_69,769b283c00d83344280df884874571c2a99d89f78de64644b43bf9c6a108efa4,data/raw/pdfs/69_ชุมพร.pdf,2,36,25.84252,504.84255999999993,1088.8346404878048,518.14256
pdf_07:p2:r15,rec_afb9987143049a3fc45d8cffe913d54680848fd11bd33e24477822b175f15511,3053,pdf_07,f00681093e03a60a87dbc3834edae199fd055d6366406e456741ffd059ff3b05,data/raw/pdfs/07_ลพบุรี.pdf,2,15,25.84252,225.54255999999995,1088.8346404878048,238.84256
pdf_64:p1:r30,rec_f678bf89bbb39689d7f718b443ba2d1b5663af61f7858a5d91c413a9f08d65a4,3054,pdf_64,a4e4abc03757d1e14ce1bfb2e426567faeea8fce3152123821e712496872240e,data/raw/pdfs/64_กระบี่.pdf,1,30,25.84252,461.54649,1088.8346429729727,474.84649
pdf_04:p5:r16,rec_8b164232f2739cfaf320858206e06731c1e3dbca9ee2b707517436edb5bf812e,3055,pdf_04,83861a2a02db33dda27703227bb90cd50ba1b9144123e42912f926c1d1043c39,data/raw/pdfs/04_ปทุมธานี.pdf,5,16,25.84252,238.8426,1088.8346388571426,252.1426
pdf_20:p1:r9,rec_4e385029d7e4163c9e36908141e6bb0c5b382b2336feb8b62570edf0f1f8a24c,3056,pdf_20,ae2a7c5842b204a3f43b72f11f0cc869b9b435d34c9fd7a66feb13673b14c006,data/raw/pdfs/20_บุรีรัมย์.pdf,1,9,25.84252,182.24649999999997,1088.8346326666665,195.54649999999998
pdf_27:p2:r1,rec_dfd8f052f647040322135b9618b90aa33d2c387c7551188f868ea717738b1360,3057,pdf_27,bf545cbe9d19aa5a22880cf18f4484776d7d3e1348605d1451dfe7147ed85334,data/raw/pdfs/27_หนองบัวลำภู.pdf,2,1,25.84252,39.34259999999995,1088.8346304999998,52.642599999999945
pdf_63:p2:r4,rec_a3525458250cfe233181dd0a14a6b124c8b500bfb46d856b298d4e8e34ebc2d6,3058,pdf_63,b04433cfbe561d1199180db3f5210359427f668e1f7b072f31972e2749ce63ae,data/raw/pdfs/63_นครศรีธรรมราช.pdf,2,4,25.84252,79.24259999999998,1088.834594285714,92.5426
pdf_59:p1:r5,rec_145c122e473442c31f10524b96f8913fdf14a5e49d1a2fe62f7ad461a55c1ed9,3059,pdf_59,0c5827ab1fffa2ec0689a95405ee8640473ea428f18b199f44d2f71d4f366ad8,data/raw/pdfs/59_สมุทรสาคร.pdf,1,5,25.84252,129.04648999999995,1088.8346429729727,142.34649000000002
pdf_50:p1:r24,rec_45ecd366e7550b1add162bbc02ea208820952280750390ac4c43693ea6848472,3060,pdf_50,8b7fe8a59c2c1fa488d7462868687d8f934217d7df929384117ef1e19dae37ab,data/raw/pdfs/50_ตาก.pdf,1,24,25.84252,381.74649,1088.8346429729727,395.04649
pdf_22:p1:r11,rec_f2f365c01e48f713d121782d20d2b693d612d3ccbbe2d7120e1473e70499c497,3061,pdf_22,2695490faf896b9d7501aa7f09b83fc02b29dc6d768bbbf3a99d9138839b7d3e,data/raw/pdfs/22_ศรีสะเกษ.pdf,1,11,25.84252,217.34650000000002,1088.8346395999997,230.6465
pdf_70:p2:r21,rec_c00b4440ed6956aca049b3a9e37cbcd5d937db594a313298720ce89c79712ac4,3062,pdf_70,dd0c8cec48b7f0994639864765a097630785c0e22135d674cb3057f22c0f80ab,data/raw/pdfs/70_สงขลา.pdf,2,21,25.84252,305.34259999999995,1088.8346391666664,318.6426
pdf_23:p1:r7,rec_926f1279fe776c6d5040665c36dd1bdb5d62ae46a64f88a206ebc43164627a50,3063,pdf_23,771338278a591f8b5dfd252a64922234ef0d7071b6e6cd32beb2341668023e47,data/raw/pdfs/23_อุบลราชธานี.pdf,1,7,25.84252,164.14648999999997,1088.8346429729727,177.44649000000004
pdf_48:p1:r14,rec_185522307a3fe1edf92b852211a0d51e992e9f8d6b82f00cac5f86adc98107ee,3064,pdf_48,4ace8fb0ec02d2b1aa95432a9b9e883581d60aba88879e64923cce23b14c3f06,data/raw/pdfs/48_อุทัยธานี.pdf,1,14,25.842519999999997,248.74649999999997,1088.8346376190475,262.0465
pdf_73:p1:r22,rec_6f36f2a37836339656eda51218caa7c50218ba01c56999dc8fcf40a3e70e0927,3065,pdf_73,8a9a8b1fb9d81eb7f2d76afa1f886621ea38587fc4c60902bc317398649ff90e,data/raw/pdfs/73_พัทลุง.pdf,1,22,25.84252,363.64649,1088.8346429729727,376.94649
pdf_29:p2:r21,rec_1f85e76ba9fd453638eca6b1ec50bc1c7c00bf4579b60666419808964969b1f8,3066,pdf_29,a1a30635ac132e2e87cc5b8c3c2c6e737453ecabe176861ce1a21609a26f3a1a,data/raw/pdfs/29_อุดรธานี.pdf,2,21,25.84252,305.3426,1088.8346365517239,318.6426
pdf_23:p3:r16,rec_e1e76ebc39f674a9917f756d68d6755c141f17d1c2f7b92fd3d9470b9fd49ce5,3067,pdf_23,771338278a591f8b5dfd252a64922234ef0d7071b6e6cd32beb2341668023e47,data/raw/pdfs/23_อุบลราชธานี.pdf,3,16,25.84252,238.8426,1088.8346388571426,252.1426
pdf_05:p3:r29,rec_c6635a541d17862c9569579fbefa349818e8994a4f8fbdf119b24a2cd3fa7505,3068,pdf_05,ae1ba5ac5ef768c29045f4282a9047c71474a8d654003bfa51574874b3f415fc,data/raw/pdfs/05_พระนครศรีอยุธยา.pdf,3,29,25.84252,411.7425999999999,1088.8346388571426,425.04259999999994
pdf_68:p2:r16,rec_8454a4e831edf6adbf05041bd7d015c9d85916b0c9999e4fe44428135b469b64,3069,pdf_68,3a242476c7c0c82cd6f78455b9ca30a8d8e875f3ae38090ae0fd5fb12805c593,data/raw/pdfs/68_ระนอง.pdf,2,16,25.84252,238.84256,1088.8346404878048,252.14255999999995
pdf_03:p4:r22,rec_dc938bc5d819d5600dec1ac258189926d40404498fd93309791d52f90aee18fa,3070,pdf_03,7dd9e7f51732791c63183067d85d18d20f856edf0c2dff89dbda84d866df2d62,data/raw/pdfs/03_นนทบุรี.pdf,4,22,25.84252,318.64256,1088.8346404878048,331.94255999999996
pdf_67:p5:r8,rec_4ab7480dfa14a22a5f604f21e782fc019cd4acad2d49127f5052d83ee0a57c17,3071,pdf_67,b66fc9f9229750b7a04c0e5c07c072d77eb0800ed604da819fb28b6c4a75a636,data/raw/pdfs/67_สุราษฎร์ธานี.pdf,5,8,25.84252,132.44255999999996,1088.8346404878048,145.74255999999997
pdf_31:p1:r11,rec_65209f7990891767cca69b91302464362acf3db8dcf6bed00404b7c18700276b,3072,pdf_31,f1a10c3940792a9b882ab08acb2b2394c5009faa4f9334ce940cf44438cf5d54,data/raw/pdfs/31_หนองคาย.pdf,1,11,25.84252,208.84649,1088.834642352941,222.14649
pdf_31:p1:r29,rec_21775d9ebc05be7e27d379eceb91612405f220291a765ffa5a3eb5545791f0f0,3073,pdf_31,f1a10c3940792a9b882ab08acb2b2394c5009faa4f9334ce940cf44438cf5d54,data/raw/pdfs/31_หนองคาย.pdf,1,29,25.84252,448.24649,1088.834642352941,461.5464899999999
pdf_57:p4:r1,rec_2a2aef0c3c500f7dec58d5f915d3e6f94c809ba41e11e9249a3f72aeb552f08f,3074,pdf_57,9b6f57faac860a1339f68519b1b756d3ef34cc2ccd4962f5e15b78600e7c9112,data/raw/pdfs/57_สุพรรณบุรี.pdf,4,1,25.84252,39.34259999999995,1088.8345719999998,52.642600000000016
pdf_41:p1:r11,rec_4ce6c135a77d0ad3cf4936d210067e5dfbedf8f5f24dac8d25cda2a7e7cc7798,3075,pdf_41,30547a39de949400c4d126175dcaea5210ed959ebf29c2b6135b85e45a4643e4,data/raw/pdfs/41_อุตรดิตถ์.pdf,1,11,25.84252,208.84650000000002,1088.834636315789,222.1465
pdf_23:p3:r5,rec_05b8886046c4e7515f1f34907ac9bfa36d5b4f2087cf807a8d957e0618dc75e7,3076,pdf_23,771338278a591f8b5dfd252a64922234ef0d7071b6e6cd32beb2341668023e47,data/raw/pdfs/23_อุบลราชธานี.pdf,3,5,25.84252,92.5426,1088.8346388571426,105.84259999999998
pdf_40:p1:r4,rec_ea1d8c4bd37e91dc2da7b2c923d26d719ed2e9dcc6f48adb9f79030d339ded9d,3077,pdf_40,89bea4e9a200e8f073d048a2ed2a881a1e01108b8c12f1e050317b845aac6b1d,data/raw/pdfs/40_ลำปาง.pdf,1,4,25.84252,115.74649,1088.8346429729727,129.04648999999995
pdf_68:p3:r20,rec_092223e0748d6b0ac1dd1a27d507e6c4288b385a34e4842440fbc3179ee823cd,3078,pdf_68,3a242476c7c0c82cd6f78455b9ca30a8d8e875f3ae38090ae0fd5fb12805c593,data/raw/pdfs/68_ระนอง.pdf,3,20,25.842519999999997,292.0426,1088.8346337499997,305.3426
pdf_20:p1:r8,rec_67c2b2371450111b6b8e5bc9a725f89393f765b5cb22d0f75aa2c58aeef32f40,3079,pdf_20,ae2a7c5842b204a3f43b72f11f0cc869b9b435d34c9fd7a66feb13673b14c006,data/raw/pdfs/20_บุรีรัมย์.pdf,1,8,25.84252,168.94649999999996,1088.8346326666665,182.24649999999997
pdf_29:p1:r30,rec_07adbc2caddad0c2e220a86b5cecf6df7f247326c16bfa2297f014526621473b,3080,pdf_29,a1a30635ac132e2e87cc5b8c3c2c6e737453ecabe176861ce1a21609a26f3a1a,data/raw/pdfs/29_อุดรธานี.pdf,1,30,25.84252,461.54649,1088.8346429729727,474.84649
pdf_28:p1:r21,rec_5fcb62e047013a042dd4d6fb6294caf0fb0bb82836767d926a250964944f835f,3081,pdf_28,38e1a8d128ab928dd0bef117c9dbaa8191aea027adc2dae9137f68937f31d040,data/raw/pdfs/28_ขอนแก่น.pdf,1,21,25.84252,341.84649,1088.8346429729727,355.14649
pdf_04:p3:r4,rec_a4a591a769c526401616cfb614740658e5e40e37982da9b35922d8a24ed25d07,3082,pdf_04,83861a2a02db33dda27703227bb90cd50ba1b9144123e42912f926c1d1043c39,data/raw/pdfs/04_ปทุมธานี.pdf,3,4,25.84252,79.24255999999997,1088.8346404878048,92.54255999999998
pdf_51:p1:r22,rec_38877cc6e20a909f98ddc41e1fec2911b2d9f1e7c5e3d5c71694e602798bfeaf,3083,pdf_51,380327daf06efde704e25ac9a209c4688b14087a4bcd57b35db44471d39e5199,data/raw/pdfs/51_สุโขทัย.pdf,1,22,25.84252,363.64649,1088.834642352941,376.94649
pdf_44:p1:r6,rec_750053c6505f8a85607a37f87d2f25fed5a898954693b42a98dae9789f3bdd4d,3084,pdf_44,0b6a87addaacef010594603f0dfdfb6eeb947a760e12360b52409636f432ab36,data/raw/pdfs/44_พะเยา.pdf,1,6,25.84252,142.3465,1088.8346369999997,155.64649999999995
pdf_27:p2:r9,rec_2e7f62f9fb1e373305fff3c5b63b6f0ce7e5971f367fb06ae00c17c3003d4f06,3085,pdf_27,bf545cbe9d19aa5a22880cf18f4484776d7d3e1348605d1451dfe7147ed85334,data/raw/pdfs/27_หนองบัวลำภู.pdf,2,9,25.84252,145.74259999999998,1088.8346304999998,159.0426
pdf_23:p2:r10,rec_8fc130d2879f8c7d976b92549be71e9f2047c810a8d8434ccb40e29ce23ff494,3086,pdf_23,771338278a591f8b5dfd252a64922234ef0d7071b6e6cd32beb2341668023e47,data/raw/pdfs/23_อุบลราชธานี.pdf,2,10,25.84252,159.04255999999998,1088.8346404878048,172.34256
pdf_67:p5:r13,rec_81c5a07fe2ef9b50faef28469334bcc9d79389150ebe80f55f30f662283aec35,3087,pdf_67,b66fc9f9229750b7a04c0e5c07c072d77eb0800ed604da819fb28b6c4a75a636,data/raw/pdfs/67_สุราษฎร์ธานี.pdf,5,13,25.84252,198.94255999999996,1088.8346404878048,212.24255999999997
pdf_57:p3:r13,rec_bde44efe1a6e1c0b8c42ee31076e6fea197cdbb4eafb490fce1df57674260201,3088,pdf_57,9b6f57faac860a1339f68519b1b756d3ef34cc2ccd4962f5e15b78600e7c9112,data/raw/pdfs/57_สุพรรณบุรี.pdf,3,13,25.84252,198.94255999999996,1088.8346404878048,212.24255999999997
pdf_67:p4:r28,rec_0f042f6d383cf50bf7a47c92530f3db6c2d9a8f9214032e28cc74f8356be4a39,3089,pdf_67,b66fc9f9229750b7a04c0e5c07c072d77eb0800ed604da819fb28b6c4a75a636,data/raw/pdfs/67_สุราษฎร์ธานี.pdf,4,28,25.84252,398.44255999999996,1088.8346404878048,411.74256
pdf_56:p2:r32,rec_5e15f7adde6d67d17d5026d66c3861074e2c31ac541a5dc64f79d81a656a5acb,3090,pdf_56,f0ce416ab9d3f527c2052960422068d0564c2b8833f2a75d05cab7aa8280b0d5,data/raw/pdfs/56_กาญจนบุรี.pdf,2,32,25.84252,451.64256000000006,1088.8346394594591,464.94255999999996
pdf_64:p2:r12,rec_b1bad45010e764c34a04e3e55a2b897bc6e0b9ddb668b987880997aae0131e59,3091,pdf_64,a4e4abc03757d1e14ce1bfb2e426567faeea8fce3152123821e712496872240e,data/raw/pdfs/64_กระบี่.pdf,2,12,25.84252,185.64255999999995,1088.8346404878048,198.94255999999996
pdf_05:p3:r4,rec_a131842234802666c5e07feaee69f99c37e056cf34e8e53c608d6b4e7ac1bb99,3092,pdf_05,ae1ba5ac5ef768c29045f4282a9047c71474a8d654003bfa51574874b3f415fc,data/raw/pdfs/05_พระนครศรีอยุธยา.pdf,3,4,25.84252,79.24259999999998,1088.8346388571426,92.5426
pdf_66:p2:r23,rec_9158798f3cb736efd85cdf0a66606603d1e2a776af0e189b5011c8e0cf5e8c7e,3093,pdf_66,012255400d37e8c732ded7ebc3c018108c8f4aa391112b3f6d6515d21e797ab6,data/raw/pdfs/66_ภูเก็ต.pdf,2,23,25.84252,331.94255999999996,1088.8346404878048,345.24256
pdf_19:p1:r17,rec_1f614c997b5e36b76286e0bec3e16a979b1c3edd497670e59e3a7290a55c4c9a,3094,pdf_19,2fbc685c790d957bd597a9ae4cbc69a07dacbb20cab611015cf1ce2eecd5982c,data/raw/pdfs/19_นครราชสีมา.pdf,1,17,25.84252,297.14649,1088.8346429729727,310.44649
pdf_03:p5:r24,rec_fd0e8aef20bf9607ea497792e4b901ee3544e94dd54149c135810653cd14b6a2,3095,pdf_03,7dd9e7f51732791c63183067d85d18d20f856edf0c2dff89dbda84d866df2d62,data/raw/pdfs/03_นนทบุรี.pdf,5,24,25.84252,345.2426,1088.8346391666664,358.5426
pdf_32:p1:r24,rec_03f9db83dc1bb81e2ea6ea0ecea87b9f7aa5874a19e6b6a34d4ce5dc82a4dbcb,3096,pdf_32,b00581f42f40b25ff4c6be7ad8e530fc1306844ad3bb673079384b891a4190e5,data/raw/pdfs/32_มหาสารคาม.pdf,1,24,25.84252,381.74649999999997,1088.8346399999998,395.0465
pdf_40:p1:r3,rec_66334b2d37103f2de3ea2c69505bd258f1e6e3c97b286d6de5d6ad1a7a16b4fb,3097,pdf_40,89bea4e9a200e8f073d048a2ed2a881a1e01108b8c12f1e050317b845aac6b1d,data/raw/pdfs/40_ลำปาง.pdf,1,3,25.84252,102.44649000000004,1088.8346429729727,115.74649
pdf_03:p5:r29,rec_3e9f46df5c07b6870974b670051bdbb66f236360ac4115bec825ce615117cf9a,3098,pdf_03,7dd9e7f51732791c63183067d85d18d20f856edf0c2dff89dbda84d866df2d62,data/raw/pdfs/03_นนทบุรี.pdf,5,29,25.84252,411.7425999999999,1088.8346391666664,425.04259999999994
pdf_56:p1:r19,rec_535f7c3bbfe6f300cc85729a07dd9c447a79ea7ac2195ef654c1bfe8e2cbe162,3099,pdf_56,f0ce416ab9d3f527c2052960422068d0564c2b8833f2a75d05cab7aa8280b0d5,data/raw/pdfs/56_กาญจนบุรี.pdf,1,19,25.84252,315.24649,1088.8346429729727,328.54649
pdf_23:p2:r24,rec_167af3ab2d9599008312be954a85a75ca47b20f2cf1473458254ee98cab1087a,3100,pdf_23,771338278a591f8b5dfd252a64922234ef0d7071b6e6cd32beb2341668023e47,data/raw/pdfs/23_อุบลราชธานี.pdf,2,24,25.84252,345.24256,1088.8346404878048,358.54256
pdf_11:p1:r33,rec_5b60632ca922b5574bed802c5518b820b2e33ebc977a7ca67e7e2ddc5bc86f7a,3101,pdf_11,3638acfefe295becff8609b6ee16edeea0914e518d215754813661f1c0a3f79b,data/raw/pdfs/11_ชลบุรี.pdf,1,33,25.84252,501.44649,1088.8346429729727,514.74649
pdf_53:p2:r11,rec_fccff219b9d90f3b9d2f47b5fbe75eb75da4b9c45fc99e6fd1eed4c7866015ef,3102,pdf_53,41aaaf3a91961ab9b2dee694f50d9a086d1ad80beffe1b54e81370016a11cb14,data/raw/pdfs/53_พิจิตร.pdf,2,11,25.84252,172.34259999999995,1088.834638181818,185.64260000000002
pdf_05:p3:r18,rec_83f167165b1a0bc23e5a263d4899a13b37955a4aba85e1ac585d58fe852e80d0,3103,pdf_05,ae1ba5ac5ef768c29045f4282a9047c71474a8d654003bfa51574874b3f415fc,data/raw/pdfs/05_พระนครศรีอยุธยา.pdf,3,18,25.84252,265.44259999999997,1088.8346388571426,278.7426
pdf_03:p4:r23,rec_def88746da30b99f7cca809143c6565da7d53ab3d8770749f5abbe5d8a2e7980,3104,pdf_03,7dd9e7f51732791c63183067d85d18d20f856edf0c2dff89dbda84d866df2d62,data/raw/pdfs/03_นนทบุรี.pdf,4,23,25.84252,331.94255999999996,1088.8346404878048,345.24256
pdf_19:p4:r7,rec_623d8841296a47ebcb90b9e315d59288dda468279c9bf66400a084cf2f193f2c,3105,pdf_19,2fbc685c790d957bd597a9ae4cbc69a07dacbb20cab611015cf1ce2eecd5982c,data/raw/pdfs/19_นครราชสีมา.pdf,4,7,25.84252,119.14255999999996,1088.8346404878048,132.44255999999996
pdf_53:p2:r12,rec_d8f9c9c605ae146dd364588879b65e5e05be334d4d4133c281dcba12c1bbf7cc,3106,pdf_53,41aaaf3a91961ab9b2dee694f50d9a086d1ad80beffe1b54e81370016a11cb14,data/raw/pdfs/53_พิจิตร.pdf,2,12,25.84252,185.64260000000002,1088.834638181818,198.94259999999997
pdf_04:p2:r21,rec_c3dd9ccd00ef1547e7dd29f850d9eed9e4ca073e2c551a9a571f031908c53fd7,3107,pdf_04,83861a2a02db33dda27703227bb90cd50ba1b9144123e42912f926c1d1043c39,data/raw/pdfs/04_ปทุมธานี.pdf,2,21,25.84252,305.34256,1088.8346404878048,318.64256
pdf_11:p2:r10,rec_00c0e309739dbbee6d69d647ba180d4340688196dd8623c4f4e8a8cd7921e06f,3108,pdf_11,3638acfefe295becff8609b6ee16edeea0914e518d215754813661f1c0a3f79b,data/raw/pdfs/11_ชลบุรี.pdf,2,10,25.84252,159.04255999999998,1088.8346404878048,172.34256
pdf_64:p2:r38,rec_fb5f19fec9e050c45957b602e0747c299fee3ee9528d93894be5002ce0681ba5,3109,pdf_64,a4e4abc03757d1e14ce1bfb2e426567faeea8fce3152123821e712496872240e,data/raw/pdfs/64_กระบี่.pdf,2,38,25.84252,531.44256,1088.8346404878048,544.74256
pdf_35:p1:r9,rec_56671e5267382b55bd6bbab734435d10dd747c87a978b42d1cde86242092b09d,3110,pdf_35,34e8cb69b8d0f03a2caba0ffc0eb6d4b5233159b13350c073968de56ab12b69f,data/raw/pdfs/35_สกลนคร.pdf,1,9,25.84252,182.24649,1088.8346429729727,195.54648999999995
pdf_30:p1:r3,rec_b1e5a98a7ffb54084d0f9772024801b216281a6df3276ee3fe755114308bc137,3111,pdf_30,3dbc36c6e240d0c7cc9a595bfe9743d7b0579f6761191fb00c2a69959c985598,data/raw/pdfs/30_เลย.pdf,1,3,25.84252,102.44650000000001,1088.8346355555555,115.7465
pdf_73:p2:r6,rec_d0c1e97bfaac949de906c8d6975c46c2ce8d4623634e378fd067ac45de427483,3112,pdf_73,8a9a8b1fb9d81eb7f2d76afa1f886621ea38587fc4c60902bc317398649ff90e,data/raw/pdfs/73_พัทลุง.pdf,2,6,25.84252,105.84256,1088.8346404878048,119.14255999999996
pdf_70:p1:r12,rec_d7326022916aea0ccba1dbc43b035e92c7494c1daa9dce93b29b300442c75ef8,3113,pdf_70,dd0c8cec48b7f0994639864765a097630785c0e22135d674cb3057f22c0f80ab,data/raw/pdfs/70_สงขลา.pdf,1,12,25.84252,222.14649,1088.8346429729727,235.44649000000004
pdf_11:p1:r35,rec_4b25f3ae77855209c49f574b06426f1962720fee277b82f1ff914e7b497d3928,3114,pdf_11,3638acfefe295becff8609b6ee16edeea0914e518d215754813661f1c0a3f79b,data/raw/pdfs/11_ชลบุรี.pdf,1,35,25.84252,528.04649,1088.8346429729727,541.3464899999999
pdf_58:p2:r8,rec_8f28167d4b3adb13f8145dfc0f8e71c95868327c1722132468a9c7f35819ac74,3115,pdf_58,8ff0dc3c9fe92f1cc2721c37fe35cfcc653ad17ca531672dc94686e7776d35a5,data/raw/pdfs/58_นครปฐม.pdf,2,8,25.84252,132.44255999999996,1088.8346404878048,145.74255999999997
pdf_66:p1:r30,rec_c04e0ad59be37225bbe1e8ab251f0fdd4b6a22f0d94053847ec64dfd1dc0483e,3116,pdf_66,012255400d37e8c732ded7ebc3c018108c8f4aa391112b3f6d6515d21e797ab6,data/raw/pdfs/66_ภูเก็ต.pdf,1,30,25.84252,461.54649,1088.8346429729727,474.84649
pdf_32:p1:r1,rec_34e30d2a532e0fd71807d87f31b9e4e9e193e2365ad36a311b83d39fe19327d6,3117,pdf_32,b00581f42f40b25ff4c6be7ad8e530fc1306844ad3bb673079384b891a4190e5,data/raw/pdfs/32_มหาสารคาม.pdf,1,1,25.84252,75.84649999999999,1088.8346399999998,89.1465
pdf_40:p1:r22,rec_714ac8e6d6cb7840b35cca8dc5fe90044612e110705dbaf935dd005d62922e74,3118,pdf_40,89bea4e9a200e8f073d048a2ed2a881a1e01108b8c12f1e050317b845aac6b1d,data/raw/pdfs/40_ลำปาง.pdf,1,22,25.84252,355.14649,1088.8346429729727,368.44649
pdf_36:p2:r9,rec_db561283a2ec151e64f946956964f90bb0824fdca2dd39f19beef49bbbbc6d27,3119,pdf_36,e5624d419ac85611ac4b3fe0a27d6bfa73a7b474d5b0ee2a6b1a7b64f4783d70,data/raw/pdfs/36_นครพนม.pdf,2,9,25.84252,145.74260000000004,1088.8346294736841,159.0426
pdf_19:p3:r1,rec_bef92faaa43a29c9ce90c85c42a86c1498dc6fcedfcd8a6fd4c0a3a32d5aa338,3120,pdf_19,2fbc685c790d957bd597a9ae4cbc69a07dacbb20cab611015cf1ce2eecd5982c,data/raw/pdfs/19_นครราชสีมา.pdf,3,1,25.84252,39.34256000000005,1088.8346404878048,52.64256
pdf_07:p2:r27,rec_f7ebb45e3a525a8bf7414aac2168a18b104158b37cd1b28a92fd6904c051a6b3,3121,pdf_07,f00681093e03a60a87dbc3834edae199fd055d6366406e456741ffd059ff3b05,data/raw/pdfs/07_ลพบุรี.pdf,2,27,25.84252,385.14256,1088.8346404878048,398.44255999999996
pdf_34:p1:r5,rec_791491aebabac9fd560ba9b8cfeccf3c728e083133bfd2da50abd1f54a1ef352,3122,pdf_34,30b4d774cb5320d220f159e40b6587975e86746b88d9aa4836232840654436f4,data/raw/pdfs/34_กาฬสินธุ์.pdf,1,5,25.84252,137.54649999999998,1088.834626363636,150.8465
pdf_02:p2:r13,rec_319b2691976d86bee12337e7199eda32cb390f4f52cfc7e077f09cf48133ce0a,3123,pdf_02,368a15805d33fb210ed50297795f7f50bf822054e05b59bf71bfa25bee0f3a3c,data/raw/pdfs/02_สมุทรปราการ.pdf,2,13,25.84252,198.94255999999996,1088.8346404878048,212.24255999999997
pdf_03:p5:r25,rec_eabea345ed02a9255fc945ed3a2b95b259c67ddc52839730e9ebc2d0579f15eb,3124,pdf_03,7dd9e7f51732791c63183067d85d18d20f856edf0c2dff89dbda84d866df2d62,data/raw/pdfs/03_นนทบุรี.pdf,5,25,25.84252,358.5426,1088.8346391666664,371.84259999999995
pdf_10:p2:r34,rec_6e1c13ae1aec7a754596cc7da94201739f833ae55988b2d077cff70ddba827a6,3125,pdf_10,5e0a433bc2cc307479a32d344bf5b0b4f006af0a3d0ccc1493fb587c885896c1,data/raw/pdfs/10_สระบุรี.pdf,2,34,25.84252,478.24256,1088.8346404878048,491.54256
pdf_16:p2:r9,rec_72a62729f6c76c8e02986a8e0aab6935a2f327625b68c7987003ab304eb91c96,3126,pdf_16,7b893a3f02630b40240d0242410f662e3fe91d8d5ea2449991bba89e89a89ea4,data/raw/pdfs/16_ปราจีนบุรี.pdf,2,9,25.84252,145.74259999999998,1088.8346365517239,159.0426
pdf_64:p2:r9,rec_c8f0e087109190934b9de303e0e0369d2cc8e3bdffa3a8f01c6d1c2abf84fef7,3127,pdf_64,a4e4abc03757d1e14ce1bfb2e426567faeea8fce3152123821e712496872240e,data/raw/pdfs/64_กระบี่.pdf,2,9,25.84252,145.74255999999997,1088.8346404878048,159.04255999999998
pdf_19:p3:r2,rec_9c5ede621321e6cfef761b4356ead674bff425d57dad37bb8a31c0b9acb7cfc6,3128,pdf_19,2fbc685c790d957bd597a9ae4cbc69a07dacbb20cab611015cf1ce2eecd5982c,data/raw/pdfs/19_นครราชสีมา.pdf,3,2,25.84252,52.64256,1088.8346404878048,65.94255999999996
pdf_67:p3:r14,rec_5f652fb7f4848c67c12378d67f4dcbea54abc8350688031f6e8c08c6457c520a,3129,pdf_67,b66fc9f9229750b7a04c0e5c07c072d77eb0800ed604da819fb28b6c4a75a636,data/raw/pdfs/67_สุราษฎร์ธานี.pdf,3,14,25.84252,212.24255999999997,1088.8346404878048,225.54255999999995
pdf_50:p1:r10,rec_3cb21cc9c8c4cefd9c6555bc7ba008664f1e5fb3dd87c73d12fb3c3c6a6b6cc6,3130,pdf_50,8b7fe8a59c2c1fa488d7462868687d8f934217d7df929384117ef1e19dae37ab,data/raw/pdfs/50_ตาก.pdf,1,10,25.84252,195.54648999999995,1088.8346429729727,208.84649
pdf_22:p1:r4,rec_6c1cbd74faf450a70ce2bed3793a7b57a04e44746293a0337476d0102ff437a3,3131,pdf_22,2695490faf896b9d7501aa7f09b83fc02b29dc6d768bbbf3a99d9138839b7d3e,data/raw/pdfs/22_ศรีสะเกษ.pdf,1,4,25.84252,124.24649999999997,1088.8346395999997,137.54650000000004
pdf_03:p2:r35,rec_2ee84f787db847269f79bf77945ee8b6de45840b59af2e10faa841e29d730d9a,3132,pdf_03,7dd9e7f51732791c63183067d85d18d20f856edf0c2dff89dbda84d866df2d62,data/raw/pdfs/03_นนทบุรี.pdf,2,35,25.84252,491.54256,1088.8346404878048,504.84255999999993
pdf_59:p2:r18,rec_0ba7ee801fa66f93d2d850d825314c795275124feea65ea68e01553529c82fc2,3133,pdf_59,0c5827ab1fffa2ec0689a95405ee8640473ea428f18b199f44d2f71d4f366ad8,data/raw/pdfs/59_สมุทรสาคร.pdf,2,18,25.84252,265.44255999999996,1088.8346404878048,278.74255999999997
pdf_58:p1:r25,rec_bd7c45b85c287e71dfee6762be125b2ab003ca7fcfa291552ee16067ded0b847,3134,pdf_58,8ff0dc3c9fe92f1cc2721c37fe35cfcc653ad17ca531672dc94686e7776d35a5,data/raw/pdfs/58_นครปฐม.pdf,1,25,25.84252,395.04649,1088.8346429729727,408.34649
pdf_34:p1:r7,rec_144a758c2b3bb5043b958a8399f17f34ad3d0233a6d4b86f524f14d0f81816ca,3135,pdf_34,30b4d774cb5320d220f159e40b6587975e86746b88d9aa4836232840654436f4,data/raw/pdfs/34_กาฬสินธุ์.pdf,1,7,25.84252,164.14649999999997,1088.834626363636,177.44649999999996
pdf_56:p1:r31,rec_fd6dc9b8931ce3e0599b0d1a2cb5eabe11924a33db5a45a3b1e520d13e910bba,3136,pdf_56,f0ce416ab9d3f527c2052960422068d0564c2b8833f2a75d05cab7aa8280b0d5,data/raw/pdfs/56_กาญจนบุรี.pdf,1,31,25.84252,474.84649,1088.8346429729727,488.14649
pdf_58:p1:r17,rec_6ab051f6f556dda21dde8627f6c6e4407808912b1cf1d75b5e5cfb778f515fc9,3137,pdf_58,8ff0dc3c9fe92f1cc2721c37fe35cfcc653ad17ca531672dc94686e7776d35a5,data/raw/pdfs/58_นครปฐม.pdf,1,17,25.84252,288.64649,1088.8346429729727,301.94649
pdf_69:p1:r7,rec_a13ada8d93fd53ea5ae95b2c1629baf0b1c8bcf2f7bbf993c8117e24b936541f,3138,pdf_69,769b283c00d83344280df884874571c2a99d89f78de64644b43bf9c6a108efa4,data/raw/pdfs/69_ชุมพร.pdf,1,7,25.84252,155.64648999999997,1088.8346429729727,168.94649000000004
pdf_18:p1:r2,rec_f42a98e3b6cf98d3cdf257ea7aa5d71cee4ad0d54fa7e9bd901b5c9a09137077,3139,pdf_18,be2f47080dc7e95c466a639def50661998348f89a3d3495b6324e03e6ac06a59,data/raw/pdfs/18_สระแก้ว.pdf,1,2,25.84252,89.14648999999997,1088.834642121212,102.44649
pdf_32:p1:r21,rec_c82610c40ca8b1327ad19a1af896728ee78340d4169ec130f23add57b99c25f6,3140,pdf_32,b00581f42f40b25ff4c6be7ad8e530fc1306844ad3bb673079384b891a4190e5,data/raw/pdfs/32_มหาสารคาม.pdf,1,21,25.84252,341.8465,1088.8346399999998,355.14649999999995
pdf_19:p5:r3,rec_ae95c9861f7f62a033777f88e7cd522b2b1c35a1fe51e0c7b9ce8cbf5a6d378b,3141,pdf_19,2fbc685c790d957bd597a9ae4cbc69a07dacbb20cab611015cf1ce2eecd5982c,data/raw/pdfs/19_นครราชสีมา.pdf,5,3,25.84252,65.94259999999997,1088.8346012499999,79.24259999999998
pdf_12:p2:r9,rec_06da17e9e0404fbb68fe0cba7ff97aaa11fa52f25d847dbdbd53a90d766a7893,3142,pdf_12,a807bf56c3fc6df739b3c4e072038fd3824bd793ca3bbc711cf4169e5e81ff9c,data/raw/pdfs/12_ระยอง.pdf,2,9,25.842520000000004,145.74259999999998,1088.8346355555555,159.0426
pdf_05:p3:r13,rec_5ea810176182d595230f85c99fd4acaf6a31f65d565008261821d6983882e95a,3143,pdf_05,ae1ba5ac5ef768c29045f4282a9047c71474a8d654003bfa51574874b3f415fc,data/raw/pdfs/05_พระนครศรีอยุธยา.pdf,3,13,25.84252,198.94259999999997,1088.8346388571426,212.24259999999998
pdf_70:p2:r25,rec_97007efa846774595d28be8b6b46db634ce55440d4d447eb81611d4886609230,3144,pdf_70,dd0c8cec48b7f0994639864765a097630785c0e22135d674cb3057f22c0f80ab,data/raw/pdfs/70_สงขลา.pdf,2,25,25.84252,358.5426,1088.8346391666664,371.84259999999995
pdf_05:p3:r7,rec_8164a2f3871607ea0f09dfc83f1b96a3c580951e09779e0ea65c767a5aab0432,3145,pdf_05,ae1ba5ac5ef768c29045f4282a9047c71474a8d654003bfa51574874b3f415fc,data/raw/pdfs/05_พระนครศรีอยุธยา.pdf,3,7,25.84252,119.14259999999994,1088.8346388571426,132.44259999999997
pdf_10:p1:r29,rec_d7192510578404058f1509dc5a574b812b84003ee22f4669ca9849aab394312e,3146,pdf_10,5e0a433bc2cc307479a32d344bf5b0b4f006af0a3d0ccc1493fb587c885896c1,data/raw/pdfs/10_สระบุรี.pdf,1,29,25.84252,448.24649,1088.8346429729727,461.54649
pdf_03:p4:r24,rec_f56af32386a16a73b3841f3e3ee252ade44a778a5385edb0028ca11608f3cfaf,3147,pdf_03,7dd9e7f51732791c63183067d85d18d20f856edf0c2dff89dbda84d866df2d62,data/raw/pdfs/03_นนทบุรี.pdf,4,24,25.84252,345.24256,1088.8346404878048,358.54256
pdf_57:p1:r17,rec_835b64716d9e8562f1505298263b9c7d427ddf912cefc62d9d89981d6330daf7,3148,pdf_57,9b6f57faac860a1339f68519b1b756d3ef34cc2ccd4962f5e15b78600e7c9112,data/raw/pdfs/57_สุพรรณบุรี.pdf,1,17,25.84252,288.64649,1088.8346429729727,301.94649
pdf_58:p1:r18,rec_5e41e6bbc146f7e5b98fa051b63325abc93eed42c7810e2e5c35cb60b1ba6bc3,3149,pdf_58,8ff0dc3c9fe92f1cc2721c37fe35cfcc653ad17ca531672dc94686e7776d35a5,data/raw/pdfs/58_นครปฐม.pdf,1,18,25.84252,301.94649,1088.8346429729727,315.24649
pdf_22:p1:r12,rec_03b91aaa286405e86467b127f77c6f5e8466ff71c0ed8ae5acab55d262268dd9,3150,pdf_22,2695490faf896b9d7501aa7f09b83fc02b29dc6d768bbbf3a99d9138839b7d3e,data/raw/pdfs/22_ศรีสะเกษ.pdf,1,12,25.84252,230.6465,1088.8346395999997,243.94650000000001
pdf_29:p2:r13,rec_cc7ffbbb7ae15fa1e21b5d7475f9f0f0ea5e98730656979d8ecde688157053ed,3151,pdf_29,a1a30635ac132e2e87cc5b8c3c2c6e737453ecabe176861ce1a21609a26f3a1a,data/raw/pdfs/29_อุดรธานี.pdf,2,13,25.84252,198.94259999999997,1088.8346365517239,212.24259999999998
pdf_04:p4:r30,rec_32e1e5ba9d099035ab128aea44c7caa1ca347c6b5a1a3654408de5f69a466a48,3152,pdf_04,83861a2a02db33dda27703227bb90cd50ba1b9144123e42912f926c1d1043c39,data/raw/pdfs/04_ปทุมธานี.pdf,4,30,25.84252,425.04256,1088.8346404878048,438.34255999999993
pdf_11:p2:r4,rec_f3d06a33078dbb9c57c9f95743c8f60aac2cf45cbf2ac44305b5710b9b4f53f1,3153,pdf_11,3638acfefe295becff8609b6ee16edeea0914e518d215754813661f1c0a3f79b,data/raw/pdfs/11_ชลบุรี.pdf,2,4,25.84252,79.24255999999997,1088.8346404878048,92.54255999999998
pdf_67:p2:r32,rec_94d5489ac5dc7e8fe26ec49ccd346fa89a0d1042ba689b0ca9a51e4db4e2c3f0,3154,pdf_67,b66fc9f9229750b7a04c0e5c07c072d77eb0800ed604da819fb28b6c4a75a636,data/raw/pdfs/67_สุราษฎร์ธานี.pdf,2,32,25.84252,451.64256000000006,1088.8346404878048,464.94255999999996
pdf_18:p1:r20,rec_507e5ac4f96e5fb743be01b5b578afbbb263e5b1f8e0457f2c0b79855465756c,3155,pdf_18,be2f47080dc7e95c466a639def50661998348f89a3d3495b6324e03e6ac06a59,data/raw/pdfs/18_สระแก้ว.pdf,1,20,25.84252,328.54649,1088.834642121212,341.84649
pdf_56:p1:r27,rec_ffcc114ce37d503045af0f5f8a2e3598795758e043363ae0434c962aaacb9a52,3156,pdf_56,f0ce416ab9d3f527c2052960422068d0564c2b8833f2a75d05cab7aa8280b0d5,data/raw/pdfs/56_กาญจนบุรี.pdf,1,27,25.84252,421.64649,1088.8346429729727,434.94649
pdf_70:p1:r21,rec_e765b213340bbeaee75831ddc42488bd63b90d812f01372730ec87c51f1de30c,3157,pdf_70,dd0c8cec48b7f0994639864765a097630785c0e22135d674cb3057f22c0f80ab,data/raw/pdfs/70_สงขลา.pdf,1,21,25.84252,341.84649,1088.8346429729727,355.14649
pdf_11:p1:r26,rec_78e3681b07838bd1189cc1d6f05437b703de8d9d95d5b7910e051035e17c3693,3158,pdf_11,3638acfefe295becff8609b6ee16edeea0914e518d215754813661f1c0a3f79b,data/raw/pdfs/11_ชลบุรี.pdf,1,26,25.84252,408.34649,1088.8346429729727,421.64649
pdf_32:p1:r2,rec_6cd73be325f651fa56233d74292eccb5290c865cd9fb6eabde1b776b3622008c,3159,pdf_32,b00581f42f40b25ff4c6be7ad8e530fc1306844ad3bb673079384b891a4190e5,data/raw/pdfs/32_มหาสารคาม.pdf,1,2,25.84252,89.1465,1088.8346399999998,102.44649999999997
pdf_46:p1:r3,rec_fec9c7ca470c3e67f5955e7b095a7f9cdc0f0c72d688de172cfee0373a875ef7,3160,pdf_46,06c4f6b2edd8aec0be7828038556b5b7aec2393f710ca692324db2369d00d382,data/raw/pdfs/46_แม่ฮ่องสอน.pdf,1,3,25.84252,102.44650000000001,1088.834638181818,115.74649999999997
pdf_04:p4:r38,rec_aff403c40631e09dab58c91bf66260a4f18f8ae5f79ddda945585fcc542288c0,3161,pdf_04,83861a2a02db33dda27703227bb90cd50ba1b9144123e42912f926c1d1043c39,data/raw/pdfs/04_ปทุมธานี.pdf,4,38,25.84252,531.44256,1088.8346404878048,544.74256
pdf_15:p1:r21,rec_29e990502cec7e223fc2a3df8c817776b6964f98e9616bb03a67072568cbb8d2,3162,pdf_15,bf99cdf12418fcdc90b3c1c739fd4e7e09ca40818852ca43bcd1c3284b3cf084,data/raw/pdfs/15_ฉะเชิงเทรา.pdf,1,21,25.84252,341.84649,1088.8346429729727,355.14649
pdf_55:p1:r31,rec_77f59fac2bbba70a492d28bcec58a6d65cf4d96b5714159d5ecfef8d9717ea48,3163,pdf_55,fe2373eb0d81516b45b09f5bb593a35bc32f505875cafd93f214ca6bc310c4d4,data/raw/pdfs/55_ราชบุรี.pdf,1,31,25.84252,474.84649,1088.8346429729727,488.14649
pdf_57:p1:r31,rec_52952f8259b414007840b6484cd1ecbd0d6e99f153db77eb923402784bd350cb,3164,pdf_57,9b6f57faac860a1339f68519b1b756d3ef34cc2ccd4962f5e15b78600e7c9112,data/raw/pdfs/57_สุพรรณบุรี.pdf,1,31,25.84252,474.84649,1088.8346429729727,488.14649
pdf_53:p2:r3,rec_439769c13a8919afaf3ee37a6434a0f895c3f10e54ecd8c729d50e350c56cc5f,3165,pdf_53,41aaaf3a91961ab9b2dee694f50d9a086d1ad80beffe1b54e81370016a11cb14,data/raw/pdfs/53_พิจิตร.pdf,2,3,25.84252,65.94259999999997,1088.834638181818,79.24259999999997
pdf_05:p1:r9,rec_4bcdbf8e965937cb7390dceb0597e9bcac37d078e9f208c10b0c23c1793294e8,3166,pdf_05,ae1ba5ac5ef768c29045f4282a9047c71474a8d654003bfa51574874b3f415fc,data/raw/pdfs/05_พระนครศรีอยุธยา.pdf,1,9,25.84252,182.24649,1088.8346429729727,195.54648999999995
pdf_03:p1:r17,rec_7797b2b61f1c76e12b5acef3c9aa7997386ade9b639e43df22929bb1e6de19d5,3167,pdf_03,7dd9e7f51732791c63183067d85d18d20f856edf0c2dff89dbda84d866df2d62,data/raw/pdfs/03_นนทบุรี.pdf,1,17,25.84252,288.64649,1088.8346429729727,301.94649
pdf_16:p1:r20,rec_51aca6aa28c9646ca541dac65cf3b3d8bf87457c46da0203639800b4864a6b43,3168,pdf_16,7b893a3f02630b40240d0242410f662e3fe91d8d5ea2449991bba89e89a89ea4,data/raw/pdfs/16_ปราจีนบุรี.pdf,1,20,25.84252,328.54649,1088.8346429729727,341.84649
pdf_57:p3:r7,rec_2be197ae863642bf2013a4ddd01e1e96670c7021f29642d0d2df070f3c1f0794,3169,pdf_57,9b6f57faac860a1339f68519b1b756d3ef34cc2ccd4962f5e15b78600e7c9112,data/raw/pdfs/57_สุพรรณบุรี.pdf,3,7,25.84252,119.14255999999996,1088.8346404878048,132.44255999999996
pdf_66:p3:r26,rec_784fb8fd4590c5e8af186879b8f9483aa28ecdbe5de2d2da556f08c55fddcfe8,3170,pdf_66,012255400d37e8c732ded7ebc3c018108c8f4aa391112b3f6d6515d21e797ab6,data/raw/pdfs/66_ภูเก็ต.pdf,3,26,25.84252,371.84256,1088.8346397368418,385.14256
pdf_03:p2:r36,rec_3108cc4066f77aa14c0f1cbc5d2d2d495dea9c77d5edfbb3a549ab2b1bb4497a,3171,pdf_03,7dd9e7f51732791c63183067d85d18d20f856edf0c2dff89dbda84d866df2d62,data/raw/pdfs/03_นนทบุรี.pdf,2,36,25.84252,504.84255999999993,1088.8346404878048,518.14256
pdf_68:p1:r35,rec_4ff179fafae7bf20797a35fd4d8f7dd95302ee0767edc0ed66fd4dc49b74c188,3172,pdf_68,3a242476c7c0c82cd6f78455b9ca30a8d8e875f3ae38090ae0fd5fb12805c593,data/raw/pdfs/68_ระนอง.pdf,1,35,25.84252,528.04649,1088.8346429729727,541.3464899999999
pdf_12:p1:r11,rec_597687759130e81594f88d4d067993069c1ca7e0a3a2354aeb2a93d2fbf618e1,3173,pdf_12,a807bf56c3fc6df739b3c4e072038fd3824bd793ca3bbc711cf4169e5e81ff9c,data/raw/pdfs/12_ระยอง.pdf,1,11,25.84252,208.84649,1088.8346429729727,222.14649
pdf_50:p1:r17,rec_026f8c612f6e9f9c6184e023ed883bcb28db1ee2cb760a9158e9268880a17d29,3174,pdf_50,8b7fe8a59c2c1fa488d7462868687d8f934217d7df929384117ef1e19dae37ab,data/raw/pdfs/50_ตาก.pdf,1,17,25.84252,288.64649,1088.8346429729727,301.94649
pdf_31:p1:r20,rec_9a67c60a5c131f3eed307efbdc10c687d3066017f4f21ce2cefbfe3af041fbd9,3175,pdf_31,f1a10c3940792a9b882ab08acb2b2394c5009faa4f9334ce940cf44438cf5d54,data/raw/pdfs/31_หนองคาย.pdf,1,20,25.84252,328.54649,1088.834642352941,341.84649
pdf_49:p1:r1,rec_ef6375df9fe1a381081651e35ac751e3b5cdb0f60b53f3f5e428580b47cf974b,3176,pdf_49,6ada8eb27a34993420ed8c6db69aa4ae13ff4283abdb43b9d76a05d6794f6a27,data/raw/pdfs/49_กำแพงเพชร.pdf,1,1,25.84252,75.84649000000002,1088.8346429729727,89.14648999999997
pdf_09:p1:r2,rec_0940ceeb67b0748f0f994de64a1f55429b9da09acdab759688703724693f1f31,3177,pdf_09,1912b318a38a3716d462ae8461062b50db721b56bb5dcac725c184bafd97be54,data/raw/pdfs/09_ชัยนาท.pdf,1,2,25.84252,89.14649999999999,1088.8346395999997,102.44650000000001
pdf_29:p1:r32,rec_9edb164525ac7ed2f888ed6ee4fdbff6e551bdeffa8cb4d0aaa3f6a615ee185e,3178,pdf_29,a1a30635ac132e2e87cc5b8c3c2c6e737453ecabe176861ce1a21609a26f3a1a,data/raw/pdfs/29_อุดรธานี.pdf,1,32,25.84252,488.14649,1088.8346429729727,501.44649
pdf_68:p1:r14,rec_168bb211db8ea6ed9f1f3e43217a01a7afac0ca6829deeb05b59c7744219c52b,3179,pdf_68,3a242476c7c0c82cd6f78455b9ca30a8d8e875f3ae38090ae0fd5fb12805c593,data/raw/pdfs/68_ระนอง.pdf,1,14,25.84252,248.74649,1088.8346429729727,262.04648999999995
pdf_27:p2:r2,rec_e875bcf62f91e6cfc834fd198eb5e31ccf64e07ec7f2482268313e6fc16ad1e5,3180,pdf_27,bf545cbe9d19aa5a22880cf18f4484776d7d3e1348605d1451dfe7147ed85334,data/raw/pdfs/27_หนองบัวลำภู.pdf,2,2,25.84252,52.642599999999945,1088.8346304999998,65.94259999999997
pdf_35:p1:r15,rec_0c09aecb11229fc9a0a359731fea1bcf894da011e1e13221f7fc13e6fa25d61c,3181,pdf_35,34e8cb69b8d0f03a2caba0ffc0eb6d4b5233159b13350c073968de56ab12b69f,data/raw/pdfs/35_สกลนคร.pdf,1,15,25.84252,262.04648999999995,1088.8346429729727,275.34649
pdf_61:p1:r20,rec_64a87b8ef5ddf56dae85091d2198869affd0bda8f3f19485c2a759a950d8442d,3182,pdf_61,6dda18b7ffb9a73296045d0dd81965bec27f7cbccc7ef862c8bf458d206599e2,data/raw/pdfs/61_เพชรบุรี.pdf,1,20,25.84252,328.5465,1088.834638181818,341.84649999999993
pdf_57:p4:r2,rec_1ac79a2c54f7d20db10db92b75cebe3e1130012e792c482b7f20a892fedaa81a,3183,pdf_57,9b6f57faac860a1339f68519b1b756d3ef34cc2ccd4962f5e15b78600e7c9112,data/raw/pdfs/57_สุพรรณบุรี.pdf,4,2,25.84252,52.642600000000016,1088.8345719999998,65.94259999999997
pdf_03:p2:r23,rec_18018c505cfbfb332a45d823ebf2791bfde7b50086f85655b2cce4684cee130f,3184,pdf_03,7dd9e7f51732791c63183067d85d18d20f856edf0c2dff89dbda84d866df2d62,data/raw/pdfs/03_นนทบุรี.pdf,2,23,25.84252,331.94255999999996,1088.8346404878048,345.24256
pdf_12:p2:r16,rec_f5cf7ae65d38839901021dacc2457244ca76b130ce4b7c693a3cf3e706ad92f6,3185,pdf_12,a807bf56c3fc6df739b3c4e072038fd3824bd793ca3bbc711cf4169e5e81ff9c,data/raw/pdfs/12_ระยอง.pdf,2,16,25.842520000000004,238.8426,1088.8346355555555,252.14260000000004
pdf_20:p1:r11,rec_85d0ea9361433e204c57584679a9d2cffa395feaeb7b129e0ab5d8bb727970be,3186,pdf_20,ae2a7c5842b204a3f43b72f11f0cc869b9b435d34c9fd7a66feb13673b14c006,data/raw/pdfs/20_บุรีรัมย์.pdf,1,11,25.84252,208.84650000000002,1088.8346326666665,222.14649999999992
pdf_57:p1:r28,rec_e0bb1869c44cc8bd2c668ca5bceaf32961a43806bbf6314466163270b17c0316,3187,pdf_57,9b6f57faac860a1339f68519b1b756d3ef34cc2ccd4962f5e15b78600e7c9112,data/raw/pdfs/57_สุพรรณบุรี.pdf,1,28,25.84252,434.94649,1088.8346429729727,448.24649
pdf_57:p1:r15,rec_b4ae55efebcce9266a057c0c4c5434cddf3b0403e88f2b3824aae99bd0a03b61,3188,pdf_57,9b6f57faac860a1339f68519b1b756d3ef34cc2ccd4962f5e15b78600e7c9112,data/raw/pdfs/57_สุพรรณบุรี.pdf,1,15,25.84252,262.04648999999995,1088.8346429729727,275.34649
pdf_60:p1:r8,rec_fd21c60e2143e7da0701e556754043e19b683a19e76cb83bd60fea8115be8755,3189,pdf_60,83005eabe1d9070b5592477278ea610755bdcb54fea6e719fee81b3b098eaa28,data/raw/pdfs/60_สมุทรสงคราม.pdf,1,8,25.842520000000004,168.94650000000001,1088.8346403703702,182.24649999999997
pdf_38:p1:r17,rec_ca7c9a96df253ff2cc4e584b838a7784c20102995217fdc09a3cfd24c4d4a633,3190,pdf_38,462a1c486a501887e4446ef7e812041c7d158ab4442235b85572d4a89fd7f492,data/raw/pdfs/38_เชียงใหม่.pdf,1,17,25.84252,288.64649,1088.8346429729727,301.94649
pdf_31:p1:r2,rec_a8e4016b8226c5874ec23b7a75221d64fedea51a9ac63976403f4059480936de,3191,pdf_31,f1a10c3940792a9b882ab08acb2b2394c5009faa4f9334ce940cf44438cf5d54,data/raw/pdfs/31_หนองคาย.pdf,1,2,25.84252,89.14648999999997,1088.834642352941,102.44649
pdf_57:p3:r23,rec_a9986a80f63416584887a394f3e2c3739219d1cec847256111da364f7c6377d6,3192,pdf_57,9b6f57faac860a1339f68519b1b756d3ef34cc2ccd4962f5e15b78600e7c9112,data/raw/pdfs/57_สุพรรณบุรี.pdf,3,23,25.84252,331.94255999999996,1088.8346404878048,345.24256
pdf_04:p4:r2,rec_a47e4a223e7973b8734aedd1d0b8a5690cbcdadabbd119a00a25fd49132f48f8,3193,pdf_04,83861a2a02db33dda27703227bb90cd50ba1b9144123e42912f926c1d1043c39,data/raw/pdfs/04_ปทุมธานี.pdf,4,2,25.84252,52.64256,1088.8346404878048,65.94255999999996
pdf_69:p1:r8,rec_649d18da052d2b6238bfdc36103742a7aadd573c657dd67db3bff38f06e00fc4,3194,pdf_69,769b283c00d83344280df884874571c2a99d89f78de64644b43bf9c6a108efa4,data/raw/pdfs/69_ชุมพร.pdf,1,8,25.84252,168.94649000000004,1088.8346429729727,182.24649
pdf_55:p1:r26,rec_28fc33fcb42e5a5132d737b9674569356e8159bde6033a34a48137f88d23b5a7,3195,pdf_55,fe2373eb0d81516b45b09f5bb593a35bc32f505875cafd93f214ca6bc310c4d4,data/raw/pdfs/55_ราชบุรี.pdf,1,26,25.84252,408.34649,1088.8346429729727,421.64649
pdf_10:p2:r35,rec_934b3f1861e00add4f3365b1c7684c69eeffd225160d705236d618eaf56c0486,3196,pdf_10,5e0a433bc2cc307479a32d344bf5b0b4f006af0a3d0ccc1493fb587c885896c1,data/raw/pdfs/10_สระบุรี.pdf,2,35,25.84252,491.54256,1088.8346404878048,504.84255999999993
pdf_69:p2:r27,rec_f3f03adea61559fd04a66c97c0bbacba68b0cd2dad54ab0f138b36bfe3eaf3a6,3197,pdf_69,769b283c00d83344280df884874571c2a99d89f78de64644b43bf9c6a108efa4,data/raw/pdfs/69_ชุมพร.pdf,2,27,25.84252,385.14256,1088.8346404878048,398.44255999999996
pdf_54:p2:r23,rec_55d95106e0038170396f46df2fe02447a5bef516d8c20e3c57da14a09449eab3,3198,pdf_54,884b1d2d94fff12fa64928c8a22df877265f50fbc00dfcb61f5a4636dd1c14c8,data/raw/pdfs/54_เพชรบูรณ์.pdf,2,23,25.84252,331.94255999999996,1088.8346404878048,345.24256
pdf_67:p4:r19,rec_589015b40abedd09fed8f8e14d888fd7ab1cd95f22f4a12272ddb9930a39ec3a,3199,pdf_67,b66fc9f9229750b7a04c0e5c07c072d77eb0800ed604da819fb28b6c4a75a636,data/raw/pdfs/67_สุราษฎร์ธานี.pdf,4,19,25.84252,278.74255999999997,1088.8346404878048,292.04256
pdf_49:p1:r34,rec_a7b0dfa31537ca5e7eb36affae1aaafeb3eeb2990d8d88f49033acb2bf7e5853,3200,pdf_49,6ada8eb27a34993420ed8c6db69aa4ae13ff4283abdb43b9d76a05d6794f6a27,data/raw/pdfs/49_กำแพงเพชร.pdf,1,34,25.84252,514.74649,1088.8346429729727,528.04649
pdf_56:p2:r25,rec_4cd4059e1ed7017196c6cd73c99da033bdce47485e81e3932b00ebc55ae89f7c,3201,pdf_56,f0ce416ab9d3f527c2052960422068d0564c2b8833f2a75d05cab7aa8280b0d5,data/raw/pdfs/56_กาญจนบุรี.pdf,2,25,25.84252,358.54256,1088.8346394594591,371.84256
pdf_63:p1:r13,rec_f47b89d22f9b5d614448a2db641895da01b1607355fcfa66789405550ca0eb47,3202,pdf_63,b04433cfbe561d1199180db3f5210359427f668e1f7b072f31972e2749ce63ae,data/raw/pdfs/63_นครศรีธรรมราช.pdf,1,13,25.84252,235.44649000000004,1088.8346429729727,248.74649
pdf_72:p1:r26,rec_1679b7f718489e68a88bcfd637967c4eaeba2a5d5c3f728236ffdc259775d5c9,3203,pdf_72,04f947c56ddf01a73b376cdbb3099e393f9141fff3fec2504b9e031114606073,data/raw/pdfs/72_ตรัง.pdf,1,26,25.84252,408.34649,1088.8346429729727,421.64649
pdf_05:p1:r16,rec_2b027d75c761815a1df2212425348c36339ce119bffc0ca2ea59d77e834a15d7,3204,pdf_05,ae1ba5ac5ef768c29045f4282a9047c71474a8d654003bfa51574874b3f415fc,data/raw/pdfs/05_พระนครศรีอยุธยา.pdf,1,16,25.84252,275.34649,1088.8346429729727,288.64649
pdf_12:p1:r22,rec_47da5a58220fea6771bdaeb8e9759b1e9f2c82e860650c102d07e8e3e242c6dd,3205,pdf_12,a807bf56c3fc6df739b3c4e072038fd3824bd793ca3bbc711cf4169e5e81ff9c,data/raw/pdfs/12_ระยอง.pdf,1,22,25.84252,355.14649,1088.8346429729727,368.44649
pdf_61:p1:r18,rec_1b3fa0290a89a929379a232b68869ca1f1a88081e8130f1a32173d0ade86b154,3206,pdf_61,6dda18b7ffb9a73296045d0dd81965bec27f7cbccc7ef862c8bf458d206599e2,data/raw/pdfs/61_เพชรบุรี.pdf,1,18,25.84252,301.9465,1088.834638181818,315.24649999999997
pdf_03:p4:r25,rec_4f21e033e7ed1c130fa632d5308c05b43251955cf396fe6ec4897582332b23b7,3207,pdf_03,7dd9e7f51732791c63183067d85d18d20f856edf0c2dff89dbda84d866df2d62,data/raw/pdfs/03_นนทบุรี.pdf,4,25,25.84252,358.54256,1088.8346404878048,371.84256
pdf_73:p1:r34,rec_f59ebf45af5bca09674c6f5f20de9617abf17901054486489f5d668e66748d1f,3208,pdf_73,8a9a8b1fb9d81eb7f2d76afa1f886621ea38587fc4c60902bc317398649ff90e,data/raw/pdfs/73_พัทลุง.pdf,1,34,25.84252,523.24649,1088.8346429729727,536.54649
pdf_03:p4:r26,rec_ad2265ee8c421da0332e2733f0602989b63efe227d751e0cd7a91db683a824ba,3209,pdf_03,7dd9e7f51732791c63183067d85d18d20f856edf0c2dff89dbda84d866df2d62,data/raw/pdfs/03_นนทบุรี.pdf,4,26,25.84252,371.84256,1088.8346404878048,385.14256
pdf_12:p1:r32,rec_de6e6bd2411c7a6cac60a8be076faadfc01b27dbf46af61baebacc42cb98bc88,3210,pdf_12,a807bf56c3fc6df739b3c4e072038fd3824bd793ca3bbc711cf4169e5e81ff9c,data/raw/pdfs/12_ระยอง.pdf,1,32,25.84252,488.14649,1088.8346429729727,501.44649
pdf_76:p2:r6,rec_e72b619d748be83b954e6ae13bd3c4ce67311cdba1329cae893809314dcc7528,3211,pdf_76,474bb90a38c020bbc86d90180af2b062867ed6a1db6999d709acff810fd5d84d,data/raw/pdfs/76_นราธิวาส.pdf,2,6,25.84252,105.84259999999999,1088.8346369999997,119.14260000000002
pdf_50:p1:r13,rec_7c9d135a39305c45c631c6b37879017ce2c85e1357d0213c3b9b24a9ad8c2b44,3212,pdf_50,8b7fe8a59c2c1fa488d7462868687d8f934217d7df929384117ef1e19dae37ab,data/raw/pdfs/50_ตาก.pdf,1,13,25.84252,235.44649000000004,1088.8346429729727,248.74649
pdf_18:p1:r17,rec_40e310a6a992e1de2a88f9cfefc65ddac1646dc389eda7ccaec7a0a1e94c35de,3213,pdf_18,be2f47080dc7e95c466a639def50661998348f89a3d3495b6324e03e6ac06a59,data/raw/pdfs/18_สระแก้ว.pdf,1,17,25.84252,288.64649,1088.834642121212,301.94649
pdf_28:p1:r27,rec_0ce62e5be6efaae4f0cdfb3cea21c0f701f0ce50c42ced9966f4e4234c1732d6,3214,pdf_28,38e1a8d128ab928dd0bef117c9dbaa8191aea027adc2dae9137f68937f31d040,data/raw/pdfs/28_ขอนแก่น.pdf,1,27,25.84252,421.64649,1088.8346429729727,434.94649
pdf_49:p1:r8,rec_dad9efc7497ea7f09dbe6b62d2e9fa4149ae6353d46d11181d0cf51bf42b7605,3215,pdf_49,6ada8eb27a34993420ed8c6db69aa4ae13ff4283abdb43b9d76a05d6794f6a27,data/raw/pdfs/49_กำแพงเพชร.pdf,1,8,25.84252,168.94649000000004,1088.8346429729727,182.24649
pdf_10:p2:r23,rec_2832c6dc6290b73870106f96cef16aaac3ddc2acf734a83f776256fed5a22829,3216,pdf_10,5e0a433bc2cc307479a32d344bf5b0b4f006af0a3d0ccc1493fb587c885896c1,data/raw/pdfs/10_สระบุรี.pdf,2,23,25.84252,331.94255999999996,1088.8346404878048,345.24256
pdf_74:p2:r37,rec_e55e2411693202db39dd049c84dc1251f99c9664e98d2e7cf44f10d41651c35d,3217,pdf_74,a740362f586a24f46fcc09fc1a1bc6391556e4c9bc432141903734f7833f39db,data/raw/pdfs/74_ปัตตานี.pdf,2,37,25.84252,518.14256,1088.8346404878048,531.44256
pdf_10:p1:r22,rec_2ab71ea79cbe15ce1430e07fa9bcc1f5544b5c053274ed988e6ac456cc1f3060,3218,pdf_10,5e0a433bc2cc307479a32d344bf5b0b4f006af0a3d0ccc1493fb587c885896c1,data/raw/pdfs/10_สระบุรี.pdf,1,22,25.84252,355.14649,1088.8346429729727,368.44649
pdf_70:p1:r32,rec_06e8b0bf9df5c04d29aeb6ab23fb348177f29b84da25c2eac4c5280a2098cfda,3219,pdf_70,dd0c8cec48b7f0994639864765a097630785c0e22135d674cb3057f22c0f80ab,data/raw/pdfs/70_สงขลา.pdf,1,32,25.84252,488.14649,1088.8346429729727,501.44649
pdf_52:p1:r5,rec_e6a8e5b5035fb482e13e90d04a8476955ac4069e1f73a6adb28eb0f50d351ce4,3220,pdf_52,9cb0d6cf6dff8fc890e8435c67310ba7051a6c49c0a0cbb9b817f49c8ece0551,data/raw/pdfs/52_พิษณุโลก.pdf,1,5,25.84252,129.04648999999995,1088.8346429729727,142.34649000000002
pdf_52:p1:r17,rec_96797a9059bdfb4da366925591f24536d975348135da5201b8df51a2fe9cd368,3221,pdf_52,9cb0d6cf6dff8fc890e8435c67310ba7051a6c49c0a0cbb9b817f49c8ece0551,data/raw/pdfs/52_พิษณุโลก.pdf,1,17,25.84252,288.64649,1088.8346429729727,301.94649
pdf_29:p1:r12,rec_db5188d6ba4c36589c034aa462ae66e3cf6235a2ebb20a5e9100f6b635ef0db4,3222,pdf_29,a1a30635ac132e2e87cc5b8c3c2c6e737453ecabe176861ce1a21609a26f3a1a,data/raw/pdfs/29_อุดรธานี.pdf,1,12,25.84252,222.14649,1088.8346429729727,235.44649000000004
pdf_03:p2:r37,rec_db9fb723978353a62da03fbb472f1f170a8ab8fc5c2007150d4fa326289ca9db,3223,pdf_03,7dd9e7f51732791c63183067d85d18d20f856edf0c2dff89dbda84d866df2d62,data/raw/pdfs/03_นนทบุรี.pdf,2,37,25.84252,518.14256,1088.8346404878048,531.44256
pdf_67:p5:r30,rec_c1f416286ffe95432c10d24b98136fb56081130c9722a432d42874e375ab0397,3224,pdf_67,b66fc9f9229750b7a04c0e5c07c072d77eb0800ed604da819fb28b6c4a75a636,data/raw/pdfs/67_สุราษฎร์ธานี.pdf,5,30,25.84252,425.04256,1088.8346404878048,438.34255999999993
pdf_53:p1:r23,rec_1820fe3aa6e55c2506bf468f7728b4a9331a4942da6350759abc5da21ce3b488,3225,pdf_53,41aaaf3a91961ab9b2dee694f50d9a086d1ad80beffe1b54e81370016a11cb14,data/raw/pdfs/53_พิจิตร.pdf,1,23,25.84252,376.94649,1088.8346429729727,390.24649
pdf_64:p2:r28,rec_e13429668fa41835cb18ed58c09a19f8812f163403bd2758133e77f8471d8436,3226,pdf_64,a4e4abc03757d1e14ce1bfb2e426567faeea8fce3152123821e712496872240e,data/raw/pdfs/64_กระบี่.pdf,2,28,25.84252,398.44255999999996,1088.8346404878048,411.74256
pdf_23:p2:r35,rec_1b69915ec587eaf7c3781cea349d9d06ac048aa6ce981b53ac166e52f0c86afd,3227,pdf_23,771338278a591f8b5dfd252a64922234ef0d7071b6e6cd32beb2341668023e47,data/raw/pdfs/23_อุบลราชธานี.pdf,2,35,25.84252,491.54256,1088.8346404878048,504.84255999999993
pdf_10:p3:r17,rec_c36efa8836ebd0d17511b1132e80c77b25f13a44c2ee85f97ee1f26321cc179c,3228,pdf_10,5e0a433bc2cc307479a32d344bf5b0b4f006af0a3d0ccc1493fb587c885896c1,data/raw/pdfs/10_สระบุรี.pdf,3,17,25.842519999999997,252.14259999999996,1088.8346314285711,265.44259999999997
pdf_74:p2:r6,rec_eb38f9f9c0878f9ea77160397a6859b756604b59a3825f9f917eb034be1a1897,3229,pdf_74,a740362f586a24f46fcc09fc1a1bc6391556e4c9bc432141903734f7833f39db,data/raw/pdfs/74_ปัตตานี.pdf,2,6,25.84252,105.84256,1088.8346404878048,119.14255999999996
pdf_68:p2:r22,rec_59fd39f2139d073703dbff2599f70e1318045fad16094b7915c9a7206e78fc78,3230,pdf_68,3a242476c7c0c82cd6f78455b9ca30a8d8e875f3ae38090ae0fd5fb12805c593,data/raw/pdfs/68_ระนอง.pdf,2,22,25.84252,318.64256,1088.8346404878048,331.94255999999996
pdf_67:p1:r6,rec_7f81b0652fd0cfeb2dff287cd60fe353c3e0d126c0bc85bae319e8eb695d4dc1,3231,pdf_67,b66fc9f9229750b7a04c0e5c07c072d77eb0800ed604da819fb28b6c4a75a636,data/raw/pdfs/67_สุราษฎร์ธานี.pdf,1,6,25.84252,142.34649000000002,1088.8346429729727,155.64648999999997
pdf_12:p2:r2,rec_ccd13475107c8e1ec8e357ae264e4be2905d6ab93900d5f21fc49041e706cd79,3232,pdf_12,a807bf56c3fc6df739b3c4e072038fd3824bd793ca3bbc711cf4169e5e81ff9c,data/raw/pdfs/12_ระยอง.pdf,2,2,25.842520000000004,52.642600000000016,1088.8346355555555,65.94260000000001
pdf_66:p1:r20,rec_5522b6f8862b9c018303abda85196899809203cb3849ce3ea5099a1a0e3320ae,3233,pdf_66,012255400d37e8c732ded7ebc3c018108c8f4aa391112b3f6d6515d21e797ab6,data/raw/pdfs/66_ภูเก็ต.pdf,1,20,25.84252,328.54649,1088.8346429729727,341.84649
pdf_16:p1:r24,rec_8df813c5e50b728762c908d86c5b091bd068e069e7d70cba9d339aab581ebc5b,3234,pdf_16,7b893a3f02630b40240d0242410f662e3fe91d8d5ea2449991bba89e89a89ea4,data/raw/pdfs/16_ปราจีนบุรี.pdf,1,24,25.84252,381.74649,1088.8346429729727,395.04649
pdf_69:p2:r35,rec_e1642d12ce1a1db640e87498918620ace43b1a014c140d409e567a4331b4bd2a,3235,pdf_69,769b283c00d83344280df884874571c2a99d89f78de64644b43bf9c6a108efa4,data/raw/pdfs/69_ชุมพร.pdf,2,35,25.84252,491.54256,1088.8346404878048,504.84255999999993
pdf_29:p1:r25,rec_a28423823a67903163a28f3d4452fec31d24fdb16f38630e0bf2ad20b5eff9f2,3236,pdf_29,a1a30635ac132e2e87cc5b8c3c2c6e737453ecabe176861ce1a21609a26f3a1a,data/raw/pdfs/29_อุดรธานี.pdf,1,25,25.84252,395.04649,1088.8346429729727,408.34649
pdf_68:p3:r15,rec_c4be62df9a4b1ec5a2f04921a1d567245bc2b2d32eb0172082ef2e25a194834f,3237,pdf_68,3a242476c7c0c82cd6f78455b9ca30a8d8e875f3ae38090ae0fd5fb12805c593,data/raw/pdfs/68_ระนอง.pdf,3,15,25.842519999999997,225.5426,1088.8346337499997,238.8426
pdf_15:p1:r10,rec_e45e6058bfd8fc9dfc3ccb2f1c1e8010b0de9b5043bdf8dc841bd00ec48c98e1,3238,pdf_15,bf99cdf12418fcdc90b3c1c739fd4e7e09ca40818852ca43bcd1c3284b3cf084,data/raw/pdfs/15_ฉะเชิงเทรา.pdf,1,10,25.84252,195.54648999999995,1088.8346429729727,208.84649
pdf_66:p2:r24,rec_07df7e1336db78a054e8eb01ee7dd4f5d15dd2ee5a8ea12b89240777afe82a5e,3239,pdf_66,012255400d37e8c732ded7ebc3c018108c8f4aa391112b3f6d6515d21e797ab6,data/raw/pdfs/66_ภูเก็ต.pdf,2,24,25.84252,345.24256,1088.8346404878048,358.54256
pdf_06:p1:r4,rec_5160f73bbf558558e92c83fc4511c224fcc590bcb05a2a5a5cbafee2d11cf918,3240,pdf_06,03acf167c8c7dcc3b7e6ccbd9afcaa05e3b5157df416e00c1b7e146d91880d3c,data/raw/pdfs/06_อ่างทอง.pdf,1,4,25.84252,115.74649,1088.8346429729727,129.04648999999995
pdf_19:p2:r35,rec_14e356616c3736b4374af7ad8b1a551d1fd779590b17c2d73da7dc95d5d502e6,3241,pdf_19,2fbc685c790d957bd597a9ae4cbc69a07dacbb20cab611015cf1ce2eecd5982c,data/raw/pdfs/19_นครราชสีมา.pdf,2,35,25.84252,491.54256,1088.8346404878048,504.84255999999993
pdf_39:p1:r15,rec_7df2333ed52b2529c4f05aaa4dcaa8ed46003fb66fc2561338794c2a2adf5fd1,3242,pdf_39,f8439630693dcb0a91ca91bc39687ac32878a128fb24ec09b75d075fce0bca64,data/raw/pdfs/39_ลำพูน.pdf,1,15,25.84252,262.0465,1088.8346369999997,275.3465
pdf_12:p2:r5,rec_67f2ba498f021eac87844302df7875fd238225121b120d1dac0ca06bc9282aaf,3243,pdf_12,a807bf56c3fc6df739b3c4e072038fd3824bd793ca3bbc711cf4169e5e81ff9c,data/raw/pdfs/12_ระยอง.pdf,2,5,25.842520000000004,92.5426,1088.8346355555555,105.84259999999999
pdf_41:p1:r17,rec_7f0e7c35ac0cd6abdd4d1bcae8c1166913dc7afc78841fb19e294c42a7c1bbdf,3244,pdf_41,30547a39de949400c4d126175dcaea5210ed959ebf29c2b6135b85e45a4643e4,data/raw/pdfs/41_อุตรดิตถ์.pdf,1,17,25.84252,288.6465,1088.834636315789,301.9465
pdf_29:p1:r26,rec_797024dcc060a3f366da05457c12c665575e6b7349fb8727eb7c99582980a015,3245,pdf_29,a1a30635ac132e2e87cc5b8c3c2c6e737453ecabe176861ce1a21609a26f3a1a,data/raw/pdfs/29_อุดรธานี.pdf,1,26,25.84252,408.34649,1088.8346429729727,421.64649
pdf_60:p1:r22,rec_d9c08ed39680686efb440600b9ba82ad50ceea593cbf4097ee81d88155deff26,3246,pdf_60,83005eabe1d9070b5592477278ea610755bdcb54fea6e719fee81b3b098eaa28,data/raw/pdfs/60_สมุทรสงคราม.pdf,1,22,25.842520000000004,355.1465,1088.8346403703702,368.4465
pdf_10:p2:r3,rec_2debb087dc8d82a647a2203d20c7ab2a757ba25945baed152e322e9900818e7d,3247,pdf_10,5e0a433bc2cc307479a32d344bf5b0b4f006af0a3d0ccc1493fb587c885896c1,data/raw/pdfs/10_สระบุรี.pdf,2,3,25.84252,65.94255999999996,1088.8346404878048,79.24255999999997
pdf_67:p1:r17,rec_a701cd822d9b73ebf1f78ae5b5a0ab2930a4790aef70fdf0ceb19d1bb72cac1f,3248,pdf_67,b66fc9f9229750b7a04c0e5c07c072d77eb0800ed604da819fb28b6c4a75a636,data/raw/pdfs/67_สุราษฎร์ธานี.pdf,1,17,25.84252,288.64649,1088.8346429729727,301.94649
pdf_41:p1:r9,rec_199cd76e4b9cfb15edc5acaf62d16168d903c2cc9afe343d8b83cec6b02df579,3249,pdf_41,30547a39de949400c4d126175dcaea5210ed959ebf29c2b6135b85e45a4643e4,data/raw/pdfs/41_อุตรดิตถ์.pdf,1,9,25.84252,182.24650000000003,1088.834636315789,195.54650000000004
pdf_68:p1:r10,rec_640886334aca901c32bcf11ea875d2253bddc44f8ad84ab3388d34407d02ce90,3250,pdf_68,3a242476c7c0c82cd6f78455b9ca30a8d8e875f3ae38090ae0fd5fb12805c593,data/raw/pdfs/68_ระนอง.pdf,1,10,25.84252,195.54648999999995,1088.8346429729727,208.84649
pdf_02:p1:r16,rec_006b79cfef3fa002982d7cdc5f104632022936e6c8f3e53f38fab9a01f182fa6,3251,pdf_02,368a15805d33fb210ed50297795f7f50bf822054e05b59bf71bfa25bee0f3a3c,data/raw/pdfs/02_สมุทรปราการ.pdf,1,16,25.84252,275.34649,1088.8346429729727,288.64649
pdf_53:p2:r15,rec_29f3cc0d49ddded4f9102774964dd2b1e53da368a0301ac81bbbdb69fba7e7d2,3252,pdf_53,41aaaf3a91961ab9b2dee694f50d9a086d1ad80beffe1b54e81370016a11cb14,data/raw/pdfs/53_พิจิตร.pdf,2,15,25.84252,225.5426,1088.834638181818,238.84259999999995
pdf_11:p1:r12,rec_b6d203beff5aa3759779e4eb058ad05428cced2e0b79de11b6947f2ff81cd212,3253,pdf_11,3638acfefe295becff8609b6ee16edeea0914e518d215754813661f1c0a3f79b,data/raw/pdfs/11_ชลบุรี.pdf,1,12,25.84252,222.14649,1088.8346429729727,235.44649000000004
pdf_19:p2:r27,rec_f5e1677b3e6d5465b003559395d66bf77423f9d9a1c65c8b1d84f6ec5c3cb7cd,3254,pdf_19,2fbc685c790d957bd597a9ae4cbc69a07dacbb20cab611015cf1ce2eecd5982c,data/raw/pdfs/19_นครราชสีมา.pdf,2,27,25.84252,385.14256,1088.8346404878048,398.44255999999996
pdf_66:p3:r27,rec_8cf7a06b31c405ca45dee13cff832f58f7c88f379390dc17461f67245f67cdba,3255,pdf_66,012255400d37e8c732ded7ebc3c018108c8f4aa391112b3f6d6515d21e797ab6,data/raw/pdfs/66_ภูเก็ต.pdf,3,27,25.84252,385.14256,1088.8346397368418,398.44255999999996
pdf_09:p1:r8,rec_4ae1c3e3b81afc6228b0819c14889c457195e9d6186d014eab417726c5386a8c,3256,pdf_09,1912b318a38a3716d462ae8461062b50db721b56bb5dcac725c184bafd97be54,data/raw/pdfs/09_ชัยนาท.pdf,1,8,25.84252,168.94650000000001,1088.8346395999997,182.24649999999997
pdf_61:p1:r8,rec_58b6193dd1f501c7796d5c57af8cc08741a180e7239b1d9ba32bc0225280d44b,3257,pdf_61,6dda18b7ffb9a73296045d0dd81965bec27f7cbccc7ef862c8bf458d206599e2,data/raw/pdfs/61_เพชรบุรี.pdf,1,8,25.84252,168.94650000000001,1088.834638181818,182.24649999999997
pdf_52:p1:r1,rec_caa7f3ce569cccbeac6796ff33620ab99d942b02e6d7dab5e7fa49245fba851c,3258,pdf_52,9cb0d6cf6dff8fc890e8435c67310ba7051a6c49c0a0cbb9b817f49c8ece0551,data/raw/pdfs/52_พิษณุโลก.pdf,1,1,25.84252,75.84649000000002,1088.8346429729727,89.14648999999997
pdf_03:p4:r27,rec_c1e4221be59e982af9d68f2656ec8b19cdac039df764768c538850ec8c63aa32,3259,pdf_03,7dd9e7f51732791c63183067d85d18d20f856edf0c2dff89dbda84d866df2d62,data/raw/pdfs/03_นนทบุรี.pdf,4,27,25.84252,385.14256,1088.8346404878048,398.44255999999996
pdf_06:p2:r5,rec_f4a772089d1704f0631a33cbdf0c2d725d27f638bf95944cd8e150048d4015b3,3260,pdf_06,03acf167c8c7dcc3b7e6ccbd9afcaa05e3b5157df416e00c1b7e146d91880d3c,data/raw/pdfs/06_อ่างทอง.pdf,2,5,25.84252,92.5426,1088.8346109999998,105.84259999999995
pdf_04:p4:r31,rec_72ec413858367dfc77583fa018c85cd3c0a80be903df1846aa844bf89948e63a,3261,pdf_04,83861a2a02db33dda27703227bb90cd50ba1b9144123e42912f926c1d1043c39,data/raw/pdfs/04_ปทุมธานี.pdf,4,31,25.84252,438.34255999999993,1088.8346404878048,451.64256000000006
pdf_06:p1:r32,rec_2160590a3c82eea49936c3552d012e978131b6e9ca64174a70bdb8e9679214e9,3262,pdf_06,03acf167c8c7dcc3b7e6ccbd9afcaa05e3b5157df416e00c1b7e146d91880d3c,data/raw/pdfs/06_อ่างทอง.pdf,1,32,25.84252,488.14649,1088.8346429729727,501.44649
pdf_74:p1:r17,rec_86a750004e64715ec2a93a134d307e2f1f78e847e06520c8190a03cec9b6179c,3263,pdf_74,a740362f586a24f46fcc09fc1a1bc6391556e4c9bc432141903734f7833f39db,data/raw/pdfs/74_ปัตตานี.pdf,1,17,25.84252,288.64649,1088.8346429729727,301.94649
pdf_13:p1:r6,rec_aa9701f6d018fa8e1ff024196579dd9d2b0161661e5cb79d64398e70a1617b6f,3264,pdf_13,b20ef2b0fb7767955210435e1f38c72a82bb812eb8d831b1ac9a4d227b8a8454,data/raw/pdfs/13_จันทบุรี.pdf,1,6,25.84252,142.3465,1088.8346326666665,155.64649999999995
pdf_53:p1:r2,rec_f948c41419e3b53ad746932f183efb5e79f1137639cd4084c7facb4ff80ce06d,3265,pdf_53,41aaaf3a91961ab9b2dee694f50d9a086d1ad80beffe1b54e81370016a11cb14,data/raw/pdfs/53_พิจิตร.pdf,1,2,25.84252,97.64648999999997,1088.8346429729727,110.94649000000004
pdf_66:p2:r25,rec_df207fbc7aa2b5f32dc22d86a1a9264dd7f1e390ccc409b0db3faac0a625875f,3266,pdf_66,012255400d37e8c732ded7ebc3c018108c8f4aa391112b3f6d6515d21e797ab6,data/raw/pdfs/66_ภูเก็ต.pdf,2,25,25.84252,358.54256,1088.8346404878048,371.84256
pdf_19:p4:r4,rec_2300082ed27b46d0a8d5f84bfe13be42cd53f34fd694ad06070a4dde994e5c7d,3267,pdf_19,2fbc685c790d957bd597a9ae4cbc69a07dacbb20cab611015cf1ce2eecd5982c,data/raw/pdfs/19_นครราชสีมา.pdf,4,4,25.84252,79.24255999999997,1088.8346404878048,92.54255999999998
pdf_57:p2:r11,rec_e51083ce6f09e3b545823406aa6b965427dc5d170d34d7663441747d7a42a32f,3268,pdf_57,9b6f57faac860a1339f68519b1b756d3ef34cc2ccd4962f5e15b78600e7c9112,data/raw/pdfs/57_สุพรรณบุรี.pdf,2,11,25.84252,172.34256,1088.8346404878048,185.64255999999995
pdf_06:p2:r3,rec_5b82fc66a0a5e934661efc004461060954a527d8f901b278711b57edf0ada01a,3269,pdf_06,03acf167c8c7dcc3b7e6ccbd9afcaa05e3b5157df416e00c1b7e146d91880d3c,data/raw/pdfs/06_อ่างทอง.pdf,2,3,25.84252,65.94259999999997,1088.8346109999998,79.24259999999998
pdf_75:p1:r19,rec_36117d0a996b0b086621d9a2f567450560c699dc1bc957f828ad6609bbafdd88,3270,pdf_75,ffef7f4f9a7953e62785b17dc6cfa1d3fa15bda9cb7369abaaa41e24f24f5ae4,data/raw/pdfs/75_ยะลา.pdf,1,19,25.84252,315.24649,1088.834642352941,328.54649
pdf_66:p3:r7,rec_d88c11328c5c3802caf77581ab749bdffc4445f85b3be4da91130d0cb3bb03cd,3271,pdf_66,012255400d37e8c732ded7ebc3c018108c8f4aa391112b3f6d6515d21e797ab6,data/raw/pdfs/66_ภูเก็ต.pdf,3,7,25.84252,119.14256,1088.8346397368418,132.44256000000001
pdf_08:p1:r19,rec_ce7c49db0348ed53d83c901573d55e7152f07e31016bd282e20b310e7317cb7f,3272,pdf_08,1fd4933c38e10cf826fbe5ecfe74a2eb8305671e2bb949afd059fb72b251fdad,data/raw/pdfs/08_สิงห์บุรี.pdf,1,19,25.84252,315.24649999999997,1088.8346399999998,328.5465
pdf_34:p1:r8,rec_bbf2b4a848062efd2533dac05c2aae5140bea07fa68cf764d64f57db43b843ff,3273,pdf_34,30b4d774cb5320d220f159e40b6587975e86746b88d9aa4836232840654436f4,data/raw/pdfs/34_กาฬสินธุ์.pdf,1,8,25.84252,177.44649999999996,1088.834626363636,190.74649999999997
pdf_38:p1:r25,rec_48e4cd31f78b1a62cd186f35285112c92bafc146745e123b11fd669ef91889d3,3274,pdf_38,462a1c486a501887e4446ef7e812041c7d158ab4442235b85572d4a89fd7f492,data/raw/pdfs/38_เชียงใหม่.pdf,1,25,25.84252,395.04649,1088.8346429729727,408.34649
pdf_66:p2:r26,rec_a2581cfe3fa1e55980f82dc7664a39151bc3f399bcbb83fad8477acaef1f996c,3275,pdf_66,012255400d37e8c732ded7ebc3c018108c8f4aa391112b3f6d6515d21e797ab6,data/raw/pdfs/66_ภูเก็ต.pdf,2,26,25.84252,371.84256,1088.8346404878048,385.14256
pdf_56:p2:r1,rec_4d4c956f7d64b71b67fd49539a7e5ae02b01e7a81f0c2d630036b85395deca13,3276,pdf_56,f0ce416ab9d3f527c2052960422068d0564c2b8833f2a75d05cab7aa8280b0d5,data/raw/pdfs/56_กาญจนบุรี.pdf,2,1,25.84252,39.34256000000005,1088.8346394594591,52.64256
pdf_55:p1:r13,rec_e7dbb0e2100b74c99f14273ca3647cf0a2887c615bc1598878e27b9b522aaef3,3277,pdf_55,fe2373eb0d81516b45b09f5bb593a35bc32f505875cafd93f214ca6bc310c4d4,data/raw/pdfs/55_ราชบุรี.pdf,1,13,25.84252,235.44649000000004,1088.8346429729727,248.74649
pdf_55:p1:r25,rec_bf8ccc8a3dc547b1ce9c707764c0e4b6b1eed28a1055913080bca8418e92d340,3278,pdf_55,fe2373eb0d81516b45b09f5bb593a35bc32f505875cafd93f214ca6bc310c4d4,data/raw/pdfs/55_ราชบุรี.pdf,1,25,25.84252,395.04649,1088.8346429729727,408.34649
pdf_67:p5:r32,rec_79b4c4c579f7c59dcbeaad6fa8a244ac80a1a4ba705204ea1a690e53e408717c,3279,pdf_67,b66fc9f9229750b7a04c0e5c07c072d77eb0800ed604da819fb28b6c4a75a636,data/raw/pdfs/67_สุราษฎร์ธานี.pdf,5,32,25.84252,451.64256000000006,1088.8346404878048,464.94255999999996
pdf_19:p2:r10,rec_38ea996a6ea977acf0eafaabf225622431cc1b9df584d25843f77586b31ca8a9,3280,pdf_19,2fbc685c790d957bd597a9ae4cbc69a07dacbb20cab611015cf1ce2eecd5982c,data/raw/pdfs/19_นครราชสีมา.pdf,2,10,25.84252,159.04255999999998,1088.8346404878048,172.34256
pdf_73:p1:r11,rec_57bb9c8c4115751df178c81d13afca1e767b9d68c0eae12aa88750470cac4607,3281,pdf_73,8a9a8b1fb9d81eb7f2d76afa1f886621ea38587fc4c60902bc317398649ff90e,data/raw/pdfs/73_พัทลุง.pdf,1,11,25.84252,217.34649,1088.8346429729727,230.64649
pdf_23:p3:r10,rec_62ac2dc0dd0eab84b0bc48ce755ac654885c647fef5ca508f68b7136b3b22a08,3282,pdf_23,771338278a591f8b5dfd252a64922234ef0d7071b6e6cd32beb2341668023e47,data/raw/pdfs/23_อุบลราชธานี.pdf,3,10,25.84252,159.0426,1088.8346388571426,172.34259999999998
pdf_57:p2:r7,rec_8a7079676d446ef7ae2e97f24383edfaba1bad78c846dde1667d75575aab3aff,3283,pdf_57,9b6f57faac860a1339f68519b1b756d3ef34cc2ccd4962f5e15b78600e7c9112,data/raw/pdfs/57_สุพรรณบุรี.pdf,2,7,25.84252,119.14255999999996,1088.8346404878048,132.44255999999996
pdf_69:p2:r9,rec_d4ed091899403ca96e3a5e17510e70adb9fa83edf8271376d676b9cf28b49018,3284,pdf_69,769b283c00d83344280df884874571c2a99d89f78de64644b43bf9c6a108efa4,data/raw/pdfs/69_ชุมพร.pdf,2,9,25.84252,145.74255999999997,1088.8346404878048,159.04255999999998
pdf_57:p3:r17,rec_116ae1d0a4f558845a63a84f193e70c466cff9ce073bde6e500952a5a714736a,3285,pdf_57,9b6f57faac860a1339f68519b1b756d3ef34cc2ccd4962f5e15b78600e7c9112,data/raw/pdfs/57_สุพรรณบุรี.pdf,3,17,25.84252,252.14255999999995,1088.8346404878048,265.44255999999996
pdf_03:p2:r38,rec_dea89e696306c23ab17524278e68dfb345103a69400028d2497d5311fc1ad6de,3286,pdf_03,7dd9e7f51732791c63183067d85d18d20f856edf0c2dff89dbda84d866df2d62,data/raw/pdfs/03_นนทบุรี.pdf,2,38,25.84252,531.44256,1088.8346404878048,544.74256
pdf_16:p2:r6,rec_4dfc8244f0e8e63ff94c381b35cc8b0478ed28eec006c35bbd4fd2748fc5bb58,3287,pdf_16,7b893a3f02630b40240d0242410f662e3fe91d8d5ea2449991bba89e89a89ea4,data/raw/pdfs/16_ปราจีนบุรี.pdf,2,6,25.84252,105.84259999999995,1088.8346365517239,119.14260000000002
pdf_03:p1:r31,rec_02aa7459c241cf1d3fbe5054d9863ae073b3132d1b226cfbf71142ddb7c2c815,3288,pdf_03,7dd9e7f51732791c63183067d85d18d20f856edf0c2dff89dbda84d866df2d62,data/raw/pdfs/03_นนทบุรี.pdf,1,31,25.84252,474.84649,1088.8346429729727,488.14649
pdf_68:p2:r4,rec_688163783aa5b0de6589fd6ba1ac44bfb894fe40900d86e4caff75a6e116155f,3289,pdf_68,3a242476c7c0c82cd6f78455b9ca30a8d8e875f3ae38090ae0fd5fb12805c593,data/raw/pdfs/68_ระนอง.pdf,2,4,25.84252,79.24255999999997,1088.8346404878048,92.54255999999998
pdf_69:p2:r6,rec_0f1819c1d11d8c7b6270faf482dacdadcb2c7bf26d55fe2dfea8b92e8bb215ef,3290,pdf_69,769b283c00d83344280df884874571c2a99d89f78de64644b43bf9c6a108efa4,data/raw/pdfs/69_ชุมพร.pdf,2,6,25.84252,105.84256,1088.8346404878048,119.14255999999996
pdf_56:p2:r34,rec_11c251e854ee40d40bfe8f6fffd97fded661a5de4267e88a11041abf95990732,3291,pdf_56,f0ce416ab9d3f527c2052960422068d0564c2b8833f2a75d05cab7aa8280b0d5,data/raw/pdfs/56_กาญจนบุรี.pdf,2,34,25.84252,478.24256,1088.8346394594591,491.54256000000004
pdf_04:p2:r1,rec_63c751c20e9b43dec36f683009fdaae6af7ac8c4e6239a5efbd641197adc14f6,3292,pdf_04,83861a2a02db33dda27703227bb90cd50ba1b9144123e42912f926c1d1043c39,data/raw/pdfs/04_ปทุมธานี.pdf,2,1,25.84252,39.34256000000005,1088.8346404878048,52.64256
pdf_68:p2:r38,rec_509781f5fb16bd2f30a354b8832a66e5d89576c786fc93622889482d32170441,3293,pdf_68,3a242476c7c0c82cd6f78455b9ca30a8d8e875f3ae38090ae0fd5fb12805c593,data/raw/pdfs/68_ระนอง.pdf,2,38,25.84252,531.44256,1088.8346404878048,544.74256
pdf_57:p3:r19,rec_37227d818daac54e6aae7e398130a9a98a832e73c4a34ab9d22a0cf6520997e6,3294,pdf_57,9b6f57faac860a1339f68519b1b756d3ef34cc2ccd4962f5e15b78600e7c9112,data/raw/pdfs/57_สุพรรณบุรี.pdf,3,19,25.84252,278.74255999999997,1088.8346404878048,292.04256
pdf_07:p1:r17,rec_b1aa3cdc0c71019e3179f7407aba4f8404cc2a97cfc9f3ad3db1eb467979b8c1,3295,pdf_07,f00681093e03a60a87dbc3834edae199fd055d6366406e456741ffd059ff3b05,data/raw/pdfs/07_ลพบุรี.pdf,1,17,25.84252,288.64649,1088.8346429729727,301.94649
pdf_46:p1:r20,rec_9b2e9c04fe1a05fe023f3e899f0b86decd26c7c0a2efc902daa55d19fb7d64bc,3296,pdf_46,06c4f6b2edd8aec0be7828038556b5b7aec2393f710ca692324db2369d00d382,data/raw/pdfs/46_แม่ฮ่องสอน.pdf,1,20,25.84252,328.5465,1088.834638181818,341.84649999999993
pdf_19:p2:r16,rec_7ea5e0b15f7f6b6443df9f7722aee24def2c3f1f674cdfca5badb62f6acb74aa,3297,pdf_19,2fbc685c790d957bd597a9ae4cbc69a07dacbb20cab611015cf1ce2eecd5982c,data/raw/pdfs/19_นครราชสีมา.pdf,2,16,25.84252,238.84256,1088.8346404878048,252.14255999999995
pdf_66:p3:r28,rec_60cbb7f5cbd1ea4abab7959f8708b8860349e048d54341eb94c45dac0150e634,3298,pdf_66,012255400d37e8c732ded7ebc3c018108c8f4aa391112b3f6d6515d21e797ab6,data/raw/pdfs/66_ภูเก็ต.pdf,3,28,25.84252,398.44255999999996,1088.8346397368418,411.74255999999997
pdf_15:p1:r25,rec_2573001d099b24cef5d6b8ae1ecafbd3320a1e6aa7bfeed3a06a43fdf405d230,3299,pdf_15,bf99cdf12418fcdc90b3c1c739fd4e7e09ca40818852ca43bcd1c3284b3cf084,data/raw/pdfs/15_ฉะเชิงเทรา.pdf,1,25,25.84252,395.04649,1088.8346429729727,408.34649
pdf_69:p3:r3,rec_e7ad4f2f6c5a6165b1599e2bf19c231ba4cd1e46962fcdeef6f076bbd28c5428,3300,pdf_69,769b283c00d83344280df884874571c2a99d89f78de64644b43bf9c6a108efa4,data/raw/pdfs/69_ชุมพร.pdf,3,3,25.84252,65.94259999999997,1088.834622142857,79.24260000000004
pdf_67:p4:r31,rec_a9ebcfffc38beb11a2536524ad6c83eec9ae37e55aba14627ef27392184b5aea,3301,pdf_67,b66fc9f9229750b7a04c0e5c07c072d77eb0800ed604da819fb28b6c4a75a636,data/raw/pdfs/67_สุราษฎร์ธานี.pdf,4,31,25.84252,438.34255999999993,1088.8346404878048,451.64256000000006
pdf_08:p1:r2,rec_03f029d9e88dd6b0f9c17513ce748eedde5cf0286987862a05bb0901a4342728,3302,pdf_08,1fd4933c38e10cf826fbe5ecfe74a2eb8305671e2bb949afd059fb72b251fdad,data/raw/pdfs/08_สิงห์บุรี.pdf,1,2,25.84252,89.1465,1088.8346399999998,102.44649999999997
pdf_27:p1:r3,rec_36286b9a55cec23b79055798945788b28fd9c9f5ef7a8266b2a6317458ad80ac,3303,pdf_27,bf545cbe9d19aa5a22880cf18f4484776d7d3e1348605d1451dfe7147ed85334,data/raw/pdfs/27_หนองบัวลำภู.pdf,1,3,25.84252,102.44649000000004,1088.8346429729727,115.74649
pdf_62:p1:r11,rec_4addb41d94aadd3492645ba8ed5abfcea6a9c7030d6c0f8f8bf37f50375b6fdb,3304,pdf_62,16170e28f4926ce3d0cb9566cb26ec752a3cb84a42d0ceb55d00107b3d3f1443,data/raw/pdfs/62_ประจวบคีรีขันธ์.pdf,1,11,25.84252,208.84650000000002,1088.834638181818,222.1465
pdf_73:p1:r28,rec_a25f6116722442a417c709f33767a8e81ab5044ca17a7b66ba1c7bdf0631d3de,3305,pdf_73,8a9a8b1fb9d81eb7f2d76afa1f886621ea38587fc4c60902bc317398649ff90e,data/raw/pdfs/73_พัทลุง.pdf,1,28,25.84252,443.44649,1088.8346429729727,456.74649
pdf_67:p7:r10,rec_30803f619ed9ed029533cb2a4b2584bb6e6bd49d86d80193d8a8f8b6baec7d6a,3306,pdf_67,b66fc9f9229750b7a04c0e5c07c072d77eb0800ed604da819fb28b6c4a75a636,data/raw/pdfs/67_สุราษฎร์ธานี.pdf,7,10,25.84252,159.0426,1088.8346270588233,172.3426
pdf_62:p1:r4,rec_8bd037b77162fe6655252620dc51a117889bb3836cc7def0fd5263d934860260,3307,pdf_62,16170e28f4926ce3d0cb9566cb26ec752a3cb84a42d0ceb55d00107b3d3f1443,data/raw/pdfs/62_ประจวบคีรีขันธ์.pdf,1,4,25.84252,115.74649999999997,1088.834638181818,129.0465
pdf_66:p2:r27,rec_9845d0ab4cb68124cb503d535fa73df2059bc201eebb16a7d258a7aa7742c1d1,3308,pdf_66,012255400d37e8c732ded7ebc3c018108c8f4aa391112b3f6d6515d21e797ab6,data/raw/pdfs/66_ภูเก็ต.pdf,2,27,25.84252,385.14256,1088.8346404878048,398.44255999999996
pdf_38:p1:r12,rec_3c6f4793e5a7267fec02bdb1623e9da89d0ed1e2bfed2e9be6f351c66b910b8b,3309,pdf_38,462a1c486a501887e4446ef7e812041c7d158ab4442235b85572d4a89fd7f492,data/raw/pdfs/38_เชียงใหม่.pdf,1,12,25.84252,222.14649,1088.8346429729727,235.44649000000004
pdf_62:p1:r1,rec_1d9f45a5a29dd23909155ef4e36e223b7b196ca0a02f4b9a51117c1e4489d27c,3310,pdf_62,16170e28f4926ce3d0cb9566cb26ec752a3cb84a42d0ceb55d00107b3d3f1443,data/raw/pdfs/62_ประจวบคีรีขันธ์.pdf,1,1,25.84252,75.84649999999999,1088.834638181818,89.1465
pdf_54:p2:r10,rec_7c1f83cd7f8d50c5631264db1e9fe30e30327562d731985dbfcaae7bfa275ba9,3311,pdf_54,884b1d2d94fff12fa64928c8a22df877265f50fbc00dfcb61f5a4636dd1c14c8,data/raw/pdfs/54_เพชรบูรณ์.pdf,2,10,25.84252,159.04255999999998,1088.8346404878048,172.34256
pdf_68:p3:r8,rec_1c904797b596f2330a1867cbdcc3706dc62357a86af43cb0c99c8b8c6d794443,3312,pdf_68,3a242476c7c0c82cd6f78455b9ca30a8d8e875f3ae38090ae0fd5fb12805c593,data/raw/pdfs/68_ระนอง.pdf,3,8,25.842519999999997,132.44260000000003,1088.8346337499997,145.74260000000004
pdf_15:p2:r36,rec_33fb4659b8fdef98c6ed1003e1fbb8acf5dde7adf63f9b148d38a9a30d5ac058,3313,pdf_15,bf99cdf12418fcdc90b3c1c739fd4e7e09ca40818852ca43bcd1c3284b3cf084,data/raw/pdfs/15_ฉะเชิงเทรา.pdf,2,36,25.84252,504.84255999999993,1088.8346404878048,518.14256
pdf_44:p1:r16,rec_34ca118f0924c55b8ff6b39f02778f36efe2198aa3169d0abf0cf202ab88245a,3314,pdf_44,0b6a87addaacef010594603f0dfdfb6eeb947a760e12360b52409636f432ab36,data/raw/pdfs/44_พะเยา.pdf,1,16,25.84252,275.3465,1088.8346369999997,288.64649999999995
pdf_67:p3:r29,rec_13162805909a7a1b363f7b1c6c7918b6b22dad652e2725e96b22dfb125a46abc,3315,pdf_67,b66fc9f9229750b7a04c0e5c07c072d77eb0800ed604da819fb28b6c4a75a636,data/raw/pdfs/67_สุราษฎร์ธานี.pdf,3,29,25.84252,411.74256,1088.8346404878048,425.04256
pdf_53:p1:r28,rec_10e6e6153af3f6e850f3b61553d5a2f8bd6e414934a7feebca45c52f2385f0af,3316,pdf_53,41aaaf3a91961ab9b2dee694f50d9a086d1ad80beffe1b54e81370016a11cb14,data/raw/pdfs/53_พิจิตร.pdf,1,28,25.84252,443.44649,1088.8346429729727,456.74649
pdf_03:p1:r32,rec_9a741d46cd005e2ed68ed437a2bfc29f132f5e4c47b5e5b3d44ddfd78d1c5a7f,3317,pdf_03,7dd9e7f51732791c63183067d85d18d20f856edf0c2dff89dbda84d866df2d62,data/raw/pdfs/03_นนทบุรี.pdf,1,32,25.84252,488.14649,1088.8346429729727,501.44649
pdf_35:p1:r33,rec_c0e34e000ee9f2e36abffe9bde46aaf1d8220b17424710bf3d5f21c0755828f1,3318,pdf_35,34e8cb69b8d0f03a2caba0ffc0eb6d4b5233159b13350c073968de56ab12b69f,data/raw/pdfs/35_สกลนคร.pdf,1,33,25.84252,501.44649,1088.8346429729727,514.74649
pdf_19:p4:r33,rec_7ac927b27f9fe7b148a0581f89af2420f138e19b657142dcd36e9b783a8679da,3319,pdf_19,2fbc685c790d957bd597a9ae4cbc69a07dacbb20cab611015cf1ce2eecd5982c,data/raw/pdfs/19_นครราชสีมา.pdf,4,33,25.84252,464.94255999999996,1088.8346404878048,478.24256
pdf_19:p4:r21,rec_593829492b016a10f32dbf4b0467219c59aad12538b40a635f83fddd3b97704d,3320,pdf_19,2fbc685c790d957bd597a9ae4cbc69a07dacbb20cab611015cf1ce2eecd5982c,data/raw/pdfs/19_นครราชสีมา.pdf,4,21,25.84252,305.34256,1088.8346404878048,318.64256
pdf_67:p6:r35,rec_1cb5fcd0f7c852b41c3abb4552d89e76accfc5b80c1f2ba08206a5add3e92b5e,3321,pdf_67,b66fc9f9229750b7a04c0e5c07c072d77eb0800ed604da819fb28b6c4a75a636,data/raw/pdfs/67_สุราษฎร์ธานี.pdf,6,35,25.84252,491.54256,1088.8346404878048,504.84255999999993
pdf_73:p2:r38,rec_1bed28847fa5ae50c3bc13e29b101f80c64c491f8e2ff5580a4f26896f2d9d65,3322,pdf_73,8a9a8b1fb9d81eb7f2d76afa1f886621ea38587fc4c60902bc317398649ff90e,data/raw/pdfs/73_พัทลุง.pdf,2,38,25.84252,531.44256,1088.8346404878048,544.74256
pdf_72:p2:r27,rec_91cc5e012920c15f0f0b1f386aa4bf0b24e7017caaffc78c46416b5a2c8c243c,3323,pdf_72,04f947c56ddf01a73b376cdbb3099e393f9141fff3fec2504b9e031114606073,data/raw/pdfs/72_ตรัง.pdf,2,27,25.84252,385.14256,1088.8346402499997,398.44255999999996
pdf_19:p5:r4,rec_f7e2f115b1d391a7b7d0c16987d0e209ae9caa981b541b32a785964a3337d3fd,3324,pdf_19,2fbc685c790d957bd597a9ae4cbc69a07dacbb20cab611015cf1ce2eecd5982c,data/raw/pdfs/19_นครราชสีมา.pdf,5,4,25.84252,79.24259999999998,1088.8346012499999,92.5426
pdf_57:p1:r35,rec_7c86b66fb45464a0230473b69d04fab60f5bd4bbdceaeb13c9596937144bb7b6,3325,pdf_57,9b6f57faac860a1339f68519b1b756d3ef34cc2ccd4962f5e15b78600e7c9112,data/raw/pdfs/57_สุพรรณบุรี.pdf,1,35,25.84252,528.04649,1088.8346429729727,541.3464899999999
pdf_55:p1:r20,rec_76bac9b4d7f6bf94836d5acbbbbefaf30ef40ed4d4d4636d532b166cbbb0f9da,3326,pdf_55,fe2373eb0d81516b45b09f5bb593a35bc32f505875cafd93f214ca6bc310c4d4,data/raw/pdfs/55_ราชบุรี.pdf,1,20,25.84252,328.54649,1088.8346429729727,341.84649
pdf_27:p1:r7,rec_ac264264509144ee158ff681a2dd29b803fcdac248149db52d13148cb40dedca,3327,pdf_27,bf545cbe9d19aa5a22880cf18f4484776d7d3e1348605d1451dfe7147ed85334,data/raw/pdfs/27_หนองบัวลำภู.pdf,1,7,25.84252,155.64648999999997,1088.8346429729727,168.94649000000004
pdf_67:p1:r11,rec_f461861132de26d7a81388a5c66c5eb7c3ad97373501bac4229be46aebd276b1,3328,pdf_67,b66fc9f9229750b7a04c0e5c07c072d77eb0800ed604da819fb28b6c4a75a636,data/raw/pdfs/67_สุราษฎร์ธานี.pdf,1,11,25.84252,208.84649,1088.8346429729727,222.14649
pdf_12:p1:r19,rec_24fa691744852a3294c8f09574764b65c9066b6d44478a35e76f8e1d8f5fa7e9,3329,pdf_12,a807bf56c3fc6df739b3c4e072038fd3824bd793ca3bbc711cf4169e5e81ff9c,data/raw/pdfs/12_ระยอง.pdf,1,19,25.84252,315.24649,1088.8346429729727,328.54649
pdf_04:p5:r21,rec_d48e81e9f3c03a5950518e5cdc7a3c03db1a64d80b3f8264dc838060d5fbbc29,3330,pdf_04,83861a2a02db33dda27703227bb90cd50ba1b9144123e42912f926c1d1043c39,data/raw/pdfs/04_ปทุมธานี.pdf,5,21,25.84252,305.3426,1088.8346388571426,318.6426
pdf_64:p2:r7,rec_ca1ac1725c75913faa629c06f0e0e6435e073b98670ae065549eda14f26fc62e,3331,pdf_64,a4e4abc03757d1e14ce1bfb2e426567faeea8fce3152123821e712496872240e,data/raw/pdfs/64_กระบี่.pdf,2,7,25.84252,119.14255999999996,1088.8346404878048,132.44255999999996
pdf_02:p1:r26,rec_d5c0d516958b97c4a081d0cf7f0ad73b98d411cbcf6d3c7e9e2ff64fbd12ba43,3332,pdf_02,368a15805d33fb210ed50297795f7f50bf822054e05b59bf71bfa25bee0f3a3c,data/raw/pdfs/02_สมุทรปราการ.pdf,1,26,25.84252,408.34649,1088.8346429729727,421.64649
pdf_74:p3:r12,rec_589025811b2793ebed8c9a829a8f0b253588e812fee952ebea60b3ecac173609,3333,pdf_74,a740362f586a24f46fcc09fc1a1bc6391556e4c9bc432141903734f7833f39db,data/raw/pdfs/74_ปัตตานี.pdf,3,12,25.84252,185.64260000000002,1088.834628333333,198.9426
pdf_60:p1:r21,rec_66940e03f2ab419fc3d8399e3267785fc50c5e597566ab2cf3a663bf38dfa083,3334,pdf_60,83005eabe1d9070b5592477278ea610755bdcb54fea6e719fee81b3b098eaa28,data/raw/pdfs/60_สมุทรสงคราม.pdf,1,21,25.842520000000004,341.8465,1088.8346403703702,355.1465
pdf_04:p2:r25,rec_e247708fd2ce8d4d75031e29929af04b8a141cf605517f107f40251345fa84b5,3335,pdf_04,83861a2a02db33dda27703227bb90cd50ba1b9144123e42912f926c1d1043c39,data/raw/pdfs/04_ปทุมธานี.pdf,2,25,25.84252,358.54256,1088.8346404878048,371.84256
pdf_27:p1:r23,rec_097bf868bfb11d0a0f92969857ada39ce19b4a46d1c31db9346fc61892201ccd,3336,pdf_27,bf545cbe9d19aa5a22880cf18f4484776d7d3e1348605d1451dfe7147ed85334,data/raw/pdfs/27_หนองบัวลำภู.pdf,1,23,25.84252,368.44649,1088.8346429729727,381.74649
pdf_33:p1:r5,rec_5e71ed3203ab9abacf11f839203fd149143524d3335d1fdbf10aa9de8e64ccfa,3337,pdf_33,803bc44f1213b58c511b011e1bd47fdf863f6e6f583f7263065cda30ef3d413a,data/raw/pdfs/33_ร้อยเอ็ด.pdf,1,5,25.84252,129.04650000000004,1088.8346314285714,142.3465
pdf_06:p1:r21,rec_ca93202dbe03ca81e0654caffff1d6326dfda992eca0d3503edf7e4efd8ef541,3338,pdf_06,03acf167c8c7dcc3b7e6ccbd9afcaa05e3b5157df416e00c1b7e146d91880d3c,data/raw/pdfs/06_อ่างทอง.pdf,1,21,25.84252,341.84649,1088.8346429729727,355.14649
pdf_53:p1:r7,rec_26696a9d87dd007ec9e5165924e42ca5b75ad05f0d0be100451e89228e043bf9,3339,pdf_53,41aaaf3a91961ab9b2dee694f50d9a086d1ad80beffe1b54e81370016a11cb14,data/raw/pdfs/53_พิจิตร.pdf,1,7,25.84252,164.14648999999997,1088.8346429729727,177.44649000000004
pdf_28:p1:r24,rec_87b30d99902c18eabf022fadedc6e90a93f53f9065577d92728fee6450aedbf8,3340,pdf_28,38e1a8d128ab928dd0bef117c9dbaa8191aea027adc2dae9137f68937f31d040,data/raw/pdfs/28_ขอนแก่น.pdf,1,24,25.84252,381.74649,1088.8346429729727,395.04649
pdf_54:p2:r20,rec_35639580b0ba4bfaf5a91c3ff2059b3f34d4f95d495e879124235fa1d867ba17,3341,pdf_54,884b1d2d94fff12fa64928c8a22df877265f50fbc00dfcb61f5a4636dd1c14c8,data/raw/pdfs/54_เพชรบูรณ์.pdf,2,20,25.84252,292.04256,1088.8346404878048,305.34256
pdf_70:p1:r3,rec_656e0355d49d8146fccfc46fbe189c9c32a0e8c079a3aa5e74e11fa21455ebe0,3342,pdf_70,dd0c8cec48b7f0994639864765a097630785c0e22135d674cb3057f22c0f80ab,data/raw/pdfs/70_สงขลา.pdf,1,3,25.84252,102.44649000000004,1088.8346429729727,115.74649
pdf_67:p3:r4,rec_523c5e6c08f5b5b3e5e7eb8492b6ae6fb3302d1597c83267934d69494082c239,3343,pdf_67,b66fc9f9229750b7a04c0e5c07c072d77eb0800ed604da819fb28b6c4a75a636,data/raw/pdfs/67_สุราษฎร์ธานี.pdf,3,4,25.84252,79.24255999999997,1088.8346404878048,92.54255999999998
pdf_64:p3:r1,rec_e262ae1ce0bd03aef3ad87968d82f9697e56f8705aeffe55e1d7133512373a63,3344,pdf_64,a4e4abc03757d1e14ce1bfb2e426567faeea8fce3152123821e712496872240e,data/raw/pdfs/64_กระบี่.pdf,3,1,25.84252,39.34256000000005,1088.8346404878048,52.64256
pdf_19:p4:r14,rec_e63e97351a3b1eea0f099a54f1d49f32b6c89a3dd9441d926366a2591039d4b5,3345,pdf_19,2fbc685c790d957bd597a9ae4cbc69a07dacbb20cab611015cf1ce2eecd5982c,data/raw/pdfs/19_นครราชสีมา.pdf,4,14,25.84252,212.24255999999997,1088.8346404878048,225.54255999999995
pdf_30:p1:r15,rec_1c2668f38350f556d985dd72345149f81fd1e4f4e07690e7929495b11891bf49,3346,pdf_30,3dbc36c6e240d0c7cc9a595bfe9743d7b0579f6761191fb00c2a69959c985598,data/raw/pdfs/30_เลย.pdf,1,15,25.84252,262.0465,1088.8346355555555,275.3465
pdf_60:p1:r16,rec_1506ef4c13a821ec9ad59c961243735b39ccae2922057f79a358770512f5d1ac,3347,pdf_60,83005eabe1d9070b5592477278ea610755bdcb54fea6e719fee81b3b098eaa28,data/raw/pdfs/60_สมุทรสงคราม.pdf,1,16,25.842520000000004,275.3465,1088.8346403703702,288.6465
pdf_19:p3:r5,rec_06ce30dfb5122cdcbed68631903e6ba6a39164d92b91c8d7c508b2f1ae62084d,3348,pdf_19,2fbc685c790d957bd597a9ae4cbc69a07dacbb20cab611015cf1ce2eecd5982c,data/raw/pdfs/19_นครราชสีมา.pdf,3,5,25.84252,92.54255999999998,1088.8346404878048,105.84256
pdf_20:p1:r12,rec_ec5e83828305f7c97a469318ba532348e0407cad0131a65fb78f5a55bc9c31e0,3349,pdf_20,ae2a7c5842b204a3f43b72f11f0cc869b9b435d34c9fd7a66feb13673b14c006,data/raw/pdfs/20_บุรีรัมย์.pdf,1,12,25.84252,222.14649999999992,1088.8346326666665,235.44649999999996
pdf_03:p4:r28,rec_9d0cb130dd48089aadc57bdc7792d03bebb8d4b26004a741d983aee63debd694,3350,pdf_03,7dd9e7f51732791c63183067d85d18d20f856edf0c2dff89dbda84d866df2d62,data/raw/pdfs/03_นนทบุรี.pdf,4,28,25.84252,398.44255999999996,1088.8346404878048,411.74256
pdf_50:p1:r8,rec_3f8c23081c1c8fc7ed6541d3aa2fc662c272461c8d825607b9b0bcefb499b6c9,3351,pdf_50,8b7fe8a59c2c1fa488d7462868687d8f934217d7df929384117ef1e19dae37ab,data/raw/pdfs/50_ตาก.pdf,1,8,25.84252,168.94649000000004,1088.8346429729727,182.24649
pdf_54:p1:r7,rec_e9731cd61947e34d75719520541174b514f2f70f0716d8d4e34768e9b8ec5c0b,3352,pdf_54,884b1d2d94fff12fa64928c8a22df877265f50fbc00dfcb61f5a4636dd1c14c8,data/raw/pdfs/54_เพชรบูรณ์.pdf,1,7,25.84252,164.14648999999997,1088.8346429729727,177.44649000000004
pdf_11:p2:r24,rec_2b796793ae3f3cfee4dfbaf53b8cbc40e5e100e41f3a4889df92042cc285caaf,3353,pdf_11,3638acfefe295becff8609b6ee16edeea0914e518d215754813661f1c0a3f79b,data/raw/pdfs/11_ชลบุรี.pdf,2,24,25.84252,345.24256,1088.8346404878048,358.54256
pdf_02:p2:r6,rec_768c32d7dc6021fa11d2c28464dfe12d56eb030dc593f4ed9eb221e2b097b2f8,3354,pdf_02,368a15805d33fb210ed50297795f7f50bf822054e05b59bf71bfa25bee0f3a3c,data/raw/pdfs/02_สมุทรปราการ.pdf,2,6,25.84252,105.84256,1088.8346404878048,119.14255999999996
pdf_64:p2:r4,rec_90fc49cb959da88420624a957de56103550b9c84446863d035f310e016597efc,3355,pdf_64,a4e4abc03757d1e14ce1bfb2e426567faeea8fce3152123821e712496872240e,data/raw/pdfs/64_กระบี่.pdf,2,4,25.84252,79.24255999999997,1088.8346404878048,92.54255999999998
pdf_03:p4:r29,rec_036b756a269b19f0249990eff6879e83e8a9556d00b07f7e4712c93fa03b3ed9,3356,pdf_03,7dd9e7f51732791c63183067d85d18d20f856edf0c2dff89dbda84d866df2d62,data/raw/pdfs/03_นนทบุรี.pdf,4,29,25.84252,411.74256,1088.8346404878048,425.04256
pdf_67:p5:r9,rec_2fc54cd30bfd2d39934d1da96ba696c793a27062922fd11ebdf413612ad7c582,3357,pdf_67,b66fc9f9229750b7a04c0e5c07c072d77eb0800ed604da819fb28b6c4a75a636,data/raw/pdfs/67_สุราษฎร์ธานี.pdf,5,9,25.84252,145.74255999999997,1088.8346404878048,159.04255999999998
pdf_73:p3:r5,rec_0aea51a20dc046318488e67f9695e8011328628abc5d2b47559a66e6d3c8eaf5,3358,pdf_73,8a9a8b1fb9d81eb7f2d76afa1f886621ea38587fc4c60902bc317398649ff90e,data/raw/pdfs/73_พัทลุง.pdf,3,5,25.842519999999997,92.5426,1088.8346314285711,105.84259999999998
pdf_05:p3:r32,rec_8ffd7f1f0b0f0f2d04b7b0fe38e06940965a6427945ff8e5782cb7cd0499df85,3359,pdf_05,ae1ba5ac5ef768c29045f4282a9047c71474a8d654003bfa51574874b3f415fc,data/raw/pdfs/05_พระนครศรีอยุธยา.pdf,3,32,25.84252,451.64259999999996,1088.8346388571426,464.9426
pdf_67:p1:r14,rec_f268b1085f242ebe3a3abfafed480b8badb950ffb24aacc2b27c6a9cc3c43bda,3360,pdf_67,b66fc9f9229750b7a04c0e5c07c072d77eb0800ed604da819fb28b6c4a75a636,data/raw/pdfs/67_สุราษฎร์ธานี.pdf,1,14,25.84252,248.74649,1088.8346429729727,262.04648999999995
pdf_35:p1:r26,rec_c4f9c007b84412b49b7b37be0e79589a7a7a66e9439814176448558f3f938344,3361,pdf_35,34e8cb69b8d0f03a2caba0ffc0eb6d4b5233159b13350c073968de56ab12b69f,data/raw/pdfs/35_สกลนคร.pdf,1,26,25.84252,408.34649,1088.8346429729727,421.64649
pdf_66:p3:r8,rec_ab8c507ddbdaadc881bcf3ebfab24ce3f455ed4fad556d3d43c9a4ba5d942303,3362,pdf_66,012255400d37e8c732ded7ebc3c018108c8f4aa391112b3f6d6515d21e797ab6,data/raw/pdfs/66_ภูเก็ต.pdf,3,8,25.84252,132.44256000000001,1088.8346397368418,145.74256
pdf_17:p1:r8,rec_7e97439b381d654099b76a6f8213cd45904af02549cddd2a6caa5944f50f0ded,3363,pdf_17,69ee6e20b50a8b481e887173d13a132193b234c6f6442cad70c9aa3f04917b71,data/raw/pdfs/17_นครนายก.pdf,1,8,25.84252,168.94650000000001,1088.8346355555555,182.24649999999997
pdf_59:p2:r33,rec_c7dcb436fbbebebe1d3b6a77d1597214901de8d383db36f79459b5ff116ee9c3,3364,pdf_59,0c5827ab1fffa2ec0689a95405ee8640473ea428f18b199f44d2f71d4f366ad8,data/raw/pdfs/59_สมุทรสาคร.pdf,2,33,25.84252,464.94255999999996,1088.8346404878048,478.24256
pdf_75:p1:r20,rec_3b68ed00abaf9967e578517c9ee5d502ec088bfc2fd5134d4c26b75c45db334b,3365,pdf_75,ffef7f4f9a7953e62785b17dc6cfa1d3fa15bda9cb7369abaaa41e24f24f5ae4,data/raw/pdfs/75_ยะลา.pdf,1,20,25.84252,328.54649,1088.834642352941,341.84649
pdf_19:p2:r11,rec_029ff08ec0923e03c3eb365765d2d98334d064e25b57b2bda6147b97e3769992,3366,pdf_19,2fbc685c790d957bd597a9ae4cbc69a07dacbb20cab611015cf1ce2eecd5982c,data/raw/pdfs/19_นครราชสีมา.pdf,2,11,25.84252,172.34256,1088.8346404878048,185.64255999999995
pdf_33:p1:r3,rec_3a5cd2b0ab88c1aaa437ca6ed8a597ae54876200fd3a416a687d29b83ac25012,3367,pdf_33,803bc44f1213b58c511b011e1bd47fdf863f6e6f583f7263065cda30ef3d413a,data/raw/pdfs/33_ร้อยเอ็ด.pdf,1,3,25.84252,102.44650000000001,1088.8346314285714,115.74650000000001
pdf_67:p3:r13,rec_e0de6c5553deff1596e0fe29a8afb9b13e228e6c39c0523c7f1268ea33fbd6d4,3368,pdf_67,b66fc9f9229750b7a04c0e5c07c072d77eb0800ed604da819fb28b6c4a75a636,data/raw/pdfs/67_สุราษฎร์ธานี.pdf,3,13,25.84252,198.94255999999996,1088.8346404878048,212.24255999999997
pdf_56:p2:r29,rec_2b0ddef20a9caba44a65698a4763fe69c01a71e437a7d2d18dc95479a972de6a,3369,pdf_56,f0ce416ab9d3f527c2052960422068d0564c2b8833f2a75d05cab7aa8280b0d5,data/raw/pdfs/56_กาญจนบุรี.pdf,2,29,25.84252,411.74256,1088.8346394594591,425.04256
pdf_77:p1:r6,rec_8c551532192c65859d734967cf1328f395057c1a972094eea726cd970c62c72c,3370,pdf_77,c6a9a5450194adece004b460d492fc69a9aaf576ac9b79fe291a676e7bd6b4b3,data/raw/pdfs/77_บึงกาฬ.pdf,1,6,25.84252,142.3465,1088.8346299999998,155.6465
pdf_05:p1:r35,rec_f78f318acef7d1836f217529e8b732fa7289ad000e82c8f05d50593d69e35d39,3371,pdf_05,ae1ba5ac5ef768c29045f4282a9047c71474a8d654003bfa51574874b3f415fc,data/raw/pdfs/05_พระนครศรีอยุธยา.pdf,1,35,25.84252,528.04649,1088.8346429729727,541.3464899999999
pdf_67:p5:r33,rec_fef4346da89922d4e1f5ac4d012ae1a1ade55147229fb5296d484b3d2c035d35,3372,pdf_67,b66fc9f9229750b7a04c0e5c07c072d77eb0800ed604da819fb28b6c4a75a636,data/raw/pdfs/67_สุราษฎร์ธานี.pdf,5,33,25.84252,464.94255999999996,1088.8346404878048,478.24256
pdf_53:p1:r29,rec_e0f30939eda830f8e62c38b7a090be47616567260fa2a8d472c78d51984bc161,3373,pdf_53,41aaaf3a91961ab9b2dee694f50d9a086d1ad80beffe1b54e81370016a11cb14,data/raw/pdfs/53_พิจิตร.pdf,1,29,25.84252,456.74649,1088.8346429729727,470.04649
pdf_05:p1:r10,rec_a5b0352f5d131f125f53c3f81322bcd27fccde43d24b2d769714d9c9efa50e0c,3374,pdf_05,ae1ba5ac5ef768c29045f4282a9047c71474a8d654003bfa51574874b3f415fc,data/raw/pdfs/05_พระนครศรีอยุธยา.pdf,1,10,25.84252,195.54648999999995,1088.8346429729727,208.84649
pdf_40:p1:r20,rec_baab1b04e344a300d5dd356458a7659f1b22f911cd4b08d2aef33a5c276e3711,3375,pdf_40,89bea4e9a200e8f073d048a2ed2a881a1e01108b8c12f1e050317b845aac6b1d,data/raw/pdfs/40_ลำปาง.pdf,1,20,25.84252,328.54649,1088.8346429729727,341.84649
pdf_74:p2:r10,rec_2ca2c779f2123fe08a5bed0c10da8170786236c9996816792644b733969f7e68,3376,pdf_74,a740362f586a24f46fcc09fc1a1bc6391556e4c9bc432141903734f7833f39db,data/raw/pdfs/74_ปัตตานี.pdf,2,10,25.84252,159.04255999999998,1088.8346404878048,172.34256
pdf_23:p1:r27,rec_6cff26ed14a88577c8ee437b80c88a18959fdecb168a6028aebc3f3ff78fd255,3377,pdf_23,771338278a591f8b5dfd252a64922234ef0d7071b6e6cd32beb2341668023e47,data/raw/pdfs/23_อุบลราชธานี.pdf,1,27,25.84252,430.14649,1088.8346429729727,443.44649
pdf_52:p1:r15,rec_9a8e90e339ad8eec997f52a02b5fc9cb6b905e4563bc6bdfa3c85a7ff4cf85a3,3378,pdf_52,9cb0d6cf6dff8fc890e8435c67310ba7051a6c49c0a0cbb9b817f49c8ece0551,data/raw/pdfs/52_พิษณุโลก.pdf,1,15,25.84252,262.04648999999995,1088.8346429729727,275.34649
pdf_07:p1:r10,rec_f5b7047db0ec551ef1ec45925ee8652292a2beb3768d67aa58177c750f9a1aca,3379,pdf_07,f00681093e03a60a87dbc3834edae199fd055d6366406e456741ffd059ff3b05,data/raw/pdfs/07_ลพบุรี.pdf,1,10,25.84252,195.54648999999995,1088.8346429729727,208.84649
pdf_04:p1:r24,rec_122761c679b6507f3eb155be9e6aa51a037c40a819a85620316cd859503325f1,3380,pdf_04,83861a2a02db33dda27703227bb90cd50ba1b9144123e42912f926c1d1043c39,data/raw/pdfs/04_ปทุมธานี.pdf,1,24,25.84252,381.74649,1088.8346429729727,395.04649
pdf_45:p1:r2,rec_a2753610871beb8710124feb6ffe7279d7818d8f19e4ec6457ac488b9344038e,3381,pdf_45,29b1222a0b0979d29984a9dd61c0130edaa8b2dbaf6e6c7cd7a1c4c198e06186,data/raw/pdfs/45_เชียงราย.pdf,1,2,25.84252,89.14650000000003,1088.8346314285714,102.44650000000001
pdf_56:p2:r17,rec_2fc2a31cf428e3d01c3c81abf641176e6fc360ff2e32c1e3ebdad03eff21349f,3382,pdf_56,f0ce416ab9d3f527c2052960422068d0564c2b8833f2a75d05cab7aa8280b0d5,data/raw/pdfs/56_กาญจนบุรี.pdf,2,17,25.84252,252.14256,1088.8346394594591,265.44256
pdf_55:p1:r23,rec_7fb7aca3a378ff3e9793bb1af69fa417c5a130aeda958e1e34ff02b215786171,3383,pdf_55,fe2373eb0d81516b45b09f5bb593a35bc32f505875cafd93f214ca6bc310c4d4,data/raw/pdfs/55_ราชบุรี.pdf,1,23,25.84252,368.44649,1088.8346429729727,381.74649
pdf_29:p1:r28,rec_f31af57bcef4c3f7393a15d2b064fb94d4e375e836815f1308b1dc2976669b61,3384,pdf_29,a1a30635ac132e2e87cc5b8c3c2c6e737453ecabe176861ce1a21609a26f3a1a,data/raw/pdfs/29_อุดรธานี.pdf,1,28,25.84252,434.94649,1088.8346429729727,448.24649
pdf_73:p2:r27,rec_caa036ea77faeabb246826dbeb5a95a28936257fda864375bd4b6086c14389e9,3385,pdf_73,8a9a8b1fb9d81eb7f2d76afa1f886621ea38587fc4c60902bc317398649ff90e,data/raw/pdfs/73_พัทลุง.pdf,2,27,25.84252,385.14256,1088.8346404878048,398.44255999999996
pdf_50:p2:r10,rec_cd1806d6fdaa512ad3d2a5560eab7adcb0dce6e2a3111c903e3a8b4a9ed79bb3,3386,pdf_50,8b7fe8a59c2c1fa488d7462868687d8f934217d7df929384117ef1e19dae37ab,data/raw/pdfs/50_ตาก.pdf,2,10,25.84252,159.0426,1088.8346270588233,172.3426
pdf_59:p3:r6,rec_af235d00a6e47dd1e06654f66936eeb49ae6277fdcbed36f275deb312716d0fe,3387,pdf_59,0c5827ab1fffa2ec0689a95405ee8640473ea428f18b199f44d2f71d4f366ad8,data/raw/pdfs/59_สมุทรสาคร.pdf,3,6,25.84252,105.84259999999995,1088.8346109999998,119.14259999999994
pdf_27:p2:r3,rec_446438f7a4aaa6e625da24c1a3ceb8fc29189e4d4ea54c357c9ef453151150e8,3388,pdf_27,bf545cbe9d19aa5a22880cf18f4484776d7d3e1348605d1451dfe7147ed85334,data/raw/pdfs/27_หนองบัวลำภู.pdf,2,3,25.84252,65.94259999999997,1088.8346304999998,79.24259999999998
pdf_58:p1:r7,rec_4d526cb03a9b642c58e4ef0fd72f739e617e2b860782cd6ef2af35e5ca8b4fac,3389,pdf_58,8ff0dc3c9fe92f1cc2721c37fe35cfcc653ad17ca531672dc94686e7776d35a5,data/raw/pdfs/58_นครปฐม.pdf,1,7,25.84252,155.64648999999997,1088.8346429729727,168.94649000000004
pdf_15:p2:r15,rec_b102f73f44ce9b0e6e209fa5b1411707824235cef0d509652bc3872c6a40f3fd,3390,pdf_15,bf99cdf12418fcdc90b3c1c739fd4e7e09ca40818852ca43bcd1c3284b3cf084,data/raw/pdfs/15_ฉะเชิงเทรา.pdf,2,15,25.84252,225.54255999999995,1088.8346404878048,238.84256
pdf_77:p1:r11,rec_549cc76774fbfa16ba72dde3c41bdc11e89e3eb364bdf2505284d9dbbd9fb7b9,3391,pdf_77,c6a9a5450194adece004b460d492fc69a9aaf576ac9b79fe291a676e7bd6b4b3,data/raw/pdfs/77_บึงกาฬ.pdf,1,11,25.84252,208.84650000000002,1088.8346299999998,222.14649999999997
pdf_10:p2:r33,rec_b2ee09566f048e82391f6434b194d50831fc20140cd67bd0a69d7976487551f8,3392,pdf_10,5e0a433bc2cc307479a32d344bf5b0b4f006af0a3d0ccc1493fb587c885896c1,data/raw/pdfs/10_สระบุรี.pdf,2,33,25.84252,464.94255999999996,1088.8346404878048,478.24256
pdf_03:p4:r30,rec_37a6c1783570b4f956146e69feec9f5d46972a6fe38919ed7246e9219b8ceec0,3393,pdf_03,7dd9e7f51732791c63183067d85d18d20f856edf0c2dff89dbda84d866df2d62,data/raw/pdfs/03_นนทบุรี.pdf,4,30,25.84252,425.04256,1088.8346404878048,438.34255999999993
pdf_04:p4:r1,rec_1442ca5f328e33807b2e30c943358f16b628e5e05cc3dc19d61c572bd86c8df3,3394,pdf_04,83861a2a02db33dda27703227bb90cd50ba1b9144123e42912f926c1d1043c39,data/raw/pdfs/04_ปทุมธานี.pdf,4,1,25.84252,39.34256000000005,1088.8346404878048,52.64256
pdf_57:p3:r1,rec_7d2136e1dcad3ab19f16868d859e2964fe8a37640bcfba2541eeda25422fd4fa,3395,pdf_57,9b6f57faac860a1339f68519b1b756d3ef34cc2ccd4962f5e15b78600e7c9112,data/raw/pdfs/57_สุพรรณบุรี.pdf,3,1,25.84252,39.34256000000005,1088.8346404878048,52.64256
pdf_52:p1:r16,rec_ed2c9a30832d2a4eb1126ecaf4d7869231a3887a0cdeae26b731d48b7cf1b616,3396,pdf_52,9cb0d6cf6dff8fc890e8435c67310ba7051a6c49c0a0cbb9b817f49c8ece0551,data/raw/pdfs/52_พิษณุโลก.pdf,1,16,25.84252,275.34649,1088.8346429729727,288.64649
pdf_63:p1:r24,rec_68b238ff199d843a010f6d8ec041596795dc7bf52c511a66736e62bddef62736,3397,pdf_63,b04433cfbe561d1199180db3f5210359427f668e1f7b072f31972e2749ce63ae,data/raw/pdfs/63_นครศรีธรรมราช.pdf,1,24,25.84252,381.74649,1088.8346429729727,395.04649
pdf_52:p1:r34,rec_5525bb020d783e9d8a67ea13c9cef45c8ed481cb2c2de656f528bef878fc1641,3398,pdf_52,9cb0d6cf6dff8fc890e8435c67310ba7051a6c49c0a0cbb9b817f49c8ece0551,data/raw/pdfs/52_พิษณุโลก.pdf,1,34,25.84252,514.74649,1088.8346429729727,528.04649
pdf_51:p1:r20,rec_579f6e373609ca384bfdd01e2828429634a0bdc596dc33acc9fe9ff15ff14ba1,3399,pdf_51,380327daf06efde704e25ac9a209c4688b14087a4bcd57b35db44471d39e5199,data/raw/pdfs/51_สุโขทัย.pdf,1,20,25.84252,337.04649,1088.834642352941,350.34649
pdf_66:p2:r28,rec_0fb5609fd334e35613b8c5ceeb232a64f9bbe0cf7dd389c804bc21c4ba3fd286,3400,pdf_66,012255400d37e8c732ded7ebc3c018108c8f4aa391112b3f6d6515d21e797ab6,data/raw/pdfs/66_ภูเก็ต.pdf,2,28,25.84252,398.44255999999996,1088.8346404878048,411.74256
pdf_69:p3:r2,rec_097219c82cc78014cc9f48c0315d35b1fac7df7d1f25d98a13e92468ba5212d7,3401,pdf_69,769b283c00d83344280df884874571c2a99d89f78de64644b43bf9c6a108efa4,data/raw/pdfs/69_ชุมพร.pdf,3,2,25.84252,52.642600000000016,1088.834622142857,65.94259999999997
pdf_64:p1:r19,rec_3a0ddf6604a609741a28c4a81b22c4ad3821a20f0e82572af91a9646838e5711,3402,pdf_64,a4e4abc03757d1e14ce1bfb2e426567faeea8fce3152123821e712496872240e,data/raw/pdfs/64_กระบี่.pdf,1,19,25.84252,315.24649,1088.8346429729727,328.54649
pdf_57:p2:r34,rec_bc633397f956b84b3d21174692e8cb160feb592750a98dd7724976ef2405c51e,3403,pdf_57,9b6f57faac860a1339f68519b1b756d3ef34cc2ccd4962f5e15b78600e7c9112,data/raw/pdfs/57_สุพรรณบุรี.pdf,2,34,25.84252,478.24256,1088.8346404878048,491.54256
pdf_69:p3:r8,rec_fd96a2c5ec3154270fe3c92b780698d5ec8d025741af9f8aa59a3ff1209fb931,3404,pdf_69,769b283c00d83344280df884874571c2a99d89f78de64644b43bf9c6a108efa4,data/raw/pdfs/69_ชุมพร.pdf,3,8,25.84252,132.44260000000003,1088.834622142857,145.74260000000004
pdf_36:p2:r10,rec_72dc51f7a86a8de9c725be4baa5059e54587fcc06672b33fa84cc3f63ef2fa0f,3405,pdf_36,e5624d419ac85611ac4b3fe0a27d6bfa73a7b474d5b0ee2a6b1a7b64f4783d70,data/raw/pdfs/36_นครพนม.pdf,2,10,25.84252,159.0426,1088.8346294736841,172.3426
pdf_51:p1:r9,rec_d39029963a3404b69090528fe2ad203186ee8d22dfd58ca3fc970833277be2cd,3406,pdf_51,380327daf06efde704e25ac9a209c4688b14087a4bcd57b35db44471d39e5199,data/raw/pdfs/51_สุโขทัย.pdf,1,9,25.84252,190.74649,1088.834642352941,204.04649
pdf_29:p1:r6,rec_85d2071dcae15227f4637dce4438d68ec5f95cfa3f49f077d8752ba9c07b7398,3407,pdf_29,a1a30635ac132e2e87cc5b8c3c2c6e737453ecabe176861ce1a21609a26f3a1a,data/raw/pdfs/29_อุดรธานี.pdf,1,6,25.84252,142.34649000000002,1088.8346429729727,155.64648999999997
pdf_67:p1:r25,rec_7a8de35b8824c141fe0a8c52d559c94d2b97228b78a845c7bceae470a0100fde,3408,pdf_67,b66fc9f9229750b7a04c0e5c07c072d77eb0800ed604da819fb28b6c4a75a636,data/raw/pdfs/67_สุราษฎร์ธานี.pdf,1,25,25.84252,395.04649,1088.8346429729727,408.34649
pdf_16:p1:r13,rec_0c423c352c50d4ee1edae4e1f36e9f5101fac86beeb11fd3a1fb03cfc8628472,3409,pdf_16,7b893a3f02630b40240d0242410f662e3fe91d8d5ea2449991bba89e89a89ea4,data/raw/pdfs/16_ปราจีนบุรี.pdf,1,13,25.84252,235.44649000000004,1088.8346429729727,248.74649
pdf_23:p1:r15,rec_71a0805a26bbe824acbdeffc0fa7eacaacd53be20733d0f65670e1ae12bc7ecf,3410,pdf_23,771338278a591f8b5dfd252a64922234ef0d7071b6e6cd32beb2341668023e47,data/raw/pdfs/23_อุบลราชธานี.pdf,1,15,25.84252,270.54648999999995,1088.8346429729727,283.84649
pdf_33:p1:r6,rec_79b6efdd1d4719cc78732467ee64e40f2cec692a9c2aba5455c26d848b3297f7,3411,pdf_33,803bc44f1213b58c511b011e1bd47fdf863f6e6f583f7263065cda30ef3d413a,data/raw/pdfs/33_ร้อยเอ็ด.pdf,1,6,25.84252,142.3465,1088.8346314285714,155.6465
pdf_55:p1:r2,rec_641d440f1c9913e04f256bd766dd7d44ac6a0ef9980fed40465c59e7a2d2bf6a,3412,pdf_55,fe2373eb0d81516b45b09f5bb593a35bc32f505875cafd93f214ca6bc310c4d4,data/raw/pdfs/55_ราชบุรี.pdf,1,2,25.84252,89.14648999999997,1088.8346429729727,102.44649000000004
pdf_28:p1:r23,rec_770f38e0f0976dde0b62b4aabc6938aa077be2b7923c1444c59a716083534f72,3413,pdf_28,38e1a8d128ab928dd0bef117c9dbaa8191aea027adc2dae9137f68937f31d040,data/raw/pdfs/28_ขอนแก่น.pdf,1,23,25.84252,368.44649,1088.8346429729727,381.74649
pdf_73:p1:r29,rec_20a23afa0d9c76fef83c43669038d6d6dfb2ef04cc5b3ecf487ddda7ae3a1498,3414,pdf_73,8a9a8b1fb9d81eb7f2d76afa1f886621ea38587fc4c60902bc317398649ff90e,data/raw/pdfs/73_พัทลุง.pdf,1,29,25.84252,456.74649,1088.8346429729727,470.04649
pdf_29:p1:r15,rec_6a8ab18e7af372bc268c939aeff1e5d97405663124dcd9a9ebdb276e525f5756,3415,pdf_29,a1a30635ac132e2e87cc5b8c3c2c6e737453ecabe176861ce1a21609a26f3a1a,data/raw/pdfs/29_อุดรธานี.pdf,1,15,25.84252,262.04648999999995,1088.8346429729727,275.34649
pdf_69:p3:r6,rec_6cfc747e40b2e5f887b99e74ddc73b470b516bf9a1017560c320b5a7efab2b88,3416,pdf_69,769b283c00d83344280df884874571c2a99d89f78de64644b43bf9c6a108efa4,data/raw/pdfs/69_ชุมพร.pdf,3,6,25.84252,105.84259999999999,1088.834622142857,119.14260000000002
pdf_22:p1:r15,rec_fb54fd3b14dfc0d04bf05bb7084fbae6afb1642549be0d48cd75766c09d1a077,3417,pdf_22,2695490faf896b9d7501aa7f09b83fc02b29dc6d768bbbf3a99d9138839b7d3e,data/raw/pdfs/22_ศรีสะเกษ.pdf,1,15,25.84252,270.5465,1088.8346395999997,283.8465
pdf_68:p1:r22,rec_b6659d8a59af65ee66cdc82064057f393df2167e78dd469db243623383c94e29,3418,pdf_68,3a242476c7c0c82cd6f78455b9ca30a8d8e875f3ae38090ae0fd5fb12805c593,data/raw/pdfs/68_ระนอง.pdf,1,22,25.84252,355.14649,1088.8346429729727,368.44649
pdf_16:p1:r12,rec_ec7ffabbe04b46ccf845ec30fe74ccb1b22adf520a6b5badcc9966ca3dbe90f5,3419,pdf_16,7b893a3f02630b40240d0242410f662e3fe91d8d5ea2449991bba89e89a89ea4,data/raw/pdfs/16_ปราจีนบุรี.pdf,1,12,25.84252,222.14649,1088.8346429729727,235.44649000000004
pdf_67:p7:r4,rec_3a2627d2817c8e122aa056a406f6b80702dac3b3ac67e8d9b3935c64d7087fde,3420,pdf_67,b66fc9f9229750b7a04c0e5c07c072d77eb0800ed604da819fb28b6c4a75a636,data/raw/pdfs/67_สุราษฎร์ธานี.pdf,7,4,25.84252,79.24260000000001,1088.8346270588233,92.5426
pdf_04:p2:r2,rec_d67320a915607f7f5dce0c29920b3844524c82e002e4d0b80064cfb53ea7f2ae,3421,pdf_04,83861a2a02db33dda27703227bb90cd50ba1b9144123e42912f926c1d1043c39,data/raw/pdfs/04_ปทุมธานี.pdf,2,2,25.84252,52.64256,1088.8346404878048,65.94255999999996
pdf_53:p1:r8,rec_c4a00c015357149db7e353328774145b465d118f19aa922594311552373589d4,3422,pdf_53,41aaaf3a91961ab9b2dee694f50d9a086d1ad80beffe1b54e81370016a11cb14,data/raw/pdfs/53_พิจิตร.pdf,1,8,25.84252,177.44649000000004,1088.8346429729727,190.74649
pdf_10:p1:r4,rec_0b6625f2ac2e99e79cb725af1dff3b4c317766971dba1f34f1714c378cad6b1b,3423,pdf_10,5e0a433bc2cc307479a32d344bf5b0b4f006af0a3d0ccc1493fb587c885896c1,data/raw/pdfs/10_สระบุรี.pdf,1,4,25.84252,115.74649,1088.8346429729727,129.04648999999995
pdf_03:p4:r31,rec_0de45b08a94e1fac1e3b28452c2a5a17c3766a6cc26e2d38e0228f397bf0c281,3424,pdf_03,7dd9e7f51732791c63183067d85d18d20f856edf0c2dff89dbda84d866df2d62,data/raw/pdfs/03_นนทบุรี.pdf,4,31,25.84252,438.34255999999993,1088.8346404878048,451.64256000000006
pdf_32:p1:r3,rec_1a60fa8f58a99e267d66d778e4bc9fcb08a111367db0dbc51f49813bad1b03e5,3425,pdf_32,b00581f42f40b25ff4c6be7ad8e530fc1306844ad3bb673079384b891a4190e5,data/raw/pdfs/32_มหาสารคาม.pdf,1,3,25.84252,102.44649999999997,1088.8346399999998,115.74649999999997
pdf_29:p1:r27,rec_32eb3401ba6b66820f6b1b396336ec04760fe633654df0614ce536d8ee8444f8,3426,pdf_29,a1a30635ac132e2e87cc5b8c3c2c6e737453ecabe176861ce1a21609a26f3a1a,data/raw/pdfs/29_อุดรธานี.pdf,1,27,25.84252,421.64649,1088.8346429729727,434.94649
pdf_67:p2:r13,rec_02391d57b75b4fb49f7a6bbd65d1769d23c9cc852e4bbf1d7e1833862f7bf9f7,3427,pdf_67,b66fc9f9229750b7a04c0e5c07c072d77eb0800ed604da819fb28b6c4a75a636,data/raw/pdfs/67_สุราษฎร์ธานี.pdf,2,13,25.84252,198.94255999999996,1088.8346404878048,212.24255999999997
pdf_63:p1:r6,rec_73f448c80da58d37920ea19fa5f424be8eaa8adcfece0186e4c6bab205eabbb5,3428,pdf_63,b04433cfbe561d1199180db3f5210359427f668e1f7b072f31972e2749ce63ae,data/raw/pdfs/63_นครศรีธรรมราช.pdf,1,6,25.84252,142.34649000000002,1088.8346429729727,155.64648999999997
pdf_58:p2:r37,rec_08cd37ae6c7f04755cec2811c1ba22ab82699b62d89e99667946e21ace8a9ef1,3429,pdf_58,8ff0dc3c9fe92f1cc2721c37fe35cfcc653ad17ca531672dc94686e7776d35a5,data/raw/pdfs/58_นครปฐม.pdf,2,37,25.84252,518.14256,1088.8346404878048,531.44256
pdf_67:p1:r28,rec_5810b7cbc3458b76904306dd9bf9673ccf6c0f52593d2f590e96354214030638,3430,pdf_67,b66fc9f9229750b7a04c0e5c07c072d77eb0800ed604da819fb28b6c4a75a636,data/raw/pdfs/67_สุราษฎร์ธานี.pdf,1,28,25.84252,434.94649,1088.8346429729727,448.24649
pdf_23:p2:r3,rec_0be6395ab803ec95438e125325bab6ff12082aadf02e03892286383e9212b575,3431,pdf_23,771338278a591f8b5dfd252a64922234ef0d7071b6e6cd32beb2341668023e47,data/raw/pdfs/23_อุบลราชธานี.pdf,2,3,25.84252,65.94255999999996,1088.8346404878048,79.24255999999997
pdf_06:p1:r23,rec_c4194c328494407688ed39a300b3520db0b896d43a0ad861553a3d70f3f470b3,3432,pdf_06,03acf167c8c7dcc3b7e6ccbd9afcaa05e3b5157df416e00c1b7e146d91880d3c,data/raw/pdfs/06_อ่างทอง.pdf,1,23,25.84252,368.44649,1088.8346429729727,381.74649
pdf_36:p1:r30,rec_28a03a3f5a81fdcca4425cc4480c3930b471ad4cad87715a84f01058d986a135,3433,pdf_36,e5624d419ac85611ac4b3fe0a27d6bfa73a7b474d5b0ee2a6b1a7b64f4783d70,data/raw/pdfs/36_นครพนม.pdf,1,30,25.84252,461.54649,1088.8346429729727,474.84649
pdf_19:p4:r15,rec_f140543c1145d0b079d4c432fa322d7e7979645520e42bd86246ed2229bc0bea,3434,pdf_19,2fbc685c790d957bd597a9ae4cbc69a07dacbb20cab611015cf1ce2eecd5982c,data/raw/pdfs/19_นครราชสีมา.pdf,4,15,25.84252,225.54255999999995,1088.8346404878048,238.84256
pdf_29:p1:r22,rec_25163e524b95a9f4b067c100ab7cf8fbf52ded29aaad912363dfbcb2c7db2038,3435,pdf_29,a1a30635ac132e2e87cc5b8c3c2c6e737453ecabe176861ce1a21609a26f3a1a,data/raw/pdfs/29_อุดรธานี.pdf,1,22,25.84252,355.14649,1088.8346429729727,368.44649
pdf_19:p3:r15,rec_8038bf825260108fc3b344b6830ca173cb8704b6eb47dc3c69ef0a398ee16520,3436,pdf_19,2fbc685c790d957bd597a9ae4cbc69a07dacbb20cab611015cf1ce2eecd5982c,data/raw/pdfs/19_นครราชสีมา.pdf,3,15,25.84252,225.54255999999995,1088.8346404878048,238.84256
pdf_72:p1:r17,rec_a6772b0700434820bf26bb83ac948481b5169f06caf6d78a914359b02b8f528b,3437,pdf_72,04f947c56ddf01a73b376cdbb3099e393f9141fff3fec2504b9e031114606073,data/raw/pdfs/72_ตรัง.pdf,1,17,25.84252,288.64649,1088.8346429729727,301.94649
pdf_11:p1:r13,rec_4d0c8cc9427b7dee5a81df395a019c7352d344dbb7dea6b7894e9a83d89f4660,3438,pdf_11,3638acfefe295becff8609b6ee16edeea0914e518d215754813661f1c0a3f79b,data/raw/pdfs/11_ชลบุรี.pdf,1,13,25.84252,235.44649000000004,1088.8346429729727,248.74649
pdf_23:p1:r11,rec_e4f291d73eacb01ad4d499d2a63452373b69c44e886e5a13457edd5070746e06,3439,pdf_23,771338278a591f8b5dfd252a64922234ef0d7071b6e6cd32beb2341668023e47,data/raw/pdfs/23_อุบลราชธานี.pdf,1,11,25.84252,217.34649,1088.8346429729727,230.64649
pdf_68:p2:r6,rec_e6db7528e170d39879ed2b270cd1d25d603bbb59314c319d6558e84f54b7295c,3440,pdf_68,3a242476c7c0c82cd6f78455b9ca30a8d8e875f3ae38090ae0fd5fb12805c593,data/raw/pdfs/68_ระนอง.pdf,2,6,25.84252,105.84256,1088.8346404878048,119.14255999999996
pdf_66:p3:r29,rec_70483fb009083619a183b1bfdf2ec15a0b8dba847be6bfe7d9435e0dd271da83,3441,pdf_66,012255400d37e8c732ded7ebc3c018108c8f4aa391112b3f6d6515d21e797ab6,data/raw/pdfs/66_ภูเก็ต.pdf,3,29,25.84252,411.74255999999997,1088.8346397368418,425.04256
pdf_16:p2:r20,rec_cf0e37b00184844001a12d12032327010be780b91b8fc224fa9cd69f1939c8be,3442,pdf_16,7b893a3f02630b40240d0242410f662e3fe91d8d5ea2449991bba89e89a89ea4,data/raw/pdfs/16_ปราจีนบุรี.pdf,2,20,25.84252,292.0426,1088.8346365517239,305.3426
pdf_69:p1:r31,rec_e487fd1c4bf81037cefcf42ffbf0728068e866c8e640ec1279207e7023fa9816,3443,pdf_69,769b283c00d83344280df884874571c2a99d89f78de64644b43bf9c6a108efa4,data/raw/pdfs/69_ชุมพร.pdf,1,31,25.84252,474.84649,1088.8346429729727,488.14649
pdf_57:p3:r14,rec_12570dc92071270897a846ae6d963a78812e4cf0918ec962c9d833dade480be8,3444,pdf_57,9b6f57faac860a1339f68519b1b756d3ef34cc2ccd4962f5e15b78600e7c9112,data/raw/pdfs/57_สุพรรณบุรี.pdf,3,14,25.84252,212.24255999999997,1088.8346404878048,225.54255999999995
pdf_17:p1:r15,rec_ad95601f2da6f9cac610e5130803a8b0d6fd9aafb9fc0a8eef19e07316f82521,3445,pdf_17,69ee6e20b50a8b481e887173d13a132193b234c6f6442cad70c9aa3f04917b71,data/raw/pdfs/17_นครนายก.pdf,1,15,25.84252,262.0465,1088.8346355555555,275.3465
pdf_64:p3:r2,rec_ee6078ee008553a5273266ce9bb442b76baafbca791a1481cd4f8b74eadeb79f,3446,pdf_64,a4e4abc03757d1e14ce1bfb2e426567faeea8fce3152123821e712496872240e,data/raw/pdfs/64_กระบี่.pdf,3,2,25.84252,52.64256,1088.8346404878048,65.94255999999996
pdf_57:p1:r18,rec_aed271f6deed5fc88379c24520ec8aacdaf64478ae32426bf99fbfe239b0cbb2,3447,pdf_57,9b6f57faac860a1339f68519b1b756d3ef34cc2ccd4962f5e15b78600e7c9112,data/raw/pdfs/57_สุพรรณบุรี.pdf,1,18,25.84252,301.94649,1088.8346429729727,315.24649
pdf_04:p1:r9,rec_d62c3b33f5c9e5e3b9fedf44be323ade0ac5696f39ae95e96b00ccbecaa0336e,3448,pdf_04,83861a2a02db33dda27703227bb90cd50ba1b9144123e42912f926c1d1043c39,data/raw/pdfs/04_ปทุมธานี.pdf,1,9,25.84252,182.24649,1088.8346429729727,195.54648999999995
pdf_23:p3:r1,rec_3a543a86e615e78994811f6f138b77a374b41a45efb729aa90070eff4ebd41cb,3449,pdf_23,771338278a591f8b5dfd252a64922234ef0d7071b6e6cd32beb2341668023e47,data/raw/pdfs/23_อุบลราชธานี.pdf,3,1,25.84252,39.34259999999995,1088.8346388571426,52.642600000000016
pdf_64:p3:r20,rec_2cd1745efd367e018a6b0044894770f749e372679c5292d87aee7f8a68cb335e,3450,pdf_64,a4e4abc03757d1e14ce1bfb2e426567faeea8fce3152123821e712496872240e,data/raw/pdfs/64_กระบี่.pdf,3,20,25.84252,292.04256,1088.8346404878048,305.34256
pdf_55:p1:r24,rec_9b9ece52a73f7a997c9de1c704b2a5517b3f33eb9aa2f6a1839a3e846136792e,3451,pdf_55,fe2373eb0d81516b45b09f5bb593a35bc32f505875cafd93f214ca6bc310c4d4,data/raw/pdfs/55_ราชบุรี.pdf,1,24,25.84252,381.74649,1088.8346429729727,395.04649
pdf_54:p1:r20,rec_385b8b0732dcf55072fcc8a9302c10690fc651d45c17c2b4c9c24b12099aec8e,3452,pdf_54,884b1d2d94fff12fa64928c8a22df877265f50fbc00dfcb61f5a4636dd1c14c8,data/raw/pdfs/54_เพชรบูรณ์.pdf,1,20,25.84252,337.04649,1088.8346429729727,350.34649
pdf_54:p2:r6,rec_56cfd277b1df84a5425ce7648cde2b18923154baa74442be2e3899c7323c4f43,3453,pdf_54,884b1d2d94fff12fa64928c8a22df877265f50fbc00dfcb61f5a4636dd1c14c8,data/raw/pdfs/54_เพชรบูรณ์.pdf,2,6,25.84252,105.84256,1088.8346404878048,119.14255999999996
pdf_67:p5:r17,rec_95f5275a81315f86309487a5911b9d7541b31decfe2c6a9e8a18a48540a89a95,3454,pdf_67,b66fc9f9229750b7a04c0e5c07c072d77eb0800ed604da819fb28b6c4a75a636,data/raw/pdfs/67_สุราษฎร์ธานี.pdf,5,17,25.84252,252.14255999999995,1088.8346404878048,265.44255999999996
pdf_27:p1:r14,rec_b169e6410fe85df4b8664f450b98c14ea49a12cc6d711654409d7517c69d76ec,3455,pdf_27,bf545cbe9d19aa5a22880cf18f4484776d7d3e1348605d1451dfe7147ed85334,data/raw/pdfs/27_หนองบัวลำภู.pdf,1,14,25.84252,248.74649,1088.8346429729727,262.04648999999995
pdf_10:p3:r18,rec_db738a505a2619e4dd943b89231524f7763ccd8aca4fa544a4d2deef3bbc372c,3456,pdf_10,5e0a433bc2cc307479a32d344bf5b0b4f006af0a3d0ccc1493fb587c885896c1,data/raw/pdfs/10_สระบุรี.pdf,3,18,25.842519999999997,265.44259999999997,1088.8346314285711,278.7426
pdf_70:p1:r31,rec_48dfec194edb24b004983efd4e66f1c0a209aef4a27a76a3b69d85f40e22a460,3457,pdf_70,dd0c8cec48b7f0994639864765a097630785c0e22135d674cb3057f22c0f80ab,data/raw/pdfs/70_สงขลา.pdf,1,31,25.84252,474.84649,1088.8346429729727,488.14649
pdf_38:p1:r4,rec_10dd6c767f45a424b3df7a87c4e4f5d195495bf194be15ca1686e7cc0f9ee480,3458,pdf_38,462a1c486a501887e4446ef7e812041c7d158ab4442235b85572d4a89fd7f492,data/raw/pdfs/38_เชียงใหม่.pdf,1,4,25.84252,115.74649,1088.8346429729727,129.04648999999995
pdf_46:p1:r17,rec_17362c06b24c6075dcadb0ad2cabba91d1d6bcee0d4d172f576d88bb31771217,3459,pdf_46,06c4f6b2edd8aec0be7828038556b5b7aec2393f710ca692324db2369d00d382,data/raw/pdfs/46_แม่ฮ่องสอน.pdf,1,17,25.84252,288.6465,1088.834638181818,301.9465
pdf_04:p3:r34,rec_d20f324433abb36fc36724c1f0f7b971737d7047729b184cea1efb47eb2fd76b,3460,pdf_04,83861a2a02db33dda27703227bb90cd50ba1b9144123e42912f926c1d1043c39,data/raw/pdfs/04_ปทุมธานี.pdf,3,34,25.84252,478.24256,1088.8346404878048,491.54256
pdf_19:p5:r5,rec_fe0a601e6c239dcfe7916bb6fc31df11805e390d31bfe383cfb2692a522d8549,3461,pdf_19,2fbc685c790d957bd597a9ae4cbc69a07dacbb20cab611015cf1ce2eecd5982c,data/raw/pdfs/19_นครราชสีมา.pdf,5,5,25.84252,92.5426,1088.8346012499999,105.8426
pdf_05:p2:r3,rec_b6bf8c6949f705f79cdb5b8cd95e607dc7c06143ac83466a4d5e706f2d2529f6,3462,pdf_05,ae1ba5ac5ef768c29045f4282a9047c71474a8d654003bfa51574874b3f415fc,data/raw/pdfs/05_พระนครศรีอยุธยา.pdf,2,3,25.84252,65.94255999999996,1088.8346404878048,79.24255999999997
pdf_57:p1:r24,rec_2c5c5369cb4a1e3a925d25331d8fbea41c593f40ed116f44948b1ba399db46ac,3463,pdf_57,9b6f57faac860a1339f68519b1b756d3ef34cc2ccd4962f5e15b78600e7c9112,data/raw/pdfs/57_สุพรรณบุรี.pdf,1,24,25.84252,381.74649,1088.8346429729727,395.04649
pdf_06:p1:r9,rec_f4f9ec620715eb01171d9afce964e9b1924a4e671e72f0c1412d23255a744198,3464,pdf_06,03acf167c8c7dcc3b7e6ccbd9afcaa05e3b5157df416e00c1b7e146d91880d3c,data/raw/pdfs/06_อ่างทอง.pdf,1,9,25.84252,182.24649,1088.8346429729727,195.54648999999995
pdf_27:p1:r5,rec_4f0a4d078667799d6e446e9ac8c880a7ec4a037ffcc4f2d1f9aff51361698406,3465,pdf_27,bf545cbe9d19aa5a22880cf18f4484776d7d3e1348605d1451dfe7147ed85334,data/raw/pdfs/27_หนองบัวลำภู.pdf,1,5,25.84252,129.04648999999995,1088.8346429729727,142.34649000000002
pdf_05:p3:r19,rec_b519fd18f3d9611b23683cf3df6c88372922ec016d26205db72f78e0385e1694,3466,pdf_05,ae1ba5ac5ef768c29045f4282a9047c71474a8d654003bfa51574874b3f415fc,data/raw/pdfs/05_พระนครศรีอยุธยา.pdf,3,19,25.84252,278.7426,1088.8346388571426,292.0426
pdf_66:p3:r30,rec_f16a9056361f95189d65da0c9c8a59243dd3ee02b954bdb5b71a8329f83eba72,3467,pdf_66,012255400d37e8c732ded7ebc3c018108c8f4aa391112b3f6d6515d21e797ab6,data/raw/pdfs/66_ภูเก็ต.pdf,3,30,25.84252,425.04256,1088.8346397368418,438.34255999999993
pdf_25:p1:r27,rec_0e84e456196722a1765dca62724967ca3aeb0410b40589275bc440c7da013566,3468,pdf_25,0155bd151db06d789a16df2bc6422d9237698f7f38d57991cc1ab60bcb86601c,data/raw/pdfs/25_ชัยภูมิ.pdf,1,27,25.84252,421.64649,1088.8346429729727,434.94649
pdf_03:p4:r32,rec_0355618a26fd21eefc303c2a42d93ae5d3d5ab85acbf548fe6cad2c0b7f6d881,3469,pdf_03,7dd9e7f51732791c63183067d85d18d20f856edf0c2dff89dbda84d866df2d62,data/raw/pdfs/03_นนทบุรี.pdf,4,32,25.84252,451.64256000000006,1088.8346404878048,464.94255999999996
pdf_08:p1:r23,rec_fd46aef18cb09d29bad080f0e2732b2bbc4e8661025420da18d96a8c93b6c856,3470,pdf_08,1fd4933c38e10cf826fbe5ecfe74a2eb8305671e2bb949afd059fb72b251fdad,data/raw/pdfs/08_สิงห์บุรี.pdf,1,23,25.84252,368.4465,1088.8346399999998,381.74649999999997
pdf_27:p1:r4,rec_c82921f5ca77b2728be463809df5373f458db12b1f64844958a7ee05308a5ed9,3471,pdf_27,bf545cbe9d19aa5a22880cf18f4484776d7d3e1348605d1451dfe7147ed85334,data/raw/pdfs/27_หนองบัวลำภู.pdf,1,4,25.84252,115.74649,1088.8346429729727,129.04648999999995
pdf_57:p2:r4,rec_06a293bc78ebfc5bc6068deb35cf1e98fe2821cde79689a8db023cc1d2ea888d,3472,pdf_57,9b6f57faac860a1339f68519b1b756d3ef34cc2ccd4962f5e15b78600e7c9112,data/raw/pdfs/57_สุพรรณบุรี.pdf,2,4,25.84252,79.24255999999997,1088.8346404878048,92.54255999999998
pdf_64:p3:r10,rec_5e4d7c0a5c05d42971f49a1e512ced250629295ebd508f0770c436dfb023b4dc,3473,pdf_64,a4e4abc03757d1e14ce1bfb2e426567faeea8fce3152123821e712496872240e,data/raw/pdfs/64_กระบี่.pdf,3,10,25.84252,159.04255999999998,1088.8346404878048,172.34256
pdf_25:p1:r23,rec_2c8e9245b69335dac8d8ce95d73635b6d0ed982b7c1b66b0f53a0491b3900dda,3474,pdf_25,0155bd151db06d789a16df2bc6422d9237698f7f38d57991cc1ab60bcb86601c,data/raw/pdfs/25_ชัยภูมิ.pdf,1,23,25.84252,368.44649,1088.8346429729727,381.74649
pdf_57:p3:r22,rec_42dce104e3b185050977570181ed3a0f6885a1414cb39e61d5364a76339927d1,3475,pdf_57,9b6f57faac860a1339f68519b1b756d3ef34cc2ccd4962f5e15b78600e7c9112,data/raw/pdfs/57_สุพรรณบุรี.pdf,3,22,25.84252,318.64256,1088.8346404878048,331.94255999999996
pdf_50:p1:r27,rec_1e42c50b6261eb03560d5357fbb14e15eafdd6f8c13bc3b750da926a8550ff6d,3476,pdf_50,8b7fe8a59c2c1fa488d7462868687d8f934217d7df929384117ef1e19dae37ab,data/raw/pdfs/50_ตาก.pdf,1,27,25.84252,421.64649,1088.8346429729727,434.94649
pdf_19:p3:r38,rec_8d0a7cc39ae7560e5c9abe2a05fd1b8a23604751c6c3009ce1858c9e4b4ecb71,3477,pdf_19,2fbc685c790d957bd597a9ae4cbc69a07dacbb20cab611015cf1ce2eecd5982c,data/raw/pdfs/19_นครราชสีมา.pdf,3,38,25.84252,531.44256,1088.8346404878048,544.74256
pdf_07:p2:r23,rec_6c4b070f4aef4e0c291d9cd187ff028adec75ff5ae0f1b78cd4df742136a2846,3478,pdf_07,f00681093e03a60a87dbc3834edae199fd055d6366406e456741ffd059ff3b05,data/raw/pdfs/07_ลพบุรี.pdf,2,23,25.84252,331.94255999999996,1088.8346404878048,345.24256
pdf_67:p3:r7,rec_c0371c41253c993406587a7597541fc0aadb83cdc2e76c515b4cfb74ee3ea6d6,3479,pdf_67,b66fc9f9229750b7a04c0e5c07c072d77eb0800ed604da819fb28b6c4a75a636,data/raw/pdfs/67_สุราษฎร์ธานี.pdf,3,7,25.84252,119.14255999999996,1088.8346404878048,132.44255999999996
pdf_54:p2:r15,rec_cec95738de5f95cc76f8748b1c30e93850133949b5222829eb722e4e0902d75e,3480,pdf_54,884b1d2d94fff12fa64928c8a22df877265f50fbc00dfcb61f5a4636dd1c14c8,data/raw/pdfs/54_เพชรบูรณ์.pdf,2,15,25.84252,225.54255999999995,1088.8346404878048,238.84256
pdf_53:p2:r30,rec_4ba97464046119d84a16b076603fd0a423e60cd70ef841855c324d0ce4a59bb4,3481,pdf_53,41aaaf3a91961ab9b2dee694f50d9a086d1ad80beffe1b54e81370016a11cb14,data/raw/pdfs/53_พิจิตร.pdf,2,30,25.84252,425.04259999999994,1088.834638181818,438.34259999999995
pdf_67:p6:r20,rec_dca98f73d192c4f16e32023cfbc30dea9d140ee189ad384c26fe4e13c36353b3,3482,pdf_67,b66fc9f9229750b7a04c0e5c07c072d77eb0800ed604da819fb28b6c4a75a636,data/raw/pdfs/67_สุราษฎร์ธานี.pdf,6,20,25.84252,292.04256,1088.8346404878048,305.34256
pdf_54:p2:r4,rec_db31da8feee8f67cd0ef114f33a659c829092e335e05473f840568e9412374b2,3483,pdf_54,884b1d2d94fff12fa64928c8a22df877265f50fbc00dfcb61f5a4636dd1c14c8,data/raw/pdfs/54_เพชรบูรณ์.pdf,2,4,25.84252,79.24255999999997,1088.8346404878048,92.54255999999998
pdf_72:p2:r30,rec_5438808b80788a94c48d45d1cbc891efdac9f90dec2e70a658a16936704602de,3484,pdf_72,04f947c56ddf01a73b376cdbb3099e393f9141fff3fec2504b9e031114606073,data/raw/pdfs/72_ตรัง.pdf,2,30,25.84252,425.04256,1088.8346402499997,438.34255999999993
pdf_59:p2:r34,rec_b3c21854b5ca59b3f0721448adb46f6223f9a4173158896b00795509bfaf0857,3485,pdf_59,0c5827ab1fffa2ec0689a95405ee8640473ea428f18b199f44d2f71d4f366ad8,data/raw/pdfs/59_สมุทรสาคร.pdf,2,34,25.84252,478.24256,1088.8346404878048,491.54256
pdf_19:p1:r19,rec_d14f6432065b7b1919298f9867f85c0609d88f80c7cc2cf04ee096f4d57fa4aa,3486,pdf_19,2fbc685c790d957bd597a9ae4cbc69a07dacbb20cab611015cf1ce2eecd5982c,data/raw/pdfs/19_นครราชสีมา.pdf,1,19,25.84252,323.74649,1088.8346429729727,337.04649
pdf_53:p2:r5,rec_dc78d8056d669f958dda70af0d17472a75e8e6dcd71d500eeca13d980e7c9344,3487,pdf_53,41aaaf3a91961ab9b2dee694f50d9a086d1ad80beffe1b54e81370016a11cb14,data/raw/pdfs/53_พิจิตร.pdf,2,5,25.84252,92.5426,1088.834638181818,105.84259999999995
pdf_21:p1:r10,rec_e2e44a33696a576776c10e4d4e2c3469e847ef25f72e1a23eecf762b2e30afe0,3488,pdf_21,30de42d8df83af320948c083353a9109256e5f6ce057c8d941902c86bbb645dd,data/raw/pdfs/21_สุรินทร์.pdf,1,10,25.84252,195.54649999999998,1088.8346369999997,208.84650000000002
pdf_10:p2:r11,rec_adefaaa4cb43ff0773f20b62db5776aeef509944e7fdf73f74ad0a252f399396,3489,pdf_10,5e0a433bc2cc307479a32d344bf5b0b4f006af0a3d0ccc1493fb587c885896c1,data/raw/pdfs/10_สระบุรี.pdf,2,11,25.84252,172.34256,1088.8346404878048,185.64255999999995
pdf_28:p1:r4,rec_5cce31f5330f709f32cb7793c98977b814ca9a388bac7f7586c4679810cc6c89,3490,pdf_28,38e1a8d128ab928dd0bef117c9dbaa8191aea027adc2dae9137f68937f31d040,data/raw/pdfs/28_ขอนแก่น.pdf,1,4,25.84252,115.74649,1088.8346429729727,129.04648999999995
pdf_04:p4:r15,rec_24fc28ffb66f300cb0243c8f99f90040d421d01be4130b98cdc1fd86ad333919,3491,pdf_04,83861a2a02db33dda27703227bb90cd50ba1b9144123e42912f926c1d1043c39,data/raw/pdfs/04_ปทุมธานี.pdf,4,15,25.84252,225.54255999999995,1088.8346404878048,238.84256
pdf_64:p3:r25,rec_36185deaf16790448cfb071bdfe48a8482c6c11e1a4ed47e1bb337be5a3cb981,3492,pdf_64,a4e4abc03757d1e14ce1bfb2e426567faeea8fce3152123821e712496872240e,data/raw/pdfs/64_กระบี่.pdf,3,25,25.84252,358.54256,1088.8346404878048,371.84256
pdf_22:p1:r23,rec_6a6ae561dc77faedbf4cef42a14c321fb07fb5666f498af60d99a7af75ddc8fe,3493,pdf_22,2695490faf896b9d7501aa7f09b83fc02b29dc6d768bbbf3a99d9138839b7d3e,data/raw/pdfs/22_ศรีสะเกษ.pdf,1,23,25.84252,376.9465,1088.8346395999997,390.2465
pdf_03:p4:r33,rec_68ed7615a41d7fd5dc701ccdcae9fc728f1bcfc7b61c553f136473213357f83d,3494,pdf_03,7dd9e7f51732791c63183067d85d18d20f856edf0c2dff89dbda84d866df2d62,data/raw/pdfs/03_นนทบุรี.pdf,4,33,25.84252,464.94255999999996,1088.8346404878048,478.24256
pdf_66:p3:r31,rec_57d28cc89f0e22f61aa563ec8115f19e6edd28f7e24512c40fddf2f0aa0b5d56,3495,pdf_66,012255400d37e8c732ded7ebc3c018108c8f4aa391112b3f6d6515d21e797ab6,data/raw/pdfs/66_ภูเก็ต.pdf,3,31,25.84252,438.34255999999993,1088.8346397368418,451.64256000000006
pdf_27:p1:r34,rec_7c98ceb9737d0ffb4f995e89896cb647133b4573c2b9c79dec60abeb7a442783,3496,pdf_27,bf545cbe9d19aa5a22880cf18f4484776d7d3e1348605d1451dfe7147ed85334,data/raw/pdfs/27_หนองบัวลำภู.pdf,1,34,25.84252,514.74649,1088.8346429729727,528.04649
pdf_34:p1:r2,rec_dbe3e08626b16b9541022d4bb4afe8e2400badcc18cc4fcc088802c9e2d6fb01,3497,pdf_34,30b4d774cb5320d220f159e40b6587975e86746b88d9aa4836232840654436f4,data/raw/pdfs/34_กาฬสินธุ์.pdf,1,2,25.84252,97.64649999999995,1088.834626363636,110.94649999999999
pdf_35:p1:r27,rec_a3df6ca883ed786733d4c5db6446e4d332e88a9b8fb928b26436ae8c7fe26253,3498,pdf_35,34e8cb69b8d0f03a2caba0ffc0eb6d4b5233159b13350c073968de56ab12b69f,data/raw/pdfs/35_สกลนคร.pdf,1,27,25.84252,421.64649,1088.8346429729727,434.94649
pdf_25:p1:r1,rec_2335db06f6eee9f137a5e573d3df221ca9fe48c33bf8c7ed8501688cf6d2cf1e,3499,pdf_25,0155bd151db06d789a16df2bc6422d9237698f7f38d57991cc1ab60bcb86601c,data/raw/pdfs/25_ชัยภูมิ.pdf,1,1,25.84252,75.84649000000002,1088.8346429729727,89.14648999999997
pdf_29:p2:r5,rec_010e1cd4f5b9bba15ba147e727098c35e3bfe2ad567993a0b22d9e5d8e24895e,3500,pdf_29,a1a30635ac132e2e87cc5b8c3c2c6e737453ecabe176861ce1a21609a26f3a1a,data/raw/pdfs/29_อุดรธานี.pdf,2,5,25.84252,92.5426,1088.8346365517239,105.84259999999995
pdf_76:p1:r2,rec_de4f5b0d54538a278e76ba75484e07900f85226addb6e68010b44d8711994ee0,3501,pdf_76,474bb90a38c020bbc86d90180af2b062867ed6a1db6999d709acff810fd5d84d,data/raw/pdfs/76_นราธิวาส.pdf,1,2,25.84252,89.14648999999997,1088.8346429729727,102.44649000000004
pdf_76:p2:r24,rec_6f3bfd373182c2545f57b0612ca2c317e07dd8ee71f27f9babc50d8a690e4b85,3502,pdf_76,474bb90a38c020bbc86d90180af2b062867ed6a1db6999d709acff810fd5d84d,data/raw/pdfs/76_นราธิวาส.pdf,2,24,25.84252,345.2425999999999,1088.8346369999997,358.5426
pdf_74:p2:r38,rec_7280e3f40739f9e7a5884abffb7b81b54ef55a065e4d02a1f5e85283076db07e,3503,pdf_74,a740362f586a24f46fcc09fc1a1bc6391556e4c9bc432141903734f7833f39db,data/raw/pdfs/74_ปัตตานี.pdf,2,38,25.84252,531.44256,1088.8346404878048,544.74256
pdf_68:p3:r16,rec_328a04d2a90d28762c3453dacc983ee9eaa552c8d65f6aa7fed57d25514cf4ed,3504,pdf_68,3a242476c7c0c82cd6f78455b9ca30a8d8e875f3ae38090ae0fd5fb12805c593,data/raw/pdfs/68_ระนอง.pdf,3,16,25.842519999999997,238.8426,1088.8346337499997,252.14260000000004
pdf_61:p1:r2,rec_a0317e6ac2780e39a97915e7c9c923fb190e4428f3102dae67a96e81b91e7e9c,3505,pdf_61,6dda18b7ffb9a73296045d0dd81965bec27f7cbccc7ef862c8bf458d206599e2,data/raw/pdfs/61_เพชรบุรี.pdf,1,2,25.84252,89.1465,1088.834638181818,102.44650000000001
pdf_19:p4:r19,rec_4b9cec46b04236149cccdf9059794118ea670d9c426d22d6bf0b603d304bb179,3506,pdf_19,2fbc685c790d957bd597a9ae4cbc69a07dacbb20cab611015cf1ce2eecd5982c,data/raw/pdfs/19_นครราชสีมา.pdf,4,19,25.84252,278.74255999999997,1088.8346404878048,292.04256
pdf_27:p1:r6,rec_16b31b9c108de09b0a237955fde125f84985a7025bae89c98c42ccf62593da62,3507,pdf_27,bf545cbe9d19aa5a22880cf18f4484776d7d3e1348605d1451dfe7147ed85334,data/raw/pdfs/27_หนองบัวลำภู.pdf,1,6,25.84252,142.34649000000002,1088.8346429729727,155.64648999999997
pdf_21:p1:r18,rec_4154239dd8f5719db0404ff146b13c20f0dc5e96bfc52f6cdc75349f4da022ef,3508,pdf_21,30de42d8df83af320948c083353a9109256e5f6ce057c8d941902c86bbb645dd,data/raw/pdfs/21_สุรินทร์.pdf,1,18,25.84252,301.94649999999996,1088.8346369999997,315.24649999999997
pdf_19:p4:r37,rec_fdd2ef1482342ffd84b16e38e7b8b709a865fed7f4062a99bbe75e6dbda0c40b,3509,pdf_19,2fbc685c790d957bd597a9ae4cbc69a07dacbb20cab611015cf1ce2eecd5982c,data/raw/pdfs/19_นครราชสีมา.pdf,4,37,25.84252,518.14256,1088.8346404878048,531.44256
pdf_49:p1:r25,rec_8d370848829437c06e7a217c4ed8e6f97aa982d8cb85ca660a97cc9e2abb4661,3510,pdf_49,6ada8eb27a34993420ed8c6db69aa4ae13ff4283abdb43b9d76a05d6794f6a27,data/raw/pdfs/49_กำแพงเพชร.pdf,1,25,25.84252,395.04649,1088.8346429729727,408.34649
pdf_68:p3:r1,rec_06188df8b3c63efed761b3675a5e88ce79e077f6c75ec295ad80a7fd76bd9a86,3511,pdf_68,3a242476c7c0c82cd6f78455b9ca30a8d8e875f3ae38090ae0fd5fb12805c593,data/raw/pdfs/68_ระนอง.pdf,3,1,25.842519999999997,39.34259999999995,1088.8346337499997,52.642600000000016
pdf_03:p5:r20,rec_4c6f56eb6381709e0560e0a33dd704e50b0ec29329760697e8a0e1889a788619,3512,pdf_03,7dd9e7f51732791c63183067d85d18d20f856edf0c2dff89dbda84d866df2d62,data/raw/pdfs/03_นนทบุรี.pdf,5,20,25.84252,292.0426,1088.8346391666664,305.34259999999995
pdf_68:p3:r21,rec_8ed982e513a940e0020c65866bf5a5ae896f7d7add6cf1a91f95958cc01c902b,3513,pdf_68,3a242476c7c0c82cd6f78455b9ca30a8d8e875f3ae38090ae0fd5fb12805c593,data/raw/pdfs/68_ระนอง.pdf,3,21,25.842519999999997,305.3426,1088.8346337499997,318.6426
pdf_28:p1:r13,rec_6e3cf5148d979b1175ff139e44a82bfb509931b26bc96c2a3ed6d684b7eadd6c,3514,pdf_28,38e1a8d128ab928dd0bef117c9dbaa8191aea027adc2dae9137f68937f31d040,data/raw/pdfs/28_ขอนแก่น.pdf,1,13,25.84252,235.44649000000004,1088.8346429729727,248.74649
pdf_10:p1:r30,rec_d25dd9a328c66c43517d74b71e474b21712f8386f87a57294504f6cd755d29b2,3515,pdf_10,5e0a433bc2cc307479a32d344bf5b0b4f006af0a3d0ccc1493fb587c885896c1,data/raw/pdfs/10_สระบุรี.pdf,1,30,25.84252,461.54649,1088.8346429729727,474.84649
pdf_38:p1:r31,rec_a7f489a852284c958a79566edf5e2ed0ac45cced373f8c8ba3386f3333f0fd67,3516,pdf_38,462a1c486a501887e4446ef7e812041c7d158ab4442235b85572d4a89fd7f492,data/raw/pdfs/38_เชียงใหม่.pdf,1,31,25.84252,474.84649,1088.8346429729727,488.14649
pdf_56:p2:r12,rec_61d05cc8574bf54f49ccff528a5771a024a9da8d8273a11d2f5ef7322a45f90a,3517,pdf_56,f0ce416ab9d3f527c2052960422068d0564c2b8833f2a75d05cab7aa8280b0d5,data/raw/pdfs/56_กาญจนบุรี.pdf,2,12,25.84252,185.64256,1088.8346394594591,198.94256
pdf_74:p1:r18,rec_ba2ea40ab81e992c5bdcf697b33de85ad062f9d09593a6cef0381ea939b1ea7a,3518,pdf_74,a740362f586a24f46fcc09fc1a1bc6391556e4c9bc432141903734f7833f39db,data/raw/pdfs/74_ปัตตานี.pdf,1,18,25.84252,301.94649,1088.8346429729727,315.24649
pdf_19:p2:r7,rec_6eacaea2207084057ae00b8fff7d36af06709fcac8badc957b58e770f3b08ee3,3519,pdf_19,2fbc685c790d957bd597a9ae4cbc69a07dacbb20cab611015cf1ce2eecd5982c,data/raw/pdfs/19_นครราชสีมา.pdf,2,7,25.84252,119.14255999999996,1088.8346404878048,132.44255999999996
pdf_72:p1:r23,rec_4c3aca34e2b9c820029344fafeec408449b5f995710e9144c2dbf845b20fccf4,3520,pdf_72,04f947c56ddf01a73b376cdbb3099e393f9141fff3fec2504b9e031114606073,data/raw/pdfs/72_ตรัง.pdf,1,23,25.84252,368.44649,1088.8346429729727,381.74649
pdf_74:p3:r1,rec_aadb288845f2a788b7beb15311e2a1abab0f2a96b91b23d53834c126b6f86f02,3521,pdf_74,a740362f586a24f46fcc09fc1a1bc6391556e4c9bc432141903734f7833f39db,data/raw/pdfs/74_ปัตตานี.pdf,3,1,25.84252,39.34259999999995,1088.834628333333,52.642600000000016
pdf_64:p3:r11,rec_944a9df9a68571042c3f087c810047a14a9bb7b0fd802ad13e047f3e90825a6d,3522,pdf_64,a4e4abc03757d1e14ce1bfb2e426567faeea8fce3152123821e712496872240e,data/raw/pdfs/64_กระบี่.pdf,3,11,25.84252,172.34256,1088.8346404878048,185.64255999999995
pdf_54:p1:r23,rec_e862e1ebc06960a1a2d2e98c826aebfcd7b56c050b44c1378430b4bc45e6a1ae,3523,pdf_54,884b1d2d94fff12fa64928c8a22df877265f50fbc00dfcb61f5a4636dd1c14c8,data/raw/pdfs/54_เพชรบูรณ์.pdf,1,23,25.84252,376.94649,1088.8346429729727,390.24649
pdf_36:p1:r24,rec_ed871f7c965ac474cc001e0e6cc935bfd632577456c4c8acdee26c6c562a2edf,3524,pdf_36,e5624d419ac85611ac4b3fe0a27d6bfa73a7b474d5b0ee2a6b1a7b64f4783d70,data/raw/pdfs/36_นครพนม.pdf,1,24,25.84252,381.74649,1088.8346429729727,395.04649
pdf_19:p3:r6,rec_a751816e8a8df37fd731bf98c0e327fa708ed29b69ad40fa2a219866e00e8fa2,3525,pdf_19,2fbc685c790d957bd597a9ae4cbc69a07dacbb20cab611015cf1ce2eecd5982c,data/raw/pdfs/19_นครราชสีมา.pdf,3,6,25.84252,105.84256,1088.8346404878048,119.14255999999996
pdf_08:p1:r3,rec_5edaa68b3b491c6191853797d4430ef20205322422231637d0c39ecf658ba2df,3526,pdf_08,1fd4933c38e10cf826fbe5ecfe74a2eb8305671e2bb949afd059fb72b251fdad,data/raw/pdfs/08_สิงห์บุรี.pdf,1,3,25.84252,102.44649999999997,1088.8346399999998,115.74649999999997
pdf_07:p2:r8,rec_aea38b3d8661f065af695fabf47ddd1807c53f4ffdebcef5de1eb6f86603c3b9,3527,pdf_07,f00681093e03a60a87dbc3834edae199fd055d6366406e456741ffd059ff3b05,data/raw/pdfs/07_ลพบุรี.pdf,2,8,25.84252,132.44255999999996,1088.8346404878048,145.74255999999997
pdf_09:p1:r9,rec_a12da006455d710695c6ceae20591ebec0b220e488ecb1e185c6873e0d9cebb3,3528,pdf_09,1912b318a38a3716d462ae8461062b50db721b56bb5dcac725c184bafd97be54,data/raw/pdfs/09_ชัยนาท.pdf,1,9,25.84252,182.24649999999997,1088.8346395999997,195.54650000000004
pdf_67:p1:r12,rec_8dee392e03e301501738fbdfc8888634941d33644b3a44a0d506dbcc45e5e140,3529,pdf_67,b66fc9f9229750b7a04c0e5c07c072d77eb0800ed604da819fb28b6c4a75a636,data/raw/pdfs/67_สุราษฎร์ธานี.pdf,1,12,25.84252,222.14649,1088.8346429729727,235.44649000000004
pdf_50:p1:r12,rec_66558d3abeeff7b6a6009010ed582929d6d07a9ec43295b5d8673e4a9e5a17e6,3530,pdf_50,8b7fe8a59c2c1fa488d7462868687d8f934217d7df929384117ef1e19dae37ab,data/raw/pdfs/50_ตาก.pdf,1,12,25.84252,222.14649,1088.8346429729727,235.44649000000004
pdf_67:p3:r35,rec_fdb340aae6579f4952160413ce2fa5eb1bb18f821f2d848a64e9c404d6f6b20c,3531,pdf_67,b66fc9f9229750b7a04c0e5c07c072d77eb0800ed604da819fb28b6c4a75a636,data/raw/pdfs/67_สุราษฎร์ธานี.pdf,3,35,25.84252,491.54256,1088.8346404878048,504.84255999999993
pdf_57:p2:r21,rec_779d90bd71d14926cc3ed64741e1f8e32b459760810ed0fa9191a66467a1214f,3532,pdf_57,9b6f57faac860a1339f68519b1b756d3ef34cc2ccd4962f5e15b78600e7c9112,data/raw/pdfs/57_สุพรรณบุรี.pdf,2,21,25.84252,305.34256,1088.8346404878048,318.64256
pdf_67:p6:r21,rec_3921712cb20234b3fccffba1160e3761eb499af2c9a56f31b27b70645ae45550,3533,pdf_67,b66fc9f9229750b7a04c0e5c07c072d77eb0800ed604da819fb28b6c4a75a636,data/raw/pdfs/67_สุราษฎร์ธานี.pdf,6,21,25.84252,305.34256,1088.8346404878048,318.64256
pdf_72:p1:r21,rec_dc011d84e83e2a1655e82689da713f58b692e2859d862dabbd18364d88aeeb78,3534,pdf_72,04f947c56ddf01a73b376cdbb3099e393f9141fff3fec2504b9e031114606073,data/raw/pdfs/72_ตรัง.pdf,1,21,25.84252,341.84649,1088.8346429729727,355.14649
pdf_07:p1:r22,rec_d6b2f96a7b02a4f09d10226a619de9963cbb251b52d8542705e28bfd50a489c6,3535,pdf_07,f00681093e03a60a87dbc3834edae199fd055d6366406e456741ffd059ff3b05,data/raw/pdfs/07_ลพบุรี.pdf,1,22,25.84252,355.14649,1088.8346429729727,368.44649
pdf_10:p3:r6,rec_0806301d1519365e57be651e59aea97d590dc845b256c3dc9167bc2e24858af2,3536,pdf_10,5e0a433bc2cc307479a32d344bf5b0b4f006af0a3d0ccc1493fb587c885896c1,data/raw/pdfs/10_สระบุรี.pdf,3,6,25.842519999999997,105.84259999999998,1088.8346314285711,119.14260000000002
pdf_58:p1:r14,rec_1f5978a8e5b9212b1b5eab2093e4f6dfed751f2631a5eb723241dbcf59da3e64,3537,pdf_58,8ff0dc3c9fe92f1cc2721c37fe35cfcc653ad17ca531672dc94686e7776d35a5,data/raw/pdfs/58_นครปฐม.pdf,1,14,25.84252,248.74649,1088.8346429729727,262.04648999999995
pdf_03:p4:r34,rec_f0978d891e7280454103370d6cf8f90157d202691224768bb840dc6fb0d2db12,3538,pdf_03,7dd9e7f51732791c63183067d85d18d20f856edf0c2dff89dbda84d866df2d62,data/raw/pdfs/03_นนทบุรี.pdf,4,34,25.84252,478.24256,1088.8346404878048,491.54256
pdf_18:p1:r15,rec_91ad8087c729976f4df44e82fc9541a45d7398923c0e9b43344ca285830858fb,3539,pdf_18,be2f47080dc7e95c466a639def50661998348f89a3d3495b6324e03e6ac06a59,data/raw/pdfs/18_สระแก้ว.pdf,1,15,25.84252,262.04649,1088.834642121212,275.34649
pdf_40:p1:r18,rec_c5d2bf3adb5f8a296b04cbf160aa148ded0a5d59b12053bcc49b346b62cf6d42,3540,pdf_40,89bea4e9a200e8f073d048a2ed2a881a1e01108b8c12f1e050317b845aac6b1d,data/raw/pdfs/40_ลำปาง.pdf,1,18,25.84252,301.94649,1088.8346429729727,315.24649
pdf_63:p1:r2,rec_f594155316841b417ce26d7b6b78d5138fc4b17073c522943c44a5b3977d8aa4,3541,pdf_63,b04433cfbe561d1199180db3f5210359427f668e1f7b072f31972e2749ce63ae,data/raw/pdfs/63_นครศรีธรรมราช.pdf,1,2,25.84252,89.14648999999997,1088.8346429729727,102.44649000000004
pdf_03:p2:r22,rec_b2cb3267f021f34221b37f0c0762568b130e5ce5cb923b073149474811cc9bd2,3542,pdf_03,7dd9e7f51732791c63183067d85d18d20f856edf0c2dff89dbda84d866df2d62,data/raw/pdfs/03_นนทบุรี.pdf,2,22,25.84252,318.64256,1088.8346404878048,331.94255999999996
pdf_04:p1:r18,rec_d123e6545acb7ecabc48c118741a25c15ebf1892db2253c626c166c4c867bdb7,3543,pdf_04,83861a2a02db33dda27703227bb90cd50ba1b9144123e42912f926c1d1043c39,data/raw/pdfs/04_ปทุมธานี.pdf,1,18,25.84252,301.94649,1088.8346429729727,315.24649
pdf_72:p2:r15,rec_79286cf764d444d584df8f0a0eaf6d515c7f925e24805e33719470b6202c79b4,3544,pdf_72,04f947c56ddf01a73b376cdbb3099e393f9141fff3fec2504b9e031114606073,data/raw/pdfs/72_ตรัง.pdf,2,15,25.84252,225.54255999999995,1088.8346402499997,238.84255999999996
pdf_76:p2:r13,rec_37d5f24c1f5ab4dfc5d525793d7a5d9fc7e757f60f8786738461fcb71ce01788,3545,pdf_76,474bb90a38c020bbc86d90180af2b062867ed6a1db6999d709acff810fd5d84d,data/raw/pdfs/76_นราธิวาส.pdf,2,13,25.84252,198.94259999999997,1088.8346369999997,212.24260000000004
pdf_74:p1:r26,rec_71cee3b6604ab3016dab818c8d0088c06aa3c5d03c2362287543158154f26982,3546,pdf_74,a740362f586a24f46fcc09fc1a1bc6391556e4c9bc432141903734f7833f39db,data/raw/pdfs/74_ปัตตานี.pdf,1,26,25.84252,408.34649,1088.8346429729727,421.64649
pdf_75:p1:r18,rec_3b66a5b61c7d4bcd396f688789adb98aeb952e38558b6ae86484f80b80224567,3547,pdf_75,ffef7f4f9a7953e62785b17dc6cfa1d3fa15bda9cb7369abaaa41e24f24f5ae4,data/raw/pdfs/75_ยะลา.pdf,1,18,25.84252,301.94649,1088.834642352941,315.24649
pdf_05:p2:r25,rec_a80ed5e448bcacf716f1bbbe92715e51d5794b316e363e8d7125006bee1a36ab,3548,pdf_05,ae1ba5ac5ef768c29045f4282a9047c71474a8d654003bfa51574874b3f415fc,data/raw/pdfs/05_พระนครศรีอยุธยา.pdf,2,25,25.84252,358.54256,1088.8346404878048,371.84256
pdf_54:p1:r26,rec_ae577f37766770db7917f37a28db41b29b36faa59d26e4ffa5a0908f01640c04,3549,pdf_54,884b1d2d94fff12fa64928c8a22df877265f50fbc00dfcb61f5a4636dd1c14c8,data/raw/pdfs/54_เพชรบูรณ์.pdf,1,26,25.84252,416.84649,1088.8346429729727,430.14649
pdf_05:p3:r21,rec_84be44db82c4d10a15c90dd01791b1e30be97fd82b90bc46f8678605016890c9,3550,pdf_05,ae1ba5ac5ef768c29045f4282a9047c71474a8d654003bfa51574874b3f415fc,data/raw/pdfs/05_พระนครศรีอยุธยา.pdf,3,21,25.84252,305.3426,1088.8346388571426,318.6426
pdf_12:p1:r6,rec_9ef9c3c24426accdb4bdd53a1e8ccf90c34afb6e58a2da907167d42bee654076,3551,pdf_12,a807bf56c3fc6df739b3c4e072038fd3824bd793ca3bbc711cf4169e5e81ff9c,data/raw/pdfs/12_ระยอง.pdf,1,6,25.84252,142.34649000000002,1088.8346429729727,155.64648999999997
pdf_67:p4:r5,rec_c23e3f76253791b9a97ab44b0b07185fa1578b4b502d010a1bfb0207a9011795,3552,pdf_67,b66fc9f9229750b7a04c0e5c07c072d77eb0800ed604da819fb28b6c4a75a636,data/raw/pdfs/67_สุราษฎร์ธานี.pdf,4,5,25.84252,92.54255999999998,1088.8346404878048,105.84256
pdf_28:p1:r18,rec_e3c7166605556291cad9928d99e6265f0e9db50ba850a4e34ec18e762064cb00,3553,pdf_28,38e1a8d128ab928dd0bef117c9dbaa8191aea027adc2dae9137f68937f31d040,data/raw/pdfs/28_ขอนแก่น.pdf,1,18,25.84252,301.94649,1088.8346429729727,315.24649
pdf_15:p1:r22,rec_adbdc51589916e60ddf504baf15cd130bb20947e07f99c152cd66a2d6a14dc8d,3554,pdf_15,bf99cdf12418fcdc90b3c1c739fd4e7e09ca40818852ca43bcd1c3284b3cf084,data/raw/pdfs/15_ฉะเชิงเทรา.pdf,1,22,25.84252,355.14649,1088.8346429729727,368.44649
pdf_67:p6:r26,rec_6d99fd29ac9c19a100b35fcc30cab120a23027037986d6394f8d9ea8b634530f,3555,pdf_67,b66fc9f9229750b7a04c0e5c07c072d77eb0800ed604da819fb28b6c4a75a636,data/raw/pdfs/67_สุราษฎร์ธานี.pdf,6,26,25.84252,371.84256,1088.8346404878048,385.14256
pdf_64:p1:r33,rec_94f6609de2d07fa24256ce15932678f10790b1cae26d7685ebb1a3daec6885b9,3556,pdf_64,a4e4abc03757d1e14ce1bfb2e426567faeea8fce3152123821e712496872240e,data/raw/pdfs/64_กระบี่.pdf,1,33,25.84252,501.44649,1088.8346429729727,514.74649
pdf_66:p2:r34,rec_f89a500e7d3df05287af19726a5c6df9f375e5e1c30b42fef635a94b78eb1055,3557,pdf_66,012255400d37e8c732ded7ebc3c018108c8f4aa391112b3f6d6515d21e797ab6,data/raw/pdfs/66_ภูเก็ต.pdf,2,34,25.84252,478.24256,1088.8346404878048,491.54256
pdf_66:p2:r35,rec_c87c09cb5a05d248c8df911801f0317df62922e22e6142e94ba888be6e19f441,3558,pdf_66,012255400d37e8c732ded7ebc3c018108c8f4aa391112b3f6d6515d21e797ab6,data/raw/pdfs/66_ภูเก็ต.pdf,2,35,25.84252,491.54256,1088.8346404878048,504.84255999999993
pdf_03:p5:r13,rec_bb272c5557f456288e7fbe9b4e07e3e9555c3bec102080770438c7867b262da2,3559,pdf_03,7dd9e7f51732791c63183067d85d18d20f856edf0c2dff89dbda84d866df2d62,data/raw/pdfs/03_นนทบุรี.pdf,5,13,25.84252,198.94259999999997,1088.8346391666664,212.24259999999998
pdf_58:p1:r9,rec_73f70ee5e7ffd3d1e0db33f0ae1ede83c4742c18cd45b222708799fccfa61789,3560,pdf_58,8ff0dc3c9fe92f1cc2721c37fe35cfcc653ad17ca531672dc94686e7776d35a5,data/raw/pdfs/58_นครปฐม.pdf,1,9,25.84252,182.24649,1088.8346429729727,195.54648999999995
pdf_11:p2:r29,rec_4404063442fa0d25e72500637d0ea506160e758f022a42635219860daf832184,3561,pdf_11,3638acfefe295becff8609b6ee16edeea0914e518d215754813661f1c0a3f79b,data/raw/pdfs/11_ชลบุรี.pdf,2,29,25.84252,411.74256,1088.8346404878048,425.04256
pdf_57:p1:r20,rec_0e42d35de2efafde7ed75d3f16430cb40d7af5d217190cc1653e260fbb9d6792,3562,pdf_57,9b6f57faac860a1339f68519b1b756d3ef34cc2ccd4962f5e15b78600e7c9112,data/raw/pdfs/57_สุพรรณบุรี.pdf,1,20,25.84252,328.54649,1088.8346429729727,341.84649
pdf_02:p2:r22,rec_e8b7085b996a25ece17ea7277815e9373d1c8e3e9fbf67974c23e8eea63ff95a,3563,pdf_02,368a15805d33fb210ed50297795f7f50bf822054e05b59bf71bfa25bee0f3a3c,data/raw/pdfs/02_สมุทรปราการ.pdf,2,22,25.84252,318.64256,1088.8346404878048,331.94255999999996
pdf_68:p2:r1,rec_6108b1cebd3be4f7be43372786c1e05b96f8de7796bc1773045535d9bdaa689d,3564,pdf_68,3a242476c7c0c82cd6f78455b9ca30a8d8e875f3ae38090ae0fd5fb12805c593,data/raw/pdfs/68_ระนอง.pdf,2,1,25.84252,39.34256000000005,1088.8346404878048,52.64256
pdf_54:p2:r37,rec_681b200d2c2e632f219c9c67c57e008ddf80ee7e87e3c55d00da606b157b891e,3565,pdf_54,884b1d2d94fff12fa64928c8a22df877265f50fbc00dfcb61f5a4636dd1c14c8,data/raw/pdfs/54_เพชรบูรณ์.pdf,2,37,25.84252,518.14256,1088.8346404878048,531.44256
pdf_35:p1:r28,rec_db65e3b0613b29ac1e529f4387529cd48feceb1f200b2b069b8fd6326df19aaf,3566,pdf_35,34e8cb69b8d0f03a2caba0ffc0eb6d4b5233159b13350c073968de56ab12b69f,data/raw/pdfs/35_สกลนคร.pdf,1,28,25.84252,434.94649,1088.8346429729727,448.24649
pdf_04:p4:r25,rec_dfc11e64efcf317c34fec7b7c6b3be90c34729531c1e64043d72129e6b20bddb,3567,pdf_04,83861a2a02db33dda27703227bb90cd50ba1b9144123e42912f926c1d1043c39,data/raw/pdfs/04_ปทุมธานี.pdf,4,25,25.84252,358.54256,1088.8346404878048,371.84256
pdf_03:p5:r15,rec_0aa0be6c63c5570ee0a79780f94ecfea0343c9a4a6431b019aa1ae044b75875f,3568,pdf_03,7dd9e7f51732791c63183067d85d18d20f856edf0c2dff89dbda84d866df2d62,data/raw/pdfs/03_นนทบุรี.pdf,5,15,25.84252,225.5426,1088.8346391666664,238.84259999999995
pdf_05:p1:r30,rec_0f1ff44e7b35f0f89f4e852ef9b0f130916fd1d0a2fe552d8dd91d4fbda1f998,3569,pdf_05,ae1ba5ac5ef768c29045f4282a9047c71474a8d654003bfa51574874b3f415fc,data/raw/pdfs/05_พระนครศรีอยุธยา.pdf,1,30,25.84252,461.54649,1088.8346429729727,474.84649
pdf_58:p2:r16,rec_eef7e5fe200f18ecb0544e4b4c31370252be7feb71feae1beebb36f1c4076431,3570,pdf_58,8ff0dc3c9fe92f1cc2721c37fe35cfcc653ad17ca531672dc94686e7776d35a5,data/raw/pdfs/58_นครปฐม.pdf,2,16,25.84252,238.84256,1088.8346404878048,252.14255999999995
pdf_66:p1:r26,rec_ed4d033b6272c3a1797c75352d8d37a4278aca2dfa72796fb1e3ef0e0aa4b540,3571,pdf_66,012255400d37e8c732ded7ebc3c018108c8f4aa391112b3f6d6515d21e797ab6,data/raw/pdfs/66_ภูเก็ต.pdf,1,26,25.84252,408.34649,1088.8346429729727,421.64649
pdf_16:p1:r34,rec_b864f42256afa91169165c2c3a13c89e7aa8f253289c91f6c7e04042df0a17c6,3572,pdf_16,7b893a3f02630b40240d0242410f662e3fe91d8d5ea2449991bba89e89a89ea4,data/raw/pdfs/16_ปราจีนบุรี.pdf,1,34,25.84252,514.74649,1088.8346429729727,528.04649
pdf_67:p4:r4,rec_1457d9679a44a6230aa382a375cc32851bca0a66df4e692a8be9104d96a7bb81,3573,pdf_67,b66fc9f9229750b7a04c0e5c07c072d77eb0800ed604da819fb28b6c4a75a636,data/raw/pdfs/67_สุราษฎร์ธานี.pdf,4,4,25.84252,79.24255999999997,1088.8346404878048,92.54255999999998
pdf_67:p3:r15,rec_6b5bcff15739a243da80a51939958cb42264bf065633bf55f9248738fffda159,3574,pdf_67,b66fc9f9229750b7a04c0e5c07c072d77eb0800ed604da819fb28b6c4a75a636,data/raw/pdfs/67_สุราษฎร์ธานี.pdf,3,15,25.84252,225.54255999999995,1088.8346404878048,238.84256
pdf_71:p1:r6,rec_842d389570d640c11550cad153eb210517aa54e95ac30f0c2907305ec7c87452,3575,pdf_71,639082545e4a719e41bac9fcbfd55a943a269cfdf276e85b2e44844d06d2a73a,data/raw/pdfs/71_สตูล.pdf,1,6,25.84252,142.3465,1088.8346395999997,155.6465
pdf_67:p2:r34,rec_9e71a8d0044b334ff01aeb96f50e1ff57117985a96492cecd5e1b4da2d10732b,3576,pdf_67,b66fc9f9229750b7a04c0e5c07c072d77eb0800ed604da819fb28b6c4a75a636,data/raw/pdfs/67_สุราษฎร์ธานี.pdf,2,34,25.84252,478.24256,1088.8346404878048,491.54256
pdf_19:p1:r3,rec_f93b60da5923b383a074ff42d9e9df844bfab18fbb5c3e676ecebe4bc69898c1,3577,pdf_19,2fbc685c790d957bd597a9ae4cbc69a07dacbb20cab611015cf1ce2eecd5982c,data/raw/pdfs/19_นครราชสีมา.pdf,1,3,25.84252,110.94649000000004,1088.8346429729727,124.24649
pdf_53:p2:r25,rec_1cae56e3c7710d8094625737e372f1ed3a81ab07810cfd7b8b799c14076feb16,3578,pdf_53,41aaaf3a91961ab9b2dee694f50d9a086d1ad80beffe1b54e81370016a11cb14,data/raw/pdfs/53_พิจิตร.pdf,2,25,25.84252,358.5426,1088.834638181818,371.84259999999995
pdf_56:p1:r18,rec_3d121b8286038423046706623e1a83849612caf861d3d850f1af928e7c31931b,3579,pdf_56,f0ce416ab9d3f527c2052960422068d0564c2b8833f2a75d05cab7aa8280b0d5,data/raw/pdfs/56_กาญจนบุรี.pdf,1,18,25.84252,301.94649,1088.8346429729727,315.24649
pdf_11:p3:r7,rec_5b9431b1e4afddcc7902f6ffd06d0faf6bdc620a06ba6b4895cf583357f94649,3580,pdf_11,3638acfefe295becff8609b6ee16edeea0914e518d215754813661f1c0a3f79b,data/raw/pdfs/11_ชลบุรี.pdf,3,7,25.842519999999997,119.14260000000002,1088.8346175,132.44259999999997
pdf_04:p4:r7,rec_c164dcbdddb62887bc615521aec225a76e6a0420067dfb96a254feae12c3af93,3581,pdf_04,83861a2a02db33dda27703227bb90cd50ba1b9144123e42912f926c1d1043c39,data/raw/pdfs/04_ปทุมธานี.pdf,4,7,25.84252,119.14255999999996,1088.8346404878048,132.44255999999996
pdf_70:p1:r24,rec_6818ff96e23d1aa5eb6bf77fda5cd6c06820159164d940466de7fe7e5344a3a8,3582,pdf_70,dd0c8cec48b7f0994639864765a097630785c0e22135d674cb3057f22c0f80ab,data/raw/pdfs/70_สงขลา.pdf,1,24,25.84252,381.74649,1088.8346429729727,395.04649
pdf_15:p2:r1,rec_443b92efbc604e052b42f65fd895696f079564f910498b7ba2a1044d3d35d592,3583,pdf_15,bf99cdf12418fcdc90b3c1c739fd4e7e09ca40818852ca43bcd1c3284b3cf084,data/raw/pdfs/15_ฉะเชิงเทรา.pdf,2,1,25.84252,39.34256000000005,1088.8346404878048,52.64256
pdf_54:p1:r5,rec_37bc3a431638fb62687f77eb9cac7fdb994ffc2e772e0b0182f18c72437ae529,3584,pdf_54,884b1d2d94fff12fa64928c8a22df877265f50fbc00dfcb61f5a4636dd1c14c8,data/raw/pdfs/54_เพชรบูรณ์.pdf,1,5,25.84252,137.54648999999995,1088.8346429729727,150.84649000000002
pdf_16:p1:r2,rec_171448f5f9dc80fcf8f8c3213c4562d9855fd8be2d2372f09e6d2ca44436457d,3585,pdf_16,7b893a3f02630b40240d0242410f662e3fe91d8d5ea2449991bba89e89a89ea4,data/raw/pdfs/16_ปราจีนบุรี.pdf,1,2,25.84252,89.14648999999997,1088.8346429729727,102.44649000000004
pdf_38:p1:r28,rec_997a0e6a9ecf557e4ed9d9ab3cc3ef8f320b3a9a45e6dc105c10b51b1f163055,3586,pdf_38,462a1c486a501887e4446ef7e812041c7d158ab4442235b85572d4a89fd7f492,data/raw/pdfs/38_เชียงใหม่.pdf,1,28,25.84252,434.94649,1088.8346429729727,448.24649
pdf_05:p3:r11,rec_643b5a216d90857d66da3ec0d2dd5d1c7fddd630ef7a00b9b70acf4f48b51946,3587,pdf_05,ae1ba5ac5ef768c29045f4282a9047c71474a8d654003bfa51574874b3f415fc,data/raw/pdfs/05_พระนครศรีอยุธยา.pdf,3,11,25.84252,172.34259999999998,1088.8346388571426,185.64259999999996
pdf_29:p2:r6,rec_1a250295689e19e145dabd3d57c71d12ea0819ef677cee2eac446c7dc84b0f81,3588,pdf_29,a1a30635ac132e2e87cc5b8c3c2c6e737453ecabe176861ce1a21609a26f3a1a,data/raw/pdfs/29_อุดรธานี.pdf,2,6,25.84252,105.84259999999995,1088.8346365517239,119.14260000000002
pdf_38:p1:r26,rec_16023ba05d6c3820099b7ffdde46f2c23fd90c5022c559f50620ff0c1527c75c,3589,pdf_38,462a1c486a501887e4446ef7e812041c7d158ab4442235b85572d4a89fd7f492,data/raw/pdfs/38_เชียงใหม่.pdf,1,26,25.84252,408.34649,1088.8346429729727,421.64649
pdf_58:p2:r31,rec_7a4f80b3e5dac5662231ed81d255871fa6de3b74e574986b4bc200796dbf0059,3590,pdf_58,8ff0dc3c9fe92f1cc2721c37fe35cfcc653ad17ca531672dc94686e7776d35a5,data/raw/pdfs/58_นครปฐม.pdf,2,31,25.84252,438.34255999999993,1088.8346404878048,451.64256000000006
pdf_67:p2:r10,rec_4967ddbe36f0c8de859dae112c419b945c68b9601953ba14d92d0ac328cad4d8,3591,pdf_67,b66fc9f9229750b7a04c0e5c07c072d77eb0800ed604da819fb28b6c4a75a636,data/raw/pdfs/67_สุราษฎร์ธานี.pdf,2,10,25.84252,159.04255999999998,1088.8346404878048,172.34256
pdf_63:p1:r14,rec_3ae4873d94f6b43ccfbdc2f41b6b11a47ec57d16ce65b94c906fe3c4b6f9486a,3592,pdf_63,b04433cfbe561d1199180db3f5210359427f668e1f7b072f31972e2749ce63ae,data/raw/pdfs/63_นครศรีธรรมราช.pdf,1,14,25.84252,248.74649,1088.8346429729727,262.04648999999995
pdf_04:p4:r16,rec_f11c3ec04399c00da5dcf437390eca4ca74d6a4498cd83632f13852c8229e15f,3593,pdf_04,83861a2a02db33dda27703227bb90cd50ba1b9144123e42912f926c1d1043c39,data/raw/pdfs/04_ปทุมธานี.pdf,4,16,25.84252,238.84256,1088.8346404878048,252.14255999999995
pdf_73:p2:r37,rec_7f96e903c2bda52b2d3e5a1eb63c9ea131c6798e1838a72b31d697197cec234f,3594,pdf_73,8a9a8b1fb9d81eb7f2d76afa1f886621ea38587fc4c60902bc317398649ff90e,data/raw/pdfs/73_พัทลุง.pdf,2,37,25.84252,518.14256,1088.8346404878048,531.44256
pdf_36:p1:r17,rec_66bd8fb048805cc067a184396f840be583c9735234d2a5cca0c0b5d121e19153,3595,pdf_36,e5624d419ac85611ac4b3fe0a27d6bfa73a7b474d5b0ee2a6b1a7b64f4783d70,data/raw/pdfs/36_นครพนม.pdf,1,17,25.84252,288.64649,1088.8346429729727,301.94649
pdf_67:p1:r29,rec_de6923f33f5f9d6f6aba7738a63f8031c62569a932368249274378bf29fcf79e,3596,pdf_67,b66fc9f9229750b7a04c0e5c07c072d77eb0800ed604da819fb28b6c4a75a636,data/raw/pdfs/67_สุราษฎร์ธานี.pdf,1,29,25.84252,448.24649,1088.8346429729727,461.54649
pdf_04:p2:r22,rec_eff3d4ff3ba605684bc11667f441956bfaadbbe78d20d304a0946970ffe0775c,3597,pdf_04,83861a2a02db33dda27703227bb90cd50ba1b9144123e42912f926c1d1043c39,data/raw/pdfs/04_ปทุมธานี.pdf,2,22,25.84252,318.64256,1088.8346404878048,331.94255999999996
pdf_51:p1:r17,rec_b9a6b8c8d62a083227aaf37f1521c859836360d62ccd08e4c59bb592a5e12c4b,3598,pdf_51,380327daf06efde704e25ac9a209c4688b14087a4bcd57b35db44471d39e5199,data/raw/pdfs/51_สุโขทัย.pdf,1,17,25.84252,297.14649,1088.834642352941,310.44649
pdf_74:p2:r8,rec_d282e647d68bfe0155666107f43215f6106bb86db70963fa13283c8b2b08e8d3,3599,pdf_74,a740362f586a24f46fcc09fc1a1bc6391556e4c9bc432141903734f7833f39db,data/raw/pdfs/74_ปัตตานี.pdf,2,8,25.84252,132.44255999999996,1088.8346404878048,145.74255999999997
pdf_75:p1:r9,rec_279ca17f61f11a6e6d816a2dd1d729044ea6971b01181a65140a00bf1183a60b,3600,pdf_75,ffef7f4f9a7953e62785b17dc6cfa1d3fa15bda9cb7369abaaa41e24f24f5ae4,data/raw/pdfs/75_ยะลา.pdf,1,9,25.84252,182.24649,1088.834642352941,195.54649
pdf_73:p1:r9,rec_103ebaff96ed23712862d191aecf0fa0d27b094534bb0b05a8379a13b3e924af,3601,pdf_73,8a9a8b1fb9d81eb7f2d76afa1f886621ea38587fc4c60902bc317398649ff90e,data/raw/pdfs/73_พัทลุง.pdf,1,9,25.84252,190.74649,1088.8346429729727,204.04648999999995
pdf_66:p3:r32,rec_c02ee490fb0d8636ca6bb980adf2b29afd73d57d42fa1b18447f3adde0bfbf31,3602,pdf_66,012255400d37e8c732ded7ebc3c018108c8f4aa391112b3f6d6515d21e797ab6,data/raw/pdfs/66_ภูเก็ต.pdf,3,32,25.84252,451.64256000000006,1088.8346397368418,464.94255999999996
pdf_20:p1:r5,rec_dab2108ef5b6449cd810b147d1b886a7edf0d7c8c468eddbbbf58061dedb6dbf,3603,pdf_20,ae2a7c5842b204a3f43b72f11f0cc869b9b435d34c9fd7a66feb13673b14c006,data/raw/pdfs/20_บุรีรัมย์.pdf,1,5,25.84252,129.04649999999998,1088.8346326666665,142.3465
pdf_29:p1:r10,rec_e6617cbe5f3da19cf099cb330e278ce045f8a556c12bb5cc0993a3ed9ebf2054,3604,pdf_29,a1a30635ac132e2e87cc5b8c3c2c6e737453ecabe176861ce1a21609a26f3a1a,data/raw/pdfs/29_อุดรธานี.pdf,1,10,25.84252,195.54648999999995,1088.8346429729727,208.84649
pdf_57:p3:r27,rec_7e16accb3250df488586b061ab40d15500708c5733bd24687e4caa4780f52bd6,3605,pdf_57,9b6f57faac860a1339f68519b1b756d3ef34cc2ccd4962f5e15b78600e7c9112,data/raw/pdfs/57_สุพรรณบุรี.pdf,3,27,25.84252,385.14256,1088.8346404878048,398.44255999999996
pdf_72:p1:r18,rec_6e1be9d7f7aa429a8d79f5a4fba82e2439fc90f02ca55644a938ee4a54ac9da1,3606,pdf_72,04f947c56ddf01a73b376cdbb3099e393f9141fff3fec2504b9e031114606073,data/raw/pdfs/72_ตรัง.pdf,1,18,25.84252,301.94649,1088.8346429729727,315.24649
pdf_21:p1:r8,rec_ca1f354470f8967109c61fab463f057d80042cd39da9889c4114ffaf3833fc18,3607,pdf_21,30de42d8df83af320948c083353a9109256e5f6ce057c8d941902c86bbb645dd,data/raw/pdfs/21_สุรินทร์.pdf,1,8,25.84252,168.94649999999996,1088.8346369999997,182.24649999999997
pdf_36:p2:r15,rec_77d3d276c1c185578fa0156ad901d8faf345e8e63ce055f764103d2a7510f99f,3608,pdf_36,e5624d419ac85611ac4b3fe0a27d6bfa73a7b474d5b0ee2a6b1a7b64f4783d70,data/raw/pdfs/36_นครพนม.pdf,2,15,25.84252,225.5426,1088.8346294736841,238.8426
pdf_66:p3:r33,rec_7c886b06bc70c418f0703651c80141fc76eaea2022f19ab3c943a3a0f00f9ebd,3609,pdf_66,012255400d37e8c732ded7ebc3c018108c8f4aa391112b3f6d6515d21e797ab6,data/raw/pdfs/66_ภูเก็ต.pdf,3,33,25.84252,464.94255999999996,1088.8346397368418,478.24256
pdf_28:p2:r3,rec_90a6d00e86f38298464ddb5047d446f147d39cb72952b65d290974d231db1599,3610,pdf_28,38e1a8d128ab928dd0bef117c9dbaa8191aea027adc2dae9137f68937f31d040,data/raw/pdfs/28_ขอนแก่น.pdf,2,3,25.84252,65.94259999999997,1088.8346199999999,79.24260000000001
pdf_10:p2:r4,rec_3712cf1abdf6f23aa2b708011fedca98477bc26bd3d4824cf413460c06d0975f,3611,pdf_10,5e0a433bc2cc307479a32d344bf5b0b4f006af0a3d0ccc1493fb587c885896c1,data/raw/pdfs/10_สระบุรี.pdf,2,4,25.84252,79.24255999999997,1088.8346404878048,92.54255999999998
pdf_38:p1:r13,rec_7a074d2646f53c07fc6cc5a06f91a3535f315425b08fc4d77e3dd4931a2bc153,3612,pdf_38,462a1c486a501887e4446ef7e812041c7d158ab4442235b85572d4a89fd7f492,data/raw/pdfs/38_เชียงใหม่.pdf,1,13,25.84252,235.44649000000004,1088.8346429729727,248.74649
pdf_74:p3:r2,rec_b1048df4552600acecbbbc40ecfabc52c89cd1c21a68f4c344ed93d592ca611e,3613,pdf_74,a740362f586a24f46fcc09fc1a1bc6391556e4c9bc432141903734f7833f39db,data/raw/pdfs/74_ปัตตานี.pdf,3,2,25.84252,52.642600000000016,1088.834628333333,65.94260000000001
pdf_11:p1:r14,rec_afc0148269c3f5de86adc997414f7cc69cdc4be730fca30b1c63473ad9b1bbc3,3614,pdf_11,3638acfefe295becff8609b6ee16edeea0914e518d215754813661f1c0a3f79b,data/raw/pdfs/11_ชลบุรี.pdf,1,14,25.84252,248.74649,1088.8346429729727,262.04648999999995
pdf_03:p4:r35,rec_60bbdd16152ea2d5e1bcf137f3ee08fa6c25063b43b62bca2b8c98f994355cff,3615,pdf_03,7dd9e7f51732791c63183067d85d18d20f856edf0c2dff89dbda84d866df2d62,data/raw/pdfs/03_นนทบุรี.pdf,4,35,25.84252,491.54256,1088.8346404878048,504.84255999999993
pdf_03:p1:r33,rec_c3b53c0ace183b1d936271341fa56f30a7c525a83d416d461b8e18a9b3024e2d,3616,pdf_03,7dd9e7f51732791c63183067d85d18d20f856edf0c2dff89dbda84d866df2d62,data/raw/pdfs/03_นนทบุรี.pdf,1,33,25.84252,501.44649,1088.8346429729727,514.74649
pdf_31:p1:r30,rec_2801cbcc70d7bdb14697a46002aa9b424f5b6738c3f26924e42112f32d6563c5,3617,pdf_31,f1a10c3940792a9b882ab08acb2b2394c5009faa4f9334ce940cf44438cf5d54,data/raw/pdfs/31_หนองคาย.pdf,1,30,25.84252,461.5464899999999,1088.834642352941,474.84649
pdf_67:p6:r36,rec_70dc952864b53f0feb08e458e8b7b0d438e71a4fefb5635af982ef0363a4da45,3618,pdf_67,b66fc9f9229750b7a04c0e5c07c072d77eb0800ed604da819fb28b6c4a75a636,data/raw/pdfs/67_สุราษฎร์ธานี.pdf,6,36,25.84252,504.84255999999993,1088.8346404878048,518.14256
pdf_02:p3:r22,rec_d998041fd5de693903140d92fe698441473070cb1f783d5eb9b8d8e86e9e79b7,3619,pdf_02,368a15805d33fb210ed50297795f7f50bf822054e05b59bf71bfa25bee0f3a3c,data/raw/pdfs/02_สมุทรปราการ.pdf,3,22,25.84252,318.6426,1088.8346343999997,331.94259999999997
pdf_54:p1:r24,rec_3185265f1a9b824d9b9d047f8c0733956c6c73fe9c48f2cf8e7c52d0ab4678b7,3620,pdf_54,884b1d2d94fff12fa64928c8a22df877265f50fbc00dfcb61f5a4636dd1c14c8,data/raw/pdfs/54_เพชรบูรณ์.pdf,1,24,25.84252,390.24649,1088.8346429729727,403.54649
pdf_54:p1:r25,rec_3185265f1a9b824d9b9d047f8c0733956c6c73fe9c48f2cf8e7c52d0ab4678b7,3621,pdf_54,884b1d2d94fff12fa64928c8a22df877265f50fbc00dfcb61f5a4636dd1c14c8,data/raw/pdfs/54_เพชรบูรณ์.pdf,1,25,25.84252,403.54649,1088.8346429729727,416.84649
pdf_04:p4:r32,rec_e6dd50ae63cc0a8f1009b2860718e4b3c2dccfa1e3d5e10e27acbc397d95bc88,3622,pdf_04,83861a2a02db33dda27703227bb90cd50ba1b9144123e42912f926c1d1043c39,data/raw/pdfs/04_ปทุมธานี.pdf,4,32,25.84252,451.64256000000006,1088.8346404878048,464.94255999999996
pdf_19:p4:r32,rec_23dc529d66700deece285536e09276b4c7275ba7d506393eca71b57937e693fa,3623,pdf_19,2fbc685c790d957bd597a9ae4cbc69a07dacbb20cab611015cf1ce2eecd5982c,data/raw/pdfs/19_นครราชสีมา.pdf,4,32,25.84252,451.64256000000006,1088.8346404878048,464.94255999999996
pdf_67:p3:r34,rec_1f5be1458578876d016dbaf1b8bfead381ef2eb87cd4a7b39548b800bc195089,3624,pdf_67,b66fc9f9229750b7a04c0e5c07c072d77eb0800ed604da819fb28b6c4a75a636,data/raw/pdfs/67_สุราษฎร์ธานี.pdf,3,34,25.84252,478.24256,1088.8346404878048,491.54256
pdf_19:p1:r20,rec_93bfde35ee4e8cfbdbd64d3ce56108cd79f3178ecbd7e7d47a952cceb9467053,3625,pdf_19,2fbc685c790d957bd597a9ae4cbc69a07dacbb20cab611015cf1ce2eecd5982c,data/raw/pdfs/19_นครราชสีมา.pdf,1,20,25.84252,337.04649,1088.8346429729727,350.34649
pdf_59:p1:r3,rec_e621a7debbf7035ce12745b20e7673f35c6ceeed20e1450d472d79aa3485a063,3626,pdf_59,0c5827ab1fffa2ec0689a95405ee8640473ea428f18b199f44d2f71d4f366ad8,data/raw/pdfs/59_สมุทรสาคร.pdf,1,3,25.84252,102.44649000000004,1088.8346429729727,115.74649
pdf_58:p3:r14,rec_9aab3ea77bea2c983ea457c3367b4c4a4838c223990c449dd1d447c01116f8bd,3627,pdf_58,8ff0dc3c9fe92f1cc2721c37fe35cfcc653ad17ca531672dc94686e7776d35a5,data/raw/pdfs/58_นครปฐม.pdf,3,14,25.84252,212.24259999999998,1088.8346304999998,225.5426
pdf_35:p1:r23,rec_959fb829d3a75eeafa0c021f0270561361d8dd47879cd4c41b9e1a5a33bc53bc,3628,pdf_35,34e8cb69b8d0f03a2caba0ffc0eb6d4b5233159b13350c073968de56ab12b69f,data/raw/pdfs/35_สกลนคร.pdf,1,23,25.84252,368.44649,1088.8346429729727,381.74649
pdf_58:p2:r10,rec_1d44d78b8964a3069b85751467b7f6e5af6ce86cfbffdeade36f28cd83908dec,3629,pdf_58,8ff0dc3c9fe92f1cc2721c37fe35cfcc653ad17ca531672dc94686e7776d35a5,data/raw/pdfs/58_นครปฐม.pdf,2,10,25.84252,159.04255999999998,1088.8346404878048,172.34256
pdf_68:p2:r5,rec_f8d5ecc6a92952e15b80afd188e2ca87a486bcd4b05b5a355f231362aff5042d,3630,pdf_68,3a242476c7c0c82cd6f78455b9ca30a8d8e875f3ae38090ae0fd5fb12805c593,data/raw/pdfs/68_ระนอง.pdf,2,5,25.84252,92.54255999999998,1088.8346404878048,105.84256
pdf_03:p1:r5,rec_f4dd63af9cc0ade0ddc91dde567b34f13c303fc37225a3438134c37e4afb4a4d,3631,pdf_03,7dd9e7f51732791c63183067d85d18d20f856edf0c2dff89dbda84d866df2d62,data/raw/pdfs/03_นนทบุรี.pdf,1,5,25.84252,129.04648999999995,1088.8346429729727,142.34649000000002
pdf_09:p1:r10,rec_4ef2f9dee9a11e6243780a385546ea0eddddce50354ee7fe48ded3aff4584a16,3632,pdf_09,1912b318a38a3716d462ae8461062b50db721b56bb5dcac725c184bafd97be54,data/raw/pdfs/09_ชัยนาท.pdf,1,10,25.84252,195.54650000000004,1088.8346395999997,208.84650000000002
pdf_03:p2:r24,rec_a0fdc466d905bd31ab83eca5c9982dd791c9d0353b59adddfaf3c90804f88f01,3633,pdf_03,7dd9e7f51732791c63183067d85d18d20f856edf0c2dff89dbda84d866df2d62,data/raw/pdfs/03_นนทบุรี.pdf,2,24,25.84252,345.24256,1088.8346404878048,358.54256
pdf_74:p2:r23,rec_b7a5f03c4eef425ea2b7bf23baaaa34025985568e32603330bdb1c67dbcc488c,3634,pdf_74,a740362f586a24f46fcc09fc1a1bc6391556e4c9bc432141903734f7833f39db,data/raw/pdfs/74_ปัตตานี.pdf,2,23,25.84252,331.94255999999996,1088.8346404878048,345.24256
pdf_16:p1:r25,rec_ae763d0a647cab05ca6f177f639c17bd186df1c2631746c4c50b2106e0712fbe,3635,pdf_16,7b893a3f02630b40240d0242410f662e3fe91d8d5ea2449991bba89e89a89ea4,data/raw/pdfs/16_ปราจีนบุรี.pdf,1,25,25.84252,395.04649,1088.8346429729727,408.34649
pdf_54:p2:r21,rec_011a3c8086311f8861f38b471c6dc52ef4c3640ef5be86698a3cf08c2839ef07,3636,pdf_54,884b1d2d94fff12fa64928c8a22df877265f50fbc00dfcb61f5a4636dd1c14c8,data/raw/pdfs/54_เพชรบูรณ์.pdf,2,21,25.84252,305.34256,1088.8346404878048,318.64256
pdf_72:p1:r5,rec_ced6bb71223066b08b201f0ac0393d469a31682e3737cc8d63de9443110eab9a,3637,pdf_72,04f947c56ddf01a73b376cdbb3099e393f9141fff3fec2504b9e031114606073,data/raw/pdfs/72_ตรัง.pdf,1,5,25.84252,129.04648999999995,1088.8346429729727,142.34649000000002
pdf_15:p2:r20,rec_060ab4fed257636a767e5872529167f28993dd396d77757058d5259ee21674e2,3638,pdf_15,bf99cdf12418fcdc90b3c1c739fd4e7e09ca40818852ca43bcd1c3284b3cf084,data/raw/pdfs/15_ฉะเชิงเทรา.pdf,2,20,25.84252,292.04256,1088.8346404878048,305.34256
pdf_49:p1:r21,rec_9de609bd5f31d132a657a7dfc04a0f3f5944e464de8771f31a4e65fd5a400a6b,3639,pdf_49,6ada8eb27a34993420ed8c6db69aa4ae13ff4283abdb43b9d76a05d6794f6a27,data/raw/pdfs/49_กำแพงเพชร.pdf,1,21,25.84252,341.84649,1088.8346429729727,355.14649
pdf_42:p1:r3,rec_8a4beb2bf0e864013aae79f6eee92d8f4c764497071e448cac201f2234ba252c,3640,pdf_42,16f91667607b5c5a42e3cff7ad822babaad330c616362a662a0b4828b7b23b93,data/raw/pdfs/42_แพร่.pdf,1,3,25.842519999999997,102.44649999999997,1088.8346066666666,115.74649999999997
pdf_40:p1:r24,rec_974379a7c188d808af9293a25f723479e1b88e1c8df68b9c18a542856976e485,3641,pdf_40,89bea4e9a200e8f073d048a2ed2a881a1e01108b8c12f1e050317b845aac6b1d,data/raw/pdfs/40_ลำปาง.pdf,1,24,25.84252,381.74649,1088.8346429729727,395.04649
pdf_09:p1:r19,rec_3691bbc1e78dda278f8058cca63a05b86b0b03c2f1b3c09d2824e31113a12cce,3642,pdf_09,1912b318a38a3716d462ae8461062b50db721b56bb5dcac725c184bafd97be54,data/raw/pdfs/09_ชัยนาท.pdf,1,19,25.84252,315.24649999999997,1088.8346395999997,328.5465
pdf_08:p1:r10,rec_2088830902b99d9fe4afdc75b61e296572ded3897269aba0b25120e78515be22,3643,pdf_08,1fd4933c38e10cf826fbe5ecfe74a2eb8305671e2bb949afd059fb72b251fdad,data/raw/pdfs/08_สิงห์บุรี.pdf,1,10,25.84252,195.54649999999998,1088.8346399999998,208.84650000000002
pdf_53:p1:r12,rec_0b849ec5878876b9cd07d23a7f7389a8b982844e6f24c35a277fab73831a5e9a,3644,pdf_53,41aaaf3a91961ab9b2dee694f50d9a086d1ad80beffe1b54e81370016a11cb14,data/raw/pdfs/53_พิจิตร.pdf,1,12,25.84252,230.64649,1088.8346429729727,243.94649000000004
pdf_56:p1:r21,rec_ae4820a7d55b84fa0edb5387b0d42cf5f64c635e35566fcc150afce255a2cee8,3645,pdf_56,f0ce416ab9d3f527c2052960422068d0564c2b8833f2a75d05cab7aa8280b0d5,data/raw/pdfs/56_กาญจนบุรี.pdf,1,21,25.84252,341.84649,1088.8346429729727,355.14649
pdf_05:p3:r2,rec_d0764cfd8c17b6808eaa3172db893f4fcb662c4262890c6217ba1a4f48d879ac,3646,pdf_05,ae1ba5ac5ef768c29045f4282a9047c71474a8d654003bfa51574874b3f415fc,data/raw/pdfs/05_พระนครศรีอยุธยา.pdf,3,2,25.84252,52.642600000000016,1088.8346388571426,65.94259999999997
pdf_73:p1:r14,rec_c8c3b13e39a4de6b28d6c3b741b61af74207faca1c43ecec3bd6d3839818fa93,3647,pdf_73,8a9a8b1fb9d81eb7f2d76afa1f886621ea38587fc4c60902bc317398649ff90e,data/raw/pdfs/73_พัทลุง.pdf,1,14,25.84252,257.24649,1088.8346429729727,270.54648999999995
pdf_32:p1:r23,rec_ffdd3c7cef1d54e619c78b3661301e408b9becb791aa015bc7f389129be286d9,3648,pdf_32,b00581f42f40b25ff4c6be7ad8e530fc1306844ad3bb673079384b891a4190e5,data/raw/pdfs/32_มหาสารคาม.pdf,1,23,25.84252,368.4465,1088.8346399999998,381.74649999999997
pdf_04:p5:r3,rec_e9ce86a65dbb6121aaa5e83ba3307614cb1c2adbf7584138d32c6f0e78029b85,3649,pdf_04,83861a2a02db33dda27703227bb90cd50ba1b9144123e42912f926c1d1043c39,data/raw/pdfs/04_ปทุมธานี.pdf,5,3,25.84252,65.94259999999997,1088.8346388571426,79.24259999999998
pdf_31:p1:r9,rec_d13d766fb2692c487efa16c8b8dc47210f2b88688bce842f10c72be80abf1ea3,3650,pdf_31,f1a10c3940792a9b882ab08acb2b2394c5009faa4f9334ce940cf44438cf5d54,data/raw/pdfs/31_หนองคาย.pdf,1,9,25.84252,182.24649,1088.834642352941,195.54649
pdf_21:p1:r12,rec_2205537ac666fb8c2c71313accb16b8877aa66e05f57de9e86f9638f0e1459b7,3651,pdf_21,30de42d8df83af320948c083353a9109256e5f6ce057c8d941902c86bbb645dd,data/raw/pdfs/21_สุรินทร์.pdf,1,12,25.84252,222.14649999999992,1088.8346369999997,235.44649999999996
pdf_73:p1:r7,rec_902c56b4ef89f66a4f916725b997b511add0bb251bce6968c12d0b9e7ce7b606,3652,pdf_73,8a9a8b1fb9d81eb7f2d76afa1f886621ea38587fc4c60902bc317398649ff90e,data/raw/pdfs/73_พัทลุง.pdf,1,7,25.84252,164.14648999999997,1088.8346429729727,177.44649000000004
pdf_02:p2:r21,rec_f7611137ea0bef496a93213e272aeafafaa8b26c16c88c12b258424c01d41e1e,3653,pdf_02,368a15805d33fb210ed50297795f7f50bf822054e05b59bf71bfa25bee0f3a3c,data/raw/pdfs/02_สมุทรปราการ.pdf,2,21,25.84252,305.34256,1088.8346404878048,318.64256
pdf_19:p1:r4,rec_5bedfb25f6cf9a69f13b7784b169730d4610524092a169aa1bd460c48d4a5968,3654,pdf_19,2fbc685c790d957bd597a9ae4cbc69a07dacbb20cab611015cf1ce2eecd5982c,data/raw/pdfs/19_นครราชสีมา.pdf,1,4,25.84252,124.24649,1088.8346429729727,137.54648999999995
pdf_50:p1:r28,rec_ba8a67b25a584a7d1d60fb57a878002d375e4489315a122693d919333ac02804,3655,pdf_50,8b7fe8a59c2c1fa488d7462868687d8f934217d7df929384117ef1e19dae37ab,data/raw/pdfs/50_ตาก.pdf,1,28,25.84252,434.94649,1088.8346429729727,448.24649
pdf_10:p1:r13,rec_cba3d9f9cb537740c5803e5e3e03c4aaed8f586c1718d6ae4ee43322246fa0ed,3656,pdf_10,5e0a433bc2cc307479a32d344bf5b0b4f006af0a3d0ccc1493fb587c885896c1,data/raw/pdfs/10_สระบุรี.pdf,1,13,25.84252,235.44649000000004,1088.8346429729727,248.74649
pdf_64:p1:r3,rec_33282d0ee6fb68742c86a2decee13ebc13198b0c30543702071b7478db9c2251,3657,pdf_64,a4e4abc03757d1e14ce1bfb2e426567faeea8fce3152123821e712496872240e,data/raw/pdfs/64_กระบี่.pdf,1,3,25.84252,102.44649000000004,1088.8346429729727,115.74649
pdf_23:p3:r24,rec_937577a4ee3a7d28175e055600d39f0c4e48d7bffe0622a2dc5d6013df07f691,3658,pdf_23,771338278a591f8b5dfd252a64922234ef0d7071b6e6cd32beb2341668023e47,data/raw/pdfs/23_อุบลราชธานี.pdf,3,24,25.84252,345.2426,1088.8346388571426,358.5426
pdf_04:p1:r25,rec_c31a1422531ad37a32271b9b38b001ec32cb29966927ae8116c52c6db2e97518,3659,pdf_04,83861a2a02db33dda27703227bb90cd50ba1b9144123e42912f926c1d1043c39,data/raw/pdfs/04_ปทุมธานี.pdf,1,25,25.84252,395.04649,1088.8346429729727,408.34649
pdf_23:p2:r6,rec_3ad83a5d1666a6bdb1243dd0b93fe6ab86f39f2b84001ca4285f77ca10e88a10,3660,pdf_23,771338278a591f8b5dfd252a64922234ef0d7071b6e6cd32beb2341668023e47,data/raw/pdfs/23_อุบลราชธานี.pdf,2,6,25.84252,105.84256,1088.8346404878048,119.14255999999996
pdf_04:p3:r38,rec_307a3cde13b184994ebfb577ae093214662b3f9f87e893234518633830b32e8e,3661,pdf_04,83861a2a02db33dda27703227bb90cd50ba1b9144123e42912f926c1d1043c39,data/raw/pdfs/04_ปทุมธานี.pdf,3,38,25.84252,531.44256,1088.8346404878048,544.74256
pdf_29:p1:r16,rec_70116b0fe6db68a42cc1b3fd8a490bdb96680e921cde9831bae28060b33ecbd9,3662,pdf_29,a1a30635ac132e2e87cc5b8c3c2c6e737453ecabe176861ce1a21609a26f3a1a,data/raw/pdfs/29_อุดรธานี.pdf,1,16,25.84252,275.34649,1088.8346429729727,288.64649
pdf_73:p2:r3,rec_31f1a58d306b5fe8d479d3804eac3a5f0975041d12a7f3fa9b5bb90796dc2ed3,3663,pdf_73,8a9a8b1fb9d81eb7f2d76afa1f886621ea38587fc4c60902bc317398649ff90e,data/raw/pdfs/73_พัทลุง.pdf,2,3,25.84252,65.94255999999996,1088.8346404878048,79.24255999999997
pdf_29:p1:r11,rec_66c1136177e2855b52d0a5120ecb5e678aa26de1fe5931d5ae5bad3c0ebb55d3,3664,pdf_29,a1a30635ac132e2e87cc5b8c3c2c6e737453ecabe176861ce1a21609a26f3a1a,data/raw/pdfs/29_อุดรธานี.pdf,1,11,25.84252,208.84649,1088.8346429729727,222.14649
pdf_03:p1:r10,rec_7b3760868b49f8f9eb5dbe0b57b1928db20460cd73947ad3502b4cad831dd1d7,3665,pdf_03,7dd9e7f51732791c63183067d85d18d20f856edf0c2dff89dbda84d866df2d62,data/raw/pdfs/03_นนทบุรี.pdf,1,10,25.84252,195.54648999999995,1088.8346429729727,208.84649
pdf_19:p3:r8,rec_765c48148f99d452755603a55d02c165a7e76b9114b9c54e7cb78b1987df6820,3666,pdf_19,2fbc685c790d957bd597a9ae4cbc69a07dacbb20cab611015cf1ce2eecd5982c,data/raw/pdfs/19_นครราชสีมา.pdf,3,8,25.84252,132.44255999999996,1088.8346404878048,145.74255999999997
pdf_05:p1:r4,rec_904d1cd251ea701d9de2435bf97415048c174d4ffb5079e40260f9e08436514d,3667,pdf_05,ae1ba5ac5ef768c29045f4282a9047c71474a8d654003bfa51574874b3f415fc,data/raw/pdfs/05_พระนครศรีอยุธยา.pdf,1,4,25.84252,115.74649,1088.8346429729727,129.04648999999995
pdf_55:p1:r18,rec_22a1fdc8a197f88c9f588eefb6309417e652917a08d06836f3b6cefd55222b4a,3668,pdf_55,fe2373eb0d81516b45b09f5bb593a35bc32f505875cafd93f214ca6bc310c4d4,data/raw/pdfs/55_ราชบุรี.pdf,1,18,25.84252,301.94649,1088.8346429729727,315.24649
pdf_67:p4:r30,rec_0a2c0aa5b410b4f51b23ac4d95865d326ffeebba143be7cff977e38a5a30af22,3669,pdf_67,b66fc9f9229750b7a04c0e5c07c072d77eb0800ed604da819fb28b6c4a75a636,data/raw/pdfs/67_สุราษฎร์ธานี.pdf,4,30,25.84252,425.04256,1088.8346404878048,438.34255999999993
pdf_42:p1:r2,rec_d2b7c15afd4cda1cc27c313776d64e3821d8f4a1b008608de1de8ddc1c663495,3670,pdf_42,16f91667607b5c5a42e3cff7ad822babaad330c616362a662a0b4828b7b23b93,data/raw/pdfs/42_แพร่.pdf,1,2,25.842519999999997,89.14649999999997,1088.8346066666666,102.44649999999997
pdf_04:p5:r17,rec_cee634d27da822ae7eb9d3259a1e5c97d5ebd549a2b73469e2bb7bd6b523b3bb,3671,pdf_04,83861a2a02db33dda27703227bb90cd50ba1b9144123e42912f926c1d1043c39,data/raw/pdfs/04_ปทุมธานี.pdf,5,17,25.84252,252.1426,1088.8346388571426,265.44259999999997
pdf_02:p1:r17,rec_cba14f81d5011740aab494c57b389b60cd2fce21d9b67a1905e1200ddbb18bcf,3672,pdf_02,368a15805d33fb210ed50297795f7f50bf822054e05b59bf71bfa25bee0f3a3c,data/raw/pdfs/02_สมุทรปราการ.pdf,1,17,25.84252,288.64649,1088.8346429729727,301.94649
pdf_73:p1:r35,rec_7c0279fc3a3555e981a4207f26ab35c04771ccbe275487de34a839a9575b2e70,3673,pdf_73,8a9a8b1fb9d81eb7f2d76afa1f886621ea38587fc4c60902bc317398649ff90e,data/raw/pdfs/73_พัทลุง.pdf,1,35,25.84252,536.54649,1088.8346429729727,549.8464899999999
pdf_24:p1:r1,rec_f54ca43d53442748decb08cf8fc172d2246f120c4ef69abbe8e788d7d627962d,3674,pdf_24,11414a0eb9f2dd0d2b908d5f1a25e50bf241a96ac3fdabf71ba570e190f65dc5,data/raw/pdfs/24_ยโสธร.pdf,1,1,25.842519999999997,75.84649999999999,1088.834628333333,89.1465
pdf_73:p3:r16,rec_172465bf8fc99d467566e02dae3100bd7219e45edd0792b27d269560e3caad46,3675,pdf_73,8a9a8b1fb9d81eb7f2d76afa1f886621ea38587fc4c60902bc317398649ff90e,data/raw/pdfs/73_พัทลุง.pdf,3,16,25.842519999999997,238.8426,1088.8346314285711,252.14259999999996
pdf_56:p1:r30,rec_01310878b824a4fba7bb6b26f87b23de957586416ce93c98ec1820cbecd6e74f,3676,pdf_56,f0ce416ab9d3f527c2052960422068d0564c2b8833f2a75d05cab7aa8280b0d5,data/raw/pdfs/56_กาญจนบุรี.pdf,1,30,25.84252,461.54649,1088.8346429729727,474.84649
pdf_55:p1:r27,rec_db7bdcdd188b7e18b39395cbc310509d42357cefa61c918d336dd4ea0fba59d0,3677,pdf_55,fe2373eb0d81516b45b09f5bb593a35bc32f505875cafd93f214ca6bc310c4d4,data/raw/pdfs/55_ราชบุรี.pdf,1,27,25.84252,421.64649,1088.8346429729727,434.94649
pdf_29:p1:r14,rec_6230d76575ffbc37b005a9857aa88bc23a0612e3d3ddbb0f5dac8dbb5639bd85,3678,pdf_29,a1a30635ac132e2e87cc5b8c3c2c6e737453ecabe176861ce1a21609a26f3a1a,data/raw/pdfs/29_อุดรธานี.pdf,1,14,25.84252,248.74649,1088.8346429729727,262.04648999999995
pdf_54:p2:r1,rec_25d752616870172f672660eeeb2c56917eeb2bdf6e76fe0f43323109ebb61133,3679,pdf_54,884b1d2d94fff12fa64928c8a22df877265f50fbc00dfcb61f5a4636dd1c14c8,data/raw/pdfs/54_เพชรบูรณ์.pdf,2,1,25.84252,39.34256000000005,1088.8346404878048,52.64256
pdf_73:p2:r16,rec_4013ce8e2c78bf74fa7f6825cc342a5dbffd2d01e4d8b4026ed319faa4e3354f,3680,pdf_73,8a9a8b1fb9d81eb7f2d76afa1f886621ea38587fc4c60902bc317398649ff90e,data/raw/pdfs/73_พัทลุง.pdf,2,16,25.84252,238.84256,1088.8346404878048,252.14255999999995
pdf_04:p3:r13,rec_08a30f21848d5fe2a7f0a5878fc67f53ea7698eef20714ca73d32859e1011c96,3681,pdf_04,83861a2a02db33dda27703227bb90cd50ba1b9144123e42912f926c1d1043c39,data/raw/pdfs/04_ปทุมธานี.pdf,3,13,25.84252,198.94255999999996,1088.8346404878048,212.24255999999997
pdf_27:p1:r31,rec_0a0d561c719a1ec6d76984f1a669e820e10be6938376702e9883984129f0115d,3682,pdf_27,bf545cbe9d19aa5a22880cf18f4484776d7d3e1348605d1451dfe7147ed85334,data/raw/pdfs/27_หนองบัวลำภู.pdf,1,31,25.84252,474.84649,1088.8346429729727,488.14649
pdf_73:p2:r28,rec_8bca04b5648d859c5c1adf5a98c7da173ce109486bea2e4ced95bd2886aaaebd,3683,pdf_73,8a9a8b1fb9d81eb7f2d76afa1f886621ea38587fc4c60902bc317398649ff90e,data/raw/pdfs/73_พัทลุง.pdf,2,28,25.84252,398.44255999999996,1088.8346404878048,411.74256
pdf_62:p1:r6,rec_7d29e70923a155c567a8bf935d3962c7cb96fdf469083c1ed261c1e2dfd88fd4,3684,pdf_62,16170e28f4926ce3d0cb9566cb26ec752a3cb84a42d0ceb55d00107b3d3f1443,data/raw/pdfs/62_ประจวบคีรีขันธ์.pdf,1,6,25.84252,142.3465,1088.834638181818,155.6465
pdf_27:p2:r5,rec_fd3b983c454202086f4b9086485df199515e07c10d065275b5e5df3ead671137,3685,pdf_27,bf545cbe9d19aa5a22880cf18f4484776d7d3e1348605d1451dfe7147ed85334,data/raw/pdfs/27_หนองบัวลำภู.pdf,2,5,25.84252,92.5426,1088.8346304999998,105.84259999999995
pdf_23:p1:r19,rec_2851f82ee355790715e9fcaae4bd1bb3fdf07ee234f6fc766dddf7bcb08ef08d,3686,pdf_23,771338278a591f8b5dfd252a64922234ef0d7071b6e6cd32beb2341668023e47,data/raw/pdfs/23_อุบลราชธานี.pdf,1,19,25.84252,323.74649,1088.8346429729727,337.04649
pdf_35:p1:r10,rec_80f5b830f618fd3b697b52d1e545ae63967d335b88cd2c4ee189186c5e7110b7,3687,pdf_35,34e8cb69b8d0f03a2caba0ffc0eb6d4b5233159b13350c073968de56ab12b69f,data/raw/pdfs/35_สกลนคร.pdf,1,10,25.84252,195.54648999999995,1088.8346429729727,208.84649
pdf_57:p2:r19,rec_dc70a3701fbe61a509448e3f828ec6956aa653b43199f6fc9e53642ce4d4341d,3688,pdf_57,9b6f57faac860a1339f68519b1b756d3ef34cc2ccd4962f5e15b78600e7c9112,data/raw/pdfs/57_สุพรรณบุรี.pdf,2,19,25.84252,278.74255999999997,1088.8346404878048,292.04256
pdf_69:p2:r12,rec_35e5a446f34a1f9e2189f8136152bd35c2bccbea48524adde0a4a6a0854531c5,3689,pdf_69,769b283c00d83344280df884874571c2a99d89f78de64644b43bf9c6a108efa4,data/raw/pdfs/69_ชุมพร.pdf,2,12,25.84252,185.64255999999995,1088.8346404878048,198.94255999999996
pdf_54:p2:r30,rec_4c6cc2b6395b32f2ffd858422b8096180d468d418264aecb84d77917b3716c87,3690,pdf_54,884b1d2d94fff12fa64928c8a22df877265f50fbc00dfcb61f5a4636dd1c14c8,data/raw/pdfs/54_เพชรบูรณ์.pdf,2,30,25.84252,425.04256,1088.8346404878048,438.34255999999993
pdf_50:p2:r11,rec_02da210939dd28816b4bedd75b9a7a0b2f71821dac4b752e562475ec847e4ab8,3691,pdf_50,8b7fe8a59c2c1fa488d7462868687d8f934217d7df929384117ef1e19dae37ab,data/raw/pdfs/50_ตาก.pdf,2,11,25.84252,172.3426,1088.8346270588233,185.64260000000002
pdf_23:p2:r36,rec_12bb4f32f910dc3bdb5639111aa13f4bb4e20581cc374a897f95a8298c034190,3692,pdf_23,771338278a591f8b5dfd252a64922234ef0d7071b6e6cd32beb2341668023e47,data/raw/pdfs/23_อุบลราชธานี.pdf,2,36,25.84252,504.84255999999993,1088.8346404878048,518.14256
pdf_11:p1:r15,rec_7ae99a5c9f85a4aa9097ca55dfa52c28d9b81e85c38ac097eb7653295c8390ca,3693,pdf_11,3638acfefe295becff8609b6ee16edeea0914e518d215754813661f1c0a3f79b,data/raw/pdfs/11_ชลบุรี.pdf,1,15,25.84252,262.04648999999995,1088.8346429729727,275.34649
pdf_49:p1:r10,rec_6d82650a213585626c359fbe86adcd5ba45571151cb4efe165b30e97a1bc4027,3694,pdf_49,6ada8eb27a34993420ed8c6db69aa4ae13ff4283abdb43b9d76a05d6794f6a27,data/raw/pdfs/49_กำแพงเพชร.pdf,1,10,25.84252,195.54648999999995,1088.8346429729727,208.84649
pdf_46:p1:r18,rec_cf3bb0f70a87b5fb84b5bdfb27bedd9bcfca71e05eacbce0bb317e9e6c959e94,3695,pdf_46,06c4f6b2edd8aec0be7828038556b5b7aec2393f710ca692324db2369d00d382,data/raw/pdfs/46_แม่ฮ่องสอน.pdf,1,18,25.84252,301.9465,1088.834638181818,315.24649999999997
pdf_16:p2:r21,rec_cdaefd7106a0a3a6f7799c5f36ce15af8c784195696591629f909b14944485b3,3696,pdf_16,7b893a3f02630b40240d0242410f662e3fe91d8d5ea2449991bba89e89a89ea4,data/raw/pdfs/16_ปราจีนบุรี.pdf,2,21,25.84252,305.3426,1088.8346365517239,318.6426
pdf_35:p1:r34,rec_bb0a9ee5d3a97694db2589c3a7efe194fab27d9385270cb6799fc8d3bf0ef650,3697,pdf_35,34e8cb69b8d0f03a2caba0ffc0eb6d4b5233159b13350c073968de56ab12b69f,data/raw/pdfs/35_สกลนคร.pdf,1,34,25.84252,514.74649,1088.8346429729727,528.04649
pdf_57:p1:r16,rec_01ccc103a4ba8281b2307a2ce78e868c8612bc260524e1339a3600c6c8e70fa7,3698,pdf_57,9b6f57faac860a1339f68519b1b756d3ef34cc2ccd4962f5e15b78600e7c9112,data/raw/pdfs/57_สุพรรณบุรี.pdf,1,16,25.84252,275.34649,1088.8346429729727,288.64649
pdf_23:p2:r30,rec_cc946ea7893385ca0e2d95d726086cafd918c2c16ee0d346e169d37e22dfece2,3699,pdf_23,771338278a591f8b5dfd252a64922234ef0d7071b6e6cd32beb2341668023e47,data/raw/pdfs/23_อุบลราชธานี.pdf,2,30,25.84252,425.04256,1088.8346404878048,438.34255999999993
pdf_03:p4:r36,rec_ed9b2296332b74f66dcf0fd3917be5bd568c01890f654ee925a413027e9f3fb8,3700,pdf_03,7dd9e7f51732791c63183067d85d18d20f856edf0c2dff89dbda84d866df2d62,data/raw/pdfs/03_นนทบุรี.pdf,4,36,25.84252,504.84255999999993,1088.8346404878048,518.14256
pdf_02:p2:r7,rec_e782c039b1ef46845b2ae24a27452934f54ff585f536839acc23ebc82b3dd56a,3701,pdf_02,368a15805d33fb210ed50297795f7f50bf822054e05b59bf71bfa25bee0f3a3c,data/raw/pdfs/02_สมุทรปราการ.pdf,2,7,25.84252,119.14255999999996,1088.8346404878048,132.44255999999996
pdf_19:p4:r16,rec_5909df5790b68afdc97bddda15350871b1af488e95ebcfdf53ae9a0a407143bc,3702,pdf_19,2fbc685c790d957bd597a9ae4cbc69a07dacbb20cab611015cf1ce2eecd5982c,data/raw/pdfs/19_นครราชสีมา.pdf,4,16,25.84252,238.84256,1088.8346404878048,252.14255999999995
pdf_30:p1:r4,rec_4ebdbe5a4197a47fb20600811e6156ffc7e0809ad72699576fa956a43256c54f,3703,pdf_30,3dbc36c6e240d0c7cc9a595bfe9743d7b0579f6761191fb00c2a69959c985598,data/raw/pdfs/30_เลย.pdf,1,4,25.84252,115.7465,1088.8346355555555,129.04650000000004
pdf_73:p2:r24,rec_f1db2d8073fbaa67290feeebd5ef4e4af25d91d7781b6735b278b4b11416eddf,3704,pdf_73,8a9a8b1fb9d81eb7f2d76afa1f886621ea38587fc4c60902bc317398649ff90e,data/raw/pdfs/73_พัทลุง.pdf,2,24,25.84252,345.24256,1088.8346404878048,358.54256
pdf_12:p2:r10,rec_05c8615a4f1917335583a9d5b6d8e4601d729c941ad7c79f22c7ebc424323416,3705,pdf_12,a807bf56c3fc6df739b3c4e072038fd3824bd793ca3bbc711cf4169e5e81ff9c,data/raw/pdfs/12_ระยอง.pdf,2,10,25.842520000000004,159.0426,1088.8346355555555,172.3426
pdf_51:p1:r4,rec_23a164a9780e253c5b2936bb00adc6c3984639dcf3e43d745257b24bded56267,3706,pdf_51,380327daf06efde704e25ac9a209c4688b14087a4bcd57b35db44471d39e5199,data/raw/pdfs/51_สุโขทัย.pdf,1,4,25.84252,124.24649,1088.834642352941,137.54649
pdf_03:p1:r18,rec_94ac6abb9dda2810cfe500b65cac24c360b0acd8d6ed25c818542adba4cbc002,3707,pdf_03,7dd9e7f51732791c63183067d85d18d20f856edf0c2dff89dbda84d866df2d62,data/raw/pdfs/03_นนทบุรี.pdf,1,18,25.84252,301.94649,1088.8346429729727,315.24649
pdf_21:p1:r5,rec_c522955343c6413093025500383028f3b13ae58634cf877a3a3e641b3e1f4d6d,3708,pdf_21,30de42d8df83af320948c083353a9109256e5f6ce057c8d941902c86bbb645dd,data/raw/pdfs/21_สุรินทร์.pdf,1,5,25.84252,129.04649999999998,1088.8346369999997,142.3465
pdf_12:p1:r17,rec_d6fa9d3db722edf8f289c8142e998599876b620062432d1e30e7f36a09502292,3709,pdf_12,a807bf56c3fc6df739b3c4e072038fd3824bd793ca3bbc711cf4169e5e81ff9c,data/raw/pdfs/12_ระยอง.pdf,1,17,25.84252,288.64649,1088.8346429729727,301.94649
pdf_57:p1:r32,rec_e9283867a0ce16223fead4a420004f0b0f3f517d6047f3e569c1e869b5bf0e05,3710,pdf_57,9b6f57faac860a1339f68519b1b756d3ef34cc2ccd4962f5e15b78600e7c9112,data/raw/pdfs/57_สุพรรณบุรี.pdf,1,32,25.84252,488.14649,1088.8346429729727,501.44649
pdf_04:p3:r35,rec_ff19f1545c66983d65545f1bd436aeab058363c8d70d6e1f776f4439b768da7e,3711,pdf_04,83861a2a02db33dda27703227bb90cd50ba1b9144123e42912f926c1d1043c39,data/raw/pdfs/04_ปทุมธานี.pdf,3,35,25.84252,491.54256,1088.8346404878048,504.84255999999993
pdf_10:p3:r10,rec_3c775226c6ed28739f2d260c11e0a8a22ad9ddbb947a1f7cca0ce25f7cc09750,3712,pdf_10,5e0a433bc2cc307479a32d344bf5b0b4f006af0a3d0ccc1493fb587c885896c1,data/raw/pdfs/10_สระบุรี.pdf,3,10,25.842519999999997,159.0426,1088.8346314285711,172.34259999999995
pdf_29:p1:r35,rec_9fc6125de72580f11a0d408a1c2af23816a5aea465c3fdae1272c236a1910260,3713,pdf_29,a1a30635ac132e2e87cc5b8c3c2c6e737453ecabe176861ce1a21609a26f3a1a,data/raw/pdfs/29_อุดรธานี.pdf,1,35,25.84252,528.04649,1088.8346429729727,541.3464899999999
pdf_49:p1:r5,rec_d0574bd170eabc44c2bb4ea836c20a0b3d327ded946c94de3b1373eb7aebdf9f,3714,pdf_49,6ada8eb27a34993420ed8c6db69aa4ae13ff4283abdb43b9d76a05d6794f6a27,data/raw/pdfs/49_กำแพงเพชร.pdf,1,5,25.84252,129.04648999999995,1088.8346429729727,142.34649000000002
pdf_67:p6:r22,rec_36e0abb61bd3f84602c18e433f50a214b3dfae81270d81b90c7fe31d0de790a6,3715,pdf_67,b66fc9f9229750b7a04c0e5c07c072d77eb0800ed604da819fb28b6c4a75a636,data/raw/pdfs/67_สุราษฎร์ธานี.pdf,6,22,25.84252,318.64256,1088.8346404878048,331.94255999999996
pdf_16:p2:r7,rec_1be47767b7058e5be6105104b44297ece0dd04d26cdacca6aca0b9910d9c8b1f,3716,pdf_16,7b893a3f02630b40240d0242410f662e3fe91d8d5ea2449991bba89e89a89ea4,data/raw/pdfs/16_ปราจีนบุรี.pdf,2,7,25.84252,119.14260000000002,1088.8346365517239,132.44259999999997
pdf_06:p1:r24,rec_67f3edc47513d4f850f4c1d11eb6dfa2c10caac76860326c6fbf81aae357ba3b,3717,pdf_06,03acf167c8c7dcc3b7e6ccbd9afcaa05e3b5157df416e00c1b7e146d91880d3c,data/raw/pdfs/06_อ่างทอง.pdf,1,24,25.84252,381.74649,1088.8346429729727,395.04649
pdf_05:p2:r14,rec_f9244da7ea7982d03144f30c46cf8575a2fa81bd35e4b5f50548a340626c1ae2,3718,pdf_05,ae1ba5ac5ef768c29045f4282a9047c71474a8d654003bfa51574874b3f415fc,data/raw/pdfs/05_พระนครศรีอยุธยา.pdf,2,14,25.84252,212.24255999999997,1088.8346404878048,225.54255999999995
pdf_04:p2:r23,rec_f80304b958338dc105b278948f0df6634275d3d2838398b28db196acf4307c29,3719,pdf_04,83861a2a02db33dda27703227bb90cd50ba1b9144123e42912f926c1d1043c39,data/raw/pdfs/04_ปทุมธานี.pdf,2,23,25.84252,331.94255999999996,1088.8346404878048,345.24256
pdf_58:p2:r32,rec_1d3d13e3b8b552710ed922f6f135bdd43ad90a7f4c07b5ca9601197e845db5b4,3720,pdf_58,8ff0dc3c9fe92f1cc2721c37fe35cfcc653ad17ca531672dc94686e7776d35a5,data/raw/pdfs/58_นครปฐม.pdf,2,32,25.84252,451.64256000000006,1088.8346404878048,464.94255999999996
pdf_69:p1:r5,rec_0fb40b171111f4d0b24eda4abe856d0f4113a577a0183d599b73e21749a0c41b,3721,pdf_69,769b283c00d83344280df884874571c2a99d89f78de64644b43bf9c6a108efa4,data/raw/pdfs/69_ชุมพร.pdf,1,5,25.84252,129.04648999999995,1088.8346429729727,142.34649000000002
pdf_10:p2:r6,rec_3f39394cadb0fd015638255179a72cd88d18492325408ee8453144843b9dd3a0,3722,pdf_10,5e0a433bc2cc307479a32d344bf5b0b4f006af0a3d0ccc1493fb587c885896c1,data/raw/pdfs/10_สระบุรี.pdf,2,6,25.84252,105.84256,1088.8346404878048,119.14255999999996
pdf_03:p2:r7,rec_e10319207b3599652a66daf74c517ea18b94aa1fc4160c852127805c3d484b63,3723,pdf_03,7dd9e7f51732791c63183067d85d18d20f856edf0c2dff89dbda84d866df2d62,data/raw/pdfs/03_นนทบุรี.pdf,2,7,25.84252,119.14255999999996,1088.8346404878048,132.44255999999996
pdf_67:p3:r19,rec_c61c10fba5fd72b49483dad339af9f41468248d59e146389fa9c5f3d26a68cf0,3724,pdf_67,b66fc9f9229750b7a04c0e5c07c072d77eb0800ed604da819fb28b6c4a75a636,data/raw/pdfs/67_สุราษฎร์ธานี.pdf,3,19,25.84252,278.74255999999997,1088.8346404878048,292.04256
pdf_49:p1:r15,rec_ad2e7cdc61414f16ff09014a7ae6dd63d22d21a0bd5ce18eae39775c4145d8a6,3725,pdf_49,6ada8eb27a34993420ed8c6db69aa4ae13ff4283abdb43b9d76a05d6794f6a27,data/raw/pdfs/49_กำแพงเพชร.pdf,1,15,25.84252,262.04648999999995,1088.8346429729727,275.34649
pdf_69:p1:r10,rec_cd7c9ac473ae2944bfa691f4ca6ca00996e5203b1e8b556ed5689c0cd28cf2ed,3726,pdf_69,769b283c00d83344280df884874571c2a99d89f78de64644b43bf9c6a108efa4,data/raw/pdfs/69_ชุมพร.pdf,1,10,25.84252,195.54648999999995,1088.8346429729727,208.84649
pdf_06:p1:r25,rec_93d88c90ec35e8356beb8b9252b913fa3da6d36ef33bd9e681e4a085476d5e7e,3727,pdf_06,03acf167c8c7dcc3b7e6ccbd9afcaa05e3b5157df416e00c1b7e146d91880d3c,data/raw/pdfs/06_อ่างทอง.pdf,1,25,25.84252,395.04649,1088.8346429729727,408.34649
pdf_61:p1:r9,rec_4e8dc62e1107eca6cba12b6bf55ad11ae94e167fcb73a6e4a893e5d722051088,3728,pdf_61,6dda18b7ffb9a73296045d0dd81965bec27f7cbccc7ef862c8bf458d206599e2,data/raw/pdfs/61_เพชรบุรี.pdf,1,9,25.84252,182.24649999999997,1088.834638181818,195.5465
pdf_03:p4:r37,rec_cd5b9c153968a853aa8386689d886678ddc75487e1a4d3c20d8e6b119bafe37e,3729,pdf_03,7dd9e7f51732791c63183067d85d18d20f856edf0c2dff89dbda84d866df2d62,data/raw/pdfs/03_นนทบุรี.pdf,4,37,25.84252,518.14256,1088.8346404878048,531.44256
pdf_25:p1:r6,rec_a48d7e37c85aa531e4d5d2f1a23ed4010f6dd3b908edf5a22061744a591fb9f4,3730,pdf_25,0155bd151db06d789a16df2bc6422d9237698f7f38d57991cc1ab60bcb86601c,data/raw/pdfs/25_ชัยภูมิ.pdf,1,6,25.84252,142.34649000000002,1088.8346429729727,155.64648999999997
pdf_50:p1:r18,rec_a6d14a6caa81c56bcec3770fc863936af263969de87bb42c170c35fc8ec1a5fb,3731,pdf_50,8b7fe8a59c2c1fa488d7462868687d8f934217d7df929384117ef1e19dae37ab,data/raw/pdfs/50_ตาก.pdf,1,18,25.84252,301.94649,1088.8346429729727,315.24649
pdf_19:p4:r1,rec_57102378bceacb4f7e3732085fa7ad053361561b33f478eda2262613eef9a033,3732,pdf_19,2fbc685c790d957bd597a9ae4cbc69a07dacbb20cab611015cf1ce2eecd5982c,data/raw/pdfs/19_นครราชสีมา.pdf,4,1,25.84252,39.34256000000005,1088.8346404878048,52.64256
pdf_19:p1:r23,rec_6e5d8dbabc591f1db56997943bc5675b49b534091cf86a63453049643e81765c,3733,pdf_19,2fbc685c790d957bd597a9ae4cbc69a07dacbb20cab611015cf1ce2eecd5982c,data/raw/pdfs/19_นครราชสีมา.pdf,1,23,25.84252,376.94649,1088.8346429729727,390.24649
pdf_70:p1:r25,rec_5fe63d0be4b03c8c6416e0fc7865992cd9c9ca0fa411331a277a9dfeee6cf2a2,3734,pdf_70,dd0c8cec48b7f0994639864765a097630785c0e22135d674cb3057f22c0f80ab,data/raw/pdfs/70_สงขลา.pdf,1,25,25.84252,395.04649,1088.8346429729727,408.34649
pdf_07:p2:r33,rec_cfb05b363ec114dad61cd0edc036a4f504ae4924d5d3d6533c219c6cfd6fadc4,3735,pdf_07,f00681093e03a60a87dbc3834edae199fd055d6366406e456741ffd059ff3b05,data/raw/pdfs/07_ลพบุรี.pdf,2,33,25.84252,464.94255999999996,1088.8346404878048,478.24256
pdf_15:p2:r37,rec_10c85ea82e2c1522c1f060e66cc597c14aeadf8fecb8a0ae02f4dc1d4bc62604,3736,pdf_15,bf99cdf12418fcdc90b3c1c739fd4e7e09ca40818852ca43bcd1c3284b3cf084,data/raw/pdfs/15_ฉะเชิงเทรา.pdf,2,37,25.84252,518.14256,1088.8346404878048,531.44256
pdf_66:p3:r34,rec_1528fc33c39c8abd24bc9058a9d1df2e55f71e71f602003ce2c1f34cebff2420,3737,pdf_66,012255400d37e8c732ded7ebc3c018108c8f4aa391112b3f6d6515d21e797ab6,data/raw/pdfs/66_ภูเก็ต.pdf,3,34,25.84252,478.24256,1088.8346397368418,491.54256000000004
pdf_07:p2:r35,rec_6478f509c2661d9365b2838a87a0d316ea1baa50759dab6d00aaaece46e8a11b,3738,pdf_07,f00681093e03a60a87dbc3834edae199fd055d6366406e456741ffd059ff3b05,data/raw/pdfs/07_ลพบุรี.pdf,2,35,25.84252,491.54256,1088.8346404878048,504.84255999999993
pdf_38:p1:r3,rec_7d61f0746d2fd468e6cfcb1b68fce9ad0b76f1c4ad596957a11b51351097a298,3739,pdf_38,462a1c486a501887e4446ef7e812041c7d158ab4442235b85572d4a89fd7f492,data/raw/pdfs/38_เชียงใหม่.pdf,1,3,25.84252,102.44649000000004,1088.8346429729727,115.74649
pdf_60:p1:r1,rec_b6b98014d04d38417a457ec5fd365fe88323f0c661e1c7f0d034eaa2b5562ffc,3740,pdf_60,83005eabe1d9070b5592477278ea610755bdcb54fea6e719fee81b3b098eaa28,data/raw/pdfs/60_สมุทรสงคราม.pdf,1,1,25.842520000000004,75.84649999999999,1088.8346403703702,89.1465
pdf_50:p1:r22,rec_a5d46d269ce655ce812da3c6babf61a9383585ae790b1157bb2791ebda8f5e68,3741,pdf_50,8b7fe8a59c2c1fa488d7462868687d8f934217d7df929384117ef1e19dae37ab,data/raw/pdfs/50_ตาก.pdf,1,22,25.84252,355.14649,1088.8346429729727,368.44649
pdf_67:p4:r3,rec_0398f79b42f6a2e15a2587d2b998467dc4f22af5354f263f0e0524046d77b5c6,3742,pdf_67,b66fc9f9229750b7a04c0e5c07c072d77eb0800ed604da819fb28b6c4a75a636,data/raw/pdfs/67_สุราษฎร์ธานี.pdf,4,3,25.84252,65.94255999999996,1088.8346404878048,79.24255999999997
pdf_67:p2:r33,rec_1f9ab0a28c74a49545bde918aabd1a23f27ab24ec71bc9760925ad0967a943aa,3743,pdf_67,b66fc9f9229750b7a04c0e5c07c072d77eb0800ed604da819fb28b6c4a75a636,data/raw/pdfs/67_สุราษฎร์ธานี.pdf,2,33,25.84252,464.94255999999996,1088.8346404878048,478.24256
pdf_25:p1:r24,rec_45880873ef14adb3c94a234c1d59c4e947a72a26a14c7642fe5da96f31d1bcb8,3744,pdf_25,0155bd151db06d789a16df2bc6422d9237698f7f38d57991cc1ab60bcb86601c,data/raw/pdfs/25_ชัยภูมิ.pdf,1,24,25.84252,381.74649,1088.8346429729727,395.04649
pdf_03:p4:r38,rec_9d14266df45568f885c3fb05f5db6ff84a61124125fad306f2d1e273c8a46c1d,3745,pdf_03,7dd9e7f51732791c63183067d85d18d20f856edf0c2dff89dbda84d866df2d62,data/raw/pdfs/03_นนทบุรี.pdf,4,38,25.84252,531.44256,1088.8346404878048,544.74256
pdf_11:p3:r8,rec_1113f7638f127fa9cab6335a39fcc2379c83a04b5ead3369d0c9445f1e0a17f3,3746,pdf_11,3638acfefe295becff8609b6ee16edeea0914e518d215754813661f1c0a3f79b,data/raw/pdfs/11_ชลบุรี.pdf,3,8,25.842519999999997,132.44259999999997,1088.8346175,145.74259999999998
pdf_67:p4:r34,rec_f3e5d19f2e8750e04b071fc566b4aaab98bb8b87ce0e06263b95f99e9f521321,3747,pdf_67,b66fc9f9229750b7a04c0e5c07c072d77eb0800ed604da819fb28b6c4a75a636,data/raw/pdfs/67_สุราษฎร์ธานี.pdf,4,34,25.84252,478.24256,1088.8346404878048,491.54256
pdf_04:p4:r3,rec_097b48ad0224db3ea03477599b52e377684b14e8f22898b20935ee40f583ccf3,3748,pdf_04,83861a2a02db33dda27703227bb90cd50ba1b9144123e42912f926c1d1043c39,data/raw/pdfs/04_ปทุมธานี.pdf,4,3,25.84252,65.94255999999996,1088.8346404878048,79.24255999999997
pdf_48:p1:r15,rec_b4ea1312f6c5d3d9807d3d1d96ff3fbb9b087915273046aac6e8988a788c7784,3749,pdf_48,4ace8fb0ec02d2b1aa95432a9b9e883581d60aba88879e64923cce23b14c3f06,data/raw/pdfs/48_อุทัยธานี.pdf,1,15,25.842519999999997,262.0465,1088.8346376190475,275.3465
pdf_08:p1:r7,rec_e74a60f6622616ec0f8889537cff460fb1811eddca8aec883a360e9e08aa2967,3750,pdf_08,1fd4933c38e10cf826fbe5ecfe74a2eb8305671e2bb949afd059fb72b251fdad,data/raw/pdfs/08_สิงห์บุรี.pdf,1,7,25.84252,155.64649999999997,1088.8346399999998,168.94650000000001
pdf_19:p3:r16,rec_0cf4393fd19d0fb3c14404af2af2a441061534340289157fdd795e8adedd86bb,3751,pdf_19,2fbc685c790d957bd597a9ae4cbc69a07dacbb20cab611015cf1ce2eecd5982c,data/raw/pdfs/19_นครราชสีมา.pdf,3,16,25.84252,238.84256,1088.8346404878048,252.14255999999995
pdf_64:p3:r21,rec_5c8890fa956e852670d01cf21453de95c90659c9b089a52ae23090484683ea91,3752,pdf_64,a4e4abc03757d1e14ce1bfb2e426567faeea8fce3152123821e712496872240e,data/raw/pdfs/64_กระบี่.pdf,3,21,25.84252,305.34256,1088.8346404878048,318.64256
pdf_58:p3:r7,rec_85a31bf2a89e114b2619b0f0840c06bbebfe9afbcc72e80934fd7c4410acdcc4,3753,pdf_58,8ff0dc3c9fe92f1cc2721c37fe35cfcc653ad17ca531672dc94686e7776d35a5,data/raw/pdfs/58_นครปฐม.pdf,3,7,25.84252,119.14259999999999,1088.8346304999998,132.44259999999997
pdf_59:p1:r24,rec_97b7e66cf96624e4ed72ccd708965632ddc9efaed16e2d4afa5674f15c0b7257,3754,pdf_59,0c5827ab1fffa2ec0689a95405ee8640473ea428f18b199f44d2f71d4f366ad8,data/raw/pdfs/59_สมุทรสาคร.pdf,1,24,25.84252,381.74649,1088.8346429729727,395.04649
pdf_12:p1:r5,rec_bab089474ee445a0740074a17a226bd855f99f15b5d94e6bf521c96f7ca1c0b4,3755,pdf_12,a807bf56c3fc6df739b3c4e072038fd3824bd793ca3bbc711cf4169e5e81ff9c,data/raw/pdfs/12_ระยอง.pdf,1,5,25.84252,129.04648999999995,1088.8346429729727,142.34649000000002
pdf_72:p2:r4,rec_e99ec4f5f009ff956381d48e9a4b2e9f5352964ee223fde6e3d9543e188c5961,3756,pdf_72,04f947c56ddf01a73b376cdbb3099e393f9141fff3fec2504b9e031114606073,data/raw/pdfs/72_ตรัง.pdf,2,4,25.84252,79.24256000000003,1088.8346402499997,92.54255999999998
pdf_12:p1:r35,rec_63e05692ea6c55162ff5a231da678368f8ac15a0310a8b0575257b5a01d6292d,3757,pdf_12,a807bf56c3fc6df739b3c4e072038fd3824bd793ca3bbc711cf4169e5e81ff9c,data/raw/pdfs/12_ระยอง.pdf,1,35,25.84252,528.04649,1088.8346429729727,541.3464899999999
pdf_03:p5:r1,rec_d2d643261d89f7f6a8fa425f60657ba5f4205829ef7bf0432391da807d50e506,3758,pdf_03,7dd9e7f51732791c63183067d85d18d20f856edf0c2dff89dbda84d866df2d62,data/raw/pdfs/03_นนทบุรี.pdf,5,1,25.84252,39.34259999999995,1088.8346391666664,52.642599999999945
pdf_05:p3:r27,rec_08b80135c7da7fc8437e69e833bf918ce7ebf972f7b83476751443c709dfe512,3759,pdf_05,ae1ba5ac5ef768c29045f4282a9047c71474a8d654003bfa51574874b3f415fc,data/raw/pdfs/05_พระนครศรีอยุธยา.pdf,3,27,25.84252,385.1426,1088.8346388571426,398.44259999999997
pdf_57:p3:r30,rec_caff963bae987691beab67f6c723bf89033dabb9b7024e78fd7ff69e53dd6322,3760,pdf_57,9b6f57faac860a1339f68519b1b756d3ef34cc2ccd4962f5e15b78600e7c9112,data/raw/pdfs/57_สุพรรณบุรี.pdf,3,30,25.84252,425.04256,1088.8346404878048,438.34255999999993
pdf_71:p1:r11,rec_7e41d3b3637cf25255573713846ddbfbf725ba2766c38f4f9211139bf4147be9,3761,pdf_71,639082545e4a719e41bac9fcbfd55a943a269cfdf276e85b2e44844d06d2a73a,data/raw/pdfs/71_สตูล.pdf,1,11,25.84252,208.84650000000002,1088.8346395999997,222.1465
pdf_28:p1:r35,rec_65097bdeb59b8d36e5a5b66e969b10cf94bf75b373fbf3442047e26013669ff3,3762,pdf_28,38e1a8d128ab928dd0bef117c9dbaa8191aea027adc2dae9137f68937f31d040,data/raw/pdfs/28_ขอนแก่น.pdf,1,35,25.84252,528.04649,1088.8346429729727,541.3464899999999
pdf_57:p2:r23,rec_6a0c37f5f475ab8dc84c3ba1beb16ca89aaf8ceb3c022db1fa35ba68cd5bfa94,3763,pdf_57,9b6f57faac860a1339f68519b1b756d3ef34cc2ccd4962f5e15b78600e7c9112,data/raw/pdfs/57_สุพรรณบุรี.pdf,2,23,25.84252,331.94255999999996,1088.8346404878048,345.24256
pdf_07:p2:r29,rec_56bff6c82733d0482b3e904f9a5a02824ad8079eb8a56edf31e550cbd4e918b6,3764,pdf_07,f00681093e03a60a87dbc3834edae199fd055d6366406e456741ffd059ff3b05,data/raw/pdfs/07_ลพบุรี.pdf,2,29,25.84252,411.74256,1088.8346404878048,425.04256
pdf_53:p2:r19,rec_325750bec92f5925e2a56d2e3da2c6393c6e451bd78d56ab5a609c40dbc3fa0d,3765,pdf_53,41aaaf3a91961ab9b2dee694f50d9a086d1ad80beffe1b54e81370016a11cb14,data/raw/pdfs/53_พิจิตร.pdf,2,19,25.84252,278.7426,1088.834638181818,292.0426
pdf_38:p1:r23,rec_9fe3064fe47e95d2eb068721471323ac677df9e678293c261918004e8e1a7e5d,3766,pdf_38,462a1c486a501887e4446ef7e812041c7d158ab4442235b85572d4a89fd7f492,data/raw/pdfs/38_เชียงใหม่.pdf,1,23,25.84252,368.44649,1088.8346429729727,381.74649
pdf_28:p1:r31,rec_0d6ad4c1404b22de615ddf05f79d56fa00019d53a19b0bff04e6eac03ae612ba,3767,pdf_28,38e1a8d128ab928dd0bef117c9dbaa8191aea027adc2dae9137f68937f31d040,data/raw/pdfs/28_ขอนแก่น.pdf,1,31,25.84252,474.84649,1088.8346429729727,488.14649
pdf_73:p3:r6,rec_c3f8026da8347ce81c82eb7248e23832eedee1a307777b50ca831d825f095ba2,3768,pdf_73,8a9a8b1fb9d81eb7f2d76afa1f886621ea38587fc4c60902bc317398649ff90e,data/raw/pdfs/73_พัทลุง.pdf,3,6,25.842519999999997,105.84259999999998,1088.8346314285711,119.14260000000002
pdf_23:p1:r31,rec_8a190261ab3bd29f734d95bf564e3a3e7c6334efa98fbe42d0e838e6a9f54106,3769,pdf_23,771338278a591f8b5dfd252a64922234ef0d7071b6e6cd32beb2341668023e47,data/raw/pdfs/23_อุบลราชธานี.pdf,1,31,25.84252,483.34649,1088.8346429729727,496.64649
pdf_09:p1:r3,rec_59bc4de3aceafef546b767338ae02e860e4c30629e109a7c6d6728d240bca94a,3770,pdf_09,1912b318a38a3716d462ae8461062b50db721b56bb5dcac725c184bafd97be54,data/raw/pdfs/09_ชัยนาท.pdf,1,3,25.84252,102.44650000000001,1088.8346395999997,115.74649999999997
pdf_04:p1:r6,rec_084914a907f077aacb0a9aa62a6f5e05aa365e4ddc4f82ffef1933a1bac426c9,3771,pdf_04,83861a2a02db33dda27703227bb90cd50ba1b9144123e42912f926c1d1043c39,data/raw/pdfs/04_ปทุมธานี.pdf,1,6,25.84252,142.34649000000002,1088.8346429729727,155.64648999999997
pdf_19:p2:r14,rec_af27f0b419fcc0559d67d8ea1a45d99d9ec2b5c1dd235cc05b6b30ae01904316,3772,pdf_19,2fbc685c790d957bd597a9ae4cbc69a07dacbb20cab611015cf1ce2eecd5982c,data/raw/pdfs/19_นครราชสีมา.pdf,2,14,25.84252,212.24255999999997,1088.8346404878048,225.54255999999995
pdf_70:p2:r30,rec_97be07e439c6896a4f39132b02c04a28c145e200cd275f7a496b68c119b1fbbd,3773,pdf_70,dd0c8cec48b7f0994639864765a097630785c0e22135d674cb3057f22c0f80ab,data/raw/pdfs/70_สงขลา.pdf,2,30,25.84252,425.04259999999994,1088.8346391666664,438.34259999999995
pdf_67:p2:r11,rec_ba1f1c9f2fad9d921f0ac241fabe2444ace03033ed719949d31a4c81a4583270,3774,pdf_67,b66fc9f9229750b7a04c0e5c07c072d77eb0800ed604da819fb28b6c4a75a636,data/raw/pdfs/67_สุราษฎร์ธานี.pdf,2,11,25.84252,172.34256,1088.8346404878048,185.64255999999995
pdf_29:p1:r34,rec_245a20ea20e9f555781b364e17cdb1df91c8fa4d5aeb1ac5f6ae117b75213f8e,3775,pdf_29,a1a30635ac132e2e87cc5b8c3c2c6e737453ecabe176861ce1a21609a26f3a1a,data/raw/pdfs/29_อุดรธานี.pdf,1,34,25.84252,514.74649,1088.8346429729727,528.04649
pdf_02:p2:r35,rec_3017ab3ddd82ed2c54d982166a5a71d53a6add94812761af76a77806e64d9526,3776,pdf_02,368a15805d33fb210ed50297795f7f50bf822054e05b59bf71bfa25bee0f3a3c,data/raw/pdfs/02_สมุทรปราการ.pdf,2,35,25.84252,491.54256,1088.8346404878048,504.84255999999993
pdf_58:p2:r23,rec_5b3d14ed45c5b66cb4b21cd6b1ddaa35b3ae8c6b689188b10e5eb755733c1e73,3777,pdf_58,8ff0dc3c9fe92f1cc2721c37fe35cfcc653ad17ca531672dc94686e7776d35a5,data/raw/pdfs/58_นครปฐม.pdf,2,23,25.84252,331.94255999999996,1088.8346404878048,345.24256
pdf_70:p2:r29,rec_6f24ea7edfaac26255200b3a781db1e7ec52eef0bdfcd50d5551c194cbfcee46,3778,pdf_70,dd0c8cec48b7f0994639864765a097630785c0e22135d674cb3057f22c0f80ab,data/raw/pdfs/70_สงขลา.pdf,2,29,25.84252,411.7425999999999,1088.8346391666664,425.04259999999994
pdf_48:p1:r3,rec_259a47dc45ee651a691eedfb8ba914c62a0a90a4ee2d43c98cb73989406dba36,3779,pdf_48,4ace8fb0ec02d2b1aa95432a9b9e883581d60aba88879e64923cce23b14c3f06,data/raw/pdfs/48_อุทัยธานี.pdf,1,3,25.842519999999997,102.44650000000001,1088.8346376190475,115.74649999999997
pdf_64:p2:r1,rec_4f76795e1ab20db9ad4cee09b49f6dd9e980a97bfb7c6f27c700987426752c95,3780,pdf_64,a4e4abc03757d1e14ce1bfb2e426567faeea8fce3152123821e712496872240e,data/raw/pdfs/64_กระบี่.pdf,2,1,25.84252,39.34256000000005,1088.8346404878048,52.64256
pdf_54:p1:r30,rec_cf1eff2f4333f26fe56daf06adffade88a1df9fee0815c8464e6dbfe9e803c75,3781,pdf_54,884b1d2d94fff12fa64928c8a22df877265f50fbc00dfcb61f5a4636dd1c14c8,data/raw/pdfs/54_เพชรบูรณ์.pdf,1,30,25.84252,470.04649,1088.8346429729727,483.34649
pdf_68:p1:r2,rec_ea0fb74a664e4563fa765fe4c2934b48aa15af93bc5f5d2864743ece7726d203,3782,pdf_68,3a242476c7c0c82cd6f78455b9ca30a8d8e875f3ae38090ae0fd5fb12805c593,data/raw/pdfs/68_ระนอง.pdf,1,2,25.84252,89.14648999999997,1088.8346429729727,102.44649000000004
pdf_12:p2:r19,rec_9d6025569b83f13319169eec66377d407d7d02db04ed3c62e9b14c0b7719172e,3783,pdf_12,a807bf56c3fc6df739b3c4e072038fd3824bd793ca3bbc711cf4169e5e81ff9c,data/raw/pdfs/12_ระยอง.pdf,2,19,25.842520000000004,278.7426,1088.8346355555555,292.0426
pdf_72:p1:r35,rec_737c99dc1f62d8be8ea79879d7dcb10f0876f941cde87d7fa5f541874deed069,3784,pdf_72,04f947c56ddf01a73b376cdbb3099e393f9141fff3fec2504b9e031114606073,data/raw/pdfs/72_ตรัง.pdf,1,35,25.84252,528.04649,1088.8346429729727,541.3464899999999
pdf_59:p1:r25,rec_71d373218984db0f06a13b7ee964f22acd74733130685a27bbf7a734af599754,3785,pdf_59,0c5827ab1fffa2ec0689a95405ee8640473ea428f18b199f44d2f71d4f366ad8,data/raw/pdfs/59_สมุทรสาคร.pdf,1,25,25.84252,395.04649,1088.8346429729727,408.34649
pdf_56:p2:r18,rec_a6e39f4ba3229343d8199cc8b15def6d8e3c684c9f2e5be3a354259d39a5b376,3786,pdf_56,f0ce416ab9d3f527c2052960422068d0564c2b8833f2a75d05cab7aa8280b0d5,data/raw/pdfs/56_กาญจนบุรี.pdf,2,18,25.84252,265.44256,1088.8346394594591,278.74256
pdf_67:p5:r10,rec_052de1ea0eb98b5042326fbf98998845e68bf334cc18c4c930b8cc086c95feba,3787,pdf_67,b66fc9f9229750b7a04c0e5c07c072d77eb0800ed604da819fb28b6c4a75a636,data/raw/pdfs/67_สุราษฎร์ธานี.pdf,5,10,25.84252,159.04255999999998,1088.8346404878048,172.34256
pdf_05:p2:r18,rec_4da28a2aeab7227c70b2dd709bc779f7553217c4b37e6974ae19f2b355701be8,3788,pdf_05,ae1ba5ac5ef768c29045f4282a9047c71474a8d654003bfa51574874b3f415fc,data/raw/pdfs/05_พระนครศรีอยุธยา.pdf,2,18,25.84252,265.44255999999996,1088.8346404878048,278.74255999999997
pdf_52:p1:r35,rec_9275c1eeb216c4dadb00eddb72213b0c10a703afcdb562876f94c57dbf500335,3789,pdf_52,9cb0d6cf6dff8fc890e8435c67310ba7051a6c49c0a0cbb9b817f49c8ece0551,data/raw/pdfs/52_พิษณุโลก.pdf,1,35,25.84252,528.04649,1088.8346429729727,541.3464899999999
pdf_19:p4:r22,rec_f9be7715476528cf8fc327c75a49bf151206a2754078c0c270d3afd9c71cee2f,3790,pdf_19,2fbc685c790d957bd597a9ae4cbc69a07dacbb20cab611015cf1ce2eecd5982c,data/raw/pdfs/19_นครราชสีมา.pdf,4,22,25.84252,318.64256,1088.8346404878048,331.94255999999996
pdf_38:p1:r14,rec_7e763d4186118b0309009f7bc9f34e42102ba182564a16a298550ae9784deaca,3791,pdf_38,462a1c486a501887e4446ef7e812041c7d158ab4442235b85572d4a89fd7f492,data/raw/pdfs/38_เชียงใหม่.pdf,1,14,25.84252,248.74649,1088.8346429729727,262.04648999999995
pdf_11:p2:r25,rec_f296345198948c0025efb321ccc8691535cfd7fa908c5b5a37545db3ff2ab40c,3792,pdf_11,3638acfefe295becff8609b6ee16edeea0914e518d215754813661f1c0a3f79b,data/raw/pdfs/11_ชลบุรี.pdf,2,25,25.84252,358.54256,1088.8346404878048,371.84256
pdf_66:p1:r25,rec_3cb0d5f221a7863a3896f00b10d1e0f54b2e968c7703622ac438c13c3bb8b233,3793,pdf_66,012255400d37e8c732ded7ebc3c018108c8f4aa391112b3f6d6515d21e797ab6,data/raw/pdfs/66_ภูเก็ต.pdf,1,25,25.84252,395.04649,1088.8346429729727,408.34649
pdf_04:p3:r6,rec_fed4c908b2bbcaaae37bdcef6385438381346626841b4ce2bbe49f6f71dce1c3,3794,pdf_04,83861a2a02db33dda27703227bb90cd50ba1b9144123e42912f926c1d1043c39,data/raw/pdfs/04_ปทุมธานี.pdf,3,6,25.84252,105.84256,1088.8346404878048,119.14255999999996
pdf_64:p3:r12,rec_0aa55070844b1e96eb8f84684c6df08668582f360c9a72cf8c979bed85634bb3,3795,pdf_64,a4e4abc03757d1e14ce1bfb2e426567faeea8fce3152123821e712496872240e,data/raw/pdfs/64_กระบี่.pdf,3,12,25.84252,185.64255999999995,1088.8346404878048,198.94255999999996
pdf_07:p2:r22,rec_7c3e56e9798a70dfe27bc5b3a222fceeffbdcdd7000ff95c33a7d48f07736c88,3796,pdf_07,f00681093e03a60a87dbc3834edae199fd055d6366406e456741ffd059ff3b05,data/raw/pdfs/07_ลพบุรี.pdf,2,22,25.84252,318.64256,1088.8346404878048,331.94255999999996
pdf_36:p1:r32,rec_ca6b2c16f592d2f0c8fe1e6ec97a5acd225411263e0b72d8adcf2fe8e8326b29,3797,pdf_36,e5624d419ac85611ac4b3fe0a27d6bfa73a7b474d5b0ee2a6b1a7b64f4783d70,data/raw/pdfs/36_นครพนม.pdf,1,32,25.84252,488.14649,1088.8346429729727,501.44649
pdf_56:p2:r6,rec_6933a1c846ec9cb899afee8f71307871842d6d2b58da1d467d11aae15a5b234c,3798,pdf_56,f0ce416ab9d3f527c2052960422068d0564c2b8833f2a75d05cab7aa8280b0d5,data/raw/pdfs/56_กาญจนบุรี.pdf,2,6,25.84252,105.84256,1088.8346394594591,119.14256
pdf_53:p2:r23,rec_6c12526097a4d192ad87ea14a1dc808ed4b1947bad6fbf2c1838c9cc382a2b6d,3799,pdf_53,41aaaf3a91961ab9b2dee694f50d9a086d1ad80beffe1b54e81370016a11cb14,data/raw/pdfs/53_พิจิตร.pdf,2,23,25.84252,331.94259999999997,1088.834638181818,345.2426
pdf_58:p3:r5,rec_0d12d09e6e2ad951d1348bbe0d73c281fc79a83a5168a66cba726dcc9fdffa15,3800,pdf_58,8ff0dc3c9fe92f1cc2721c37fe35cfcc653ad17ca531672dc94686e7776d35a5,data/raw/pdfs/58_นครปฐม.pdf,3,5,25.84252,92.5426,1088.8346304999998,105.84259999999995
pdf_66:p2:r38,rec_f70aa04eafdf8e8447d26ede6c1956b9ec8d511acd45ae0388c02831526765cb,3801,pdf_66,012255400d37e8c732ded7ebc3c018108c8f4aa391112b3f6d6515d21e797ab6,data/raw/pdfs/66_ภูเก็ต.pdf,2,38,25.84252,531.44256,1088.8346404878048,544.74256
pdf_03:p5:r2,rec_62790f23d2a44496399c68ae6165d4758452f91129603799d05657ba0d3e2020,3802,pdf_03,7dd9e7f51732791c63183067d85d18d20f856edf0c2dff89dbda84d866df2d62,data/raw/pdfs/03_นนทบุรี.pdf,5,2,25.84252,52.642599999999945,1088.8346391666664,65.94259999999997
pdf_61:p1:r10,rec_8f4a045c1eca30c5e02aac3afc179d9d1f7fedeaf7ddfec71346fd1f02d473dd,3803,pdf_61,6dda18b7ffb9a73296045d0dd81965bec27f7cbccc7ef862c8bf458d206599e2,data/raw/pdfs/61_เพชรบุรี.pdf,1,10,25.84252,195.5465,1088.834638181818,208.84650000000002
pdf_07:p1:r29,rec_3ac274475d8980afe2739f4796bcd43e3ae1a75b941d683d9db390fd0ac12b03,3804,pdf_07,f00681093e03a60a87dbc3834edae199fd055d6366406e456741ffd059ff3b05,data/raw/pdfs/07_ลพบุรี.pdf,1,29,25.84252,448.24649,1088.8346429729727,461.54649
pdf_59:p2:r21,rec_06729e46f645bf7e0e5f78d3aac40096209516d832d4b8b3ebda7ca736f058c8,3805,pdf_59,0c5827ab1fffa2ec0689a95405ee8640473ea428f18b199f44d2f71d4f366ad8,data/raw/pdfs/59_สมุทรสาคร.pdf,2,21,25.84252,305.34256,1088.8346404878048,318.64256
pdf_04:p4:r33,rec_e598aeaf33c29cc3bb07e85c88851c86d2ff6f140d99e57f7aec7c30dd741ca8,3806,pdf_04,83861a2a02db33dda27703227bb90cd50ba1b9144123e42912f926c1d1043c39,data/raw/pdfs/04_ปทุมธานี.pdf,4,33,25.84252,464.94255999999996,1088.8346404878048,478.24256
pdf_49:p1:r24,rec_288a3fb40e82437627a32577bc38ffd789817cd8aa3084add5cc893977ec3dcd,3807,pdf_49,6ada8eb27a34993420ed8c6db69aa4ae13ff4283abdb43b9d76a05d6794f6a27,data/raw/pdfs/49_กำแพงเพชร.pdf,1,24,25.84252,381.74649,1088.8346429729727,395.04649
pdf_73:p2:r4,rec_f74ff358d9c6d4716b2331dcfb9db863c50c978ee670f084798faf403a6d4bd5,3808,pdf_73,8a9a8b1fb9d81eb7f2d76afa1f886621ea38587fc4c60902bc317398649ff90e,data/raw/pdfs/73_พัทลุง.pdf,2,4,25.84252,79.24255999999997,1088.8346404878048,92.54255999999998
pdf_51:p1:r31,rec_2a701961d72be844450713ed821dc7bf3543534f517851d8ccd4e122a7738c55,3809,pdf_51,380327daf06efde704e25ac9a209c4688b14087a4bcd57b35db44471d39e5199,data/raw/pdfs/51_สุโขทัย.pdf,1,31,25.84252,483.34649,1088.834642352941,496.64649
pdf_58:p3:r8,rec_57a6289b370e5c8bc3fcda24652b8cb9a00d0f6f1af97b24a25e27ed6d966ad6,3810,pdf_58,8ff0dc3c9fe92f1cc2721c37fe35cfcc653ad17ca531672dc94686e7776d35a5,data/raw/pdfs/58_นครปฐม.pdf,3,8,25.84252,132.44259999999997,1088.8346304999998,145.74259999999998
pdf_40:p1:r27,rec_7e095584a8ad5812f4213ce35148ab3db8b346cd1fc553a82c874d70d8116739,3811,pdf_40,89bea4e9a200e8f073d048a2ed2a881a1e01108b8c12f1e050317b845aac6b1d,data/raw/pdfs/40_ลำปาง.pdf,1,27,25.84252,421.64649,1088.8346429729727,434.94649
pdf_73:p1:r2,rec_f742aa996bcea6be49ab8deb58e94ffa0f7e157ebbccd12d9320cc89683f2df8,3812,pdf_73,8a9a8b1fb9d81eb7f2d76afa1f886621ea38587fc4c60902bc317398649ff90e,data/raw/pdfs/73_พัทลุง.pdf,1,2,25.84252,97.64648999999997,1088.8346429729727,110.94649000000004
pdf_76:p2:r12,rec_e20ee0a1fe44a7e6e179698a79911499dc3a589559a6d6165d6a9527ad16acad,3813,pdf_76,474bb90a38c020bbc86d90180af2b062867ed6a1db6999d709acff810fd5d84d,data/raw/pdfs/76_นราธิวาส.pdf,2,12,25.84252,185.64260000000002,1088.8346369999997,198.94259999999997
pdf_74:p1:r5,rec_ff7e9ee521a53e16d89a61ed4d8de9d1b2097542a94993e9cd208d0c7c5a514a,3814,pdf_74,a740362f586a24f46fcc09fc1a1bc6391556e4c9bc432141903734f7833f39db,data/raw/pdfs/74_ปัตตานี.pdf,1,5,25.84252,129.04648999999995,1088.8346429729727,142.34649000000002
pdf_74:p2:r18,rec_c5718e3ed4ebded3bed5d71ad31a6db3e9b32a5f180d1a2051c0db991e9c1982,3815,pdf_74,a740362f586a24f46fcc09fc1a1bc6391556e4c9bc432141903734f7833f39db,data/raw/pdfs/74_ปัตตานี.pdf,2,18,25.84252,265.44255999999996,1088.8346404878048,278.74255999999997
pdf_73:p2:r23,rec_e185366ee15aa48541f746f5866d3f5965d05a6d805efa191dbfd65fadf61d8b,3816,pdf_73,8a9a8b1fb9d81eb7f2d76afa1f886621ea38587fc4c60902bc317398649ff90e,data/raw/pdfs/73_พัทลุง.pdf,2,23,25.84252,331.94255999999996,1088.8346404878048,345.24256
pdf_67:p5:r3,rec_2d79f9aea7b13b49571d052a3732c927d4943cd3dedabacece55e39a25d2211e,3817,pdf_67,b66fc9f9229750b7a04c0e5c07c072d77eb0800ed604da819fb28b6c4a75a636,data/raw/pdfs/67_สุราษฎร์ธานี.pdf,5,3,25.84252,65.94255999999996,1088.8346404878048,79.24255999999997
pdf_05:p2:r20,rec_264cb9f0aea13734b75bfdae3953eb7c1728c85bd533a5e53108a680003d5d88,3818,pdf_05,ae1ba5ac5ef768c29045f4282a9047c71474a8d654003bfa51574874b3f415fc,data/raw/pdfs/05_พระนครศรีอยุธยา.pdf,2,20,25.84252,292.04256,1088.8346404878048,305.34256
pdf_15:p3:r3,rec_67a195a4b62c17c433cc6b0d584eec66944ebb262a766262a44ab3cc33009325,3819,pdf_15,bf99cdf12418fcdc90b3c1c739fd4e7e09ca40818852ca43bcd1c3284b3cf084,data/raw/pdfs/15_ฉะเชิงเทรา.pdf,3,3,25.842519999999997,65.94259999999997,1088.8345849999998,79.24259999999998
pdf_59:p1:r33,rec_fb666c5eb10a7881cf8c959f028f16725a77b7c06ffd484f347e7bc5a8093d11,3820,pdf_59,0c5827ab1fffa2ec0689a95405ee8640473ea428f18b199f44d2f71d4f366ad8,data/raw/pdfs/59_สมุทรสาคร.pdf,1,33,25.84252,501.44649,1088.8346429729727,514.74649
pdf_72:p1:r19,rec_9361745e65307eeced685aaa4300b2fe9ad7a8291f1c8e4af387e549a2930a18,3821,pdf_72,04f947c56ddf01a73b376cdbb3099e393f9141fff3fec2504b9e031114606073,data/raw/pdfs/72_ตรัง.pdf,1,19,25.84252,315.24649,1088.8346429729727,328.54649
pdf_04:p2:r37,rec_5be931662f430b5333017c59e35b1a213fe218a5e3084d93639e18c5516702dd,3822,pdf_04,83861a2a02db33dda27703227bb90cd50ba1b9144123e42912f926c1d1043c39,data/raw/pdfs/04_ปทุมธานี.pdf,2,37,25.84252,518.14256,1088.8346404878048,531.44256
pdf_46:p1:r9,rec_b89d8cfec6e89e6ec743ac58e0c5c1df4c1cb6b768b2650b6265446f730816a7,3823,pdf_46,06c4f6b2edd8aec0be7828038556b5b7aec2393f710ca692324db2369d00d382,data/raw/pdfs/46_แม่ฮ่องสอน.pdf,1,9,25.84252,182.24649999999997,1088.834638181818,195.5465
pdf_76:p1:r16,rec_a7263ca81d66f28506c296f4f8f870765d481271936d4fe9d11c7207d109c702,3824,pdf_76,474bb90a38c020bbc86d90180af2b062867ed6a1db6999d709acff810fd5d84d,data/raw/pdfs/76_นราธิวาส.pdf,1,16,25.84252,275.34649,1088.8346429729727,288.64649
pdf_66:p2:r29,rec_6baf9e5c16146992b2b08c9af4e6b2bfb7a39fc1239aa97b9c6441d62b422116,3825,pdf_66,012255400d37e8c732ded7ebc3c018108c8f4aa391112b3f6d6515d21e797ab6,data/raw/pdfs/66_ภูเก็ต.pdf,2,29,25.84252,411.74256,1088.8346404878048,425.04256
pdf_03:p3:r1,rec_000cb1d2bebda8894bf8442ce6d1e96a752f4412013896aad8c61df3a4ac8333,3826,pdf_03,7dd9e7f51732791c63183067d85d18d20f856edf0c2dff89dbda84d866df2d62,data/raw/pdfs/03_นนทบุรี.pdf,3,1,25.84252,39.34256000000005,1088.8346404878048,52.64256
pdf_08:p1:r24,rec_d6b610c819c94d76e21c47bb6c932542b5cbb1ba053547a89251633c8f1e594a,3827,pdf_08,1fd4933c38e10cf826fbe5ecfe74a2eb8305671e2bb949afd059fb72b251fdad,data/raw/pdfs/08_สิงห์บุรี.pdf,1,24,25.84252,381.74649999999997,1088.8346399999998,395.0465
pdf_74:p1:r22,rec_18a2826f5d3e8906fbaac28e86116b72dad5cece3fd4009a94fc6099d814d524,3828,pdf_74,a740362f586a24f46fcc09fc1a1bc6391556e4c9bc432141903734f7833f39db,data/raw/pdfs/74_ปัตตานี.pdf,1,22,25.84252,355.14649,1088.8346429729727,368.44649
pdf_72:p2:r12,rec_17f3f39b2ef9f78b05ee223c82881f03647a07b686a577aab43966c89dc14ebd,3829,pdf_72,04f947c56ddf01a73b376cdbb3099e393f9141fff3fec2504b9e031114606073,data/raw/pdfs/72_ตรัง.pdf,2,12,25.84252,185.64256,1088.8346402499997,198.94255999999996
pdf_48:p1:r18,rec_a02cbe9b8a85a69d2f35fe17dc5a7e2bb6073a4870677d640d2f119b4d8bb2f8,3830,pdf_48,4ace8fb0ec02d2b1aa95432a9b9e883581d60aba88879e64923cce23b14c3f06,data/raw/pdfs/48_อุทัยธานี.pdf,1,18,25.842519999999997,301.94649999999996,1088.8346376190475,315.24649999999997
pdf_74:p2:r22,rec_db758dd82ab616a1744668a1209d3e82032388c2986b370c5b5f7fbeebe0a083,3831,pdf_74,a740362f586a24f46fcc09fc1a1bc6391556e4c9bc432141903734f7833f39db,data/raw/pdfs/74_ปัตตานี.pdf,2,22,25.84252,318.64256,1088.8346404878048,331.94255999999996
pdf_64:p3:r22,rec_b147055ded591ce8092e597b1a5a53b82f79d3461598bbf10002b0a30fe6f6eb,3832,pdf_64,a4e4abc03757d1e14ce1bfb2e426567faeea8fce3152123821e712496872240e,data/raw/pdfs/64_กระบี่.pdf,3,22,25.84252,318.64256,1088.8346404878048,331.94255999999996
pdf_54:p2:r31,rec_b23ffd1785359fd0d34952ac845f15c96df73588a6c127184d1ea6dafeeff893,3833,pdf_54,884b1d2d94fff12fa64928c8a22df877265f50fbc00dfcb61f5a4636dd1c14c8,data/raw/pdfs/54_เพชรบูรณ์.pdf,2,31,25.84252,438.34255999999993,1088.8346404878048,451.64256000000006
pdf_76:p1:r17,rec_c6e12edbd1451c05dc9eb44c3fda27686db3ce2349bc00aaf83cc7136b67e6ee,3834,pdf_76,474bb90a38c020bbc86d90180af2b062867ed6a1db6999d709acff810fd5d84d,data/raw/pdfs/76_นราธิวาส.pdf,1,17,25.84252,288.64649,1088.8346429729727,301.94649
pdf_76:p2:r7,rec_ea41b00c4f8e4f8839a33485cf503e5dd139474fe7e624f4c8ee2ce4044355e9,3835,pdf_76,474bb90a38c020bbc86d90180af2b062867ed6a1db6999d709acff810fd5d84d,data/raw/pdfs/76_นราธิวาส.pdf,2,7,25.84252,119.14260000000002,1088.8346369999997,132.44259999999997
pdf_57:p3:r28,rec_3dbe8957b2b4c62ee9f71c18bc569fef874776ad9713262530860aee6ac92d88,3836,pdf_57,9b6f57faac860a1339f68519b1b756d3ef34cc2ccd4962f5e15b78600e7c9112,data/raw/pdfs/57_สุพรรณบุรี.pdf,3,28,25.84252,398.44255999999996,1088.8346404878048,411.74256
pdf_71:p1:r16,rec_4d3be68e34d8b09fbf29ea14a7c3fdad11852c9a201c5424a81149aa772098ca,3837,pdf_71,639082545e4a719e41bac9fcbfd55a943a269cfdf276e85b2e44844d06d2a73a,data/raw/pdfs/71_สตูล.pdf,1,16,25.84252,275.3465,1088.8346395999997,288.6465
pdf_68:p2:r25,rec_b362954be5c6262806c53319c2e85a0153b5e2aabfcee46d5cce5a254b29ef1b,3838,pdf_68,3a242476c7c0c82cd6f78455b9ca30a8d8e875f3ae38090ae0fd5fb12805c593,data/raw/pdfs/68_ระนอง.pdf,2,25,25.84252,358.54256,1088.8346404878048,371.84256
pdf_68:p3:r7,rec_eb73e51a579d319d0879649784400381ffc3eac161d60b05a85b65c7d97609fc,3839,pdf_68,3a242476c7c0c82cd6f78455b9ca30a8d8e875f3ae38090ae0fd5fb12805c593,data/raw/pdfs/68_ระนอง.pdf,3,7,25.842519999999997,119.14260000000002,1088.8346337499997,132.44260000000003
pdf_59:p1:r6,rec_7fdb71fef2565ca84fb1c82c096ca984a4082615fa1f480ed8d7f4ea55c002eb,3840,pdf_59,0c5827ab1fffa2ec0689a95405ee8640473ea428f18b199f44d2f71d4f366ad8,data/raw/pdfs/59_สมุทรสาคร.pdf,1,6,25.84252,142.34649000000002,1088.8346429729727,155.64648999999997
pdf_10:p3:r1,rec_622cce36797eed459070e259bb41624800b919ea2c9640a65974ee2ddc25b540,3841,pdf_10,5e0a433bc2cc307479a32d344bf5b0b4f006af0a3d0ccc1493fb587c885896c1,data/raw/pdfs/10_สระบุรี.pdf,3,1,25.842519999999997,39.34259999999995,1088.8346314285711,52.642600000000016
pdf_11:p2:r35,rec_b1942b4bae346e18e6e55448f06cc256d915fe12198d6a818b2d74815e1c7a38,3842,pdf_11,3638acfefe295becff8609b6ee16edeea0914e518d215754813661f1c0a3f79b,data/raw/pdfs/11_ชลบุรี.pdf,2,35,25.84252,491.54256,1088.8346404878048,504.84255999999993
pdf_16:p1:r14,rec_30c5b1c8b4dc99748bc37cef35a4ef0b39bb523de1d8489702b4fc486549276e,3843,pdf_16,7b893a3f02630b40240d0242410f662e3fe91d8d5ea2449991bba89e89a89ea4,data/raw/pdfs/16_ปราจีนบุรี.pdf,1,14,25.84252,248.74649,1088.8346429729727,262.04648999999995
pdf_25:p1:r25,rec_613365b3582b4c2f5ea79d17c8f71b81d21ed17758e59a46abda502f3299351a,3844,pdf_25,0155bd151db06d789a16df2bc6422d9237698f7f38d57991cc1ab60bcb86601c,data/raw/pdfs/25_ชัยภูมิ.pdf,1,25,25.84252,395.04649,1088.8346429729727,408.34649
pdf_67:p4:r14,rec_68746f1ebb39411b72d7a5a81fcc8f4fc7b592480139ca33e9d664c861fa9722,3845,pdf_67,b66fc9f9229750b7a04c0e5c07c072d77eb0800ed604da819fb28b6c4a75a636,data/raw/pdfs/67_สุราษฎร์ธานี.pdf,4,14,25.84252,212.24255999999997,1088.8346404878048,225.54255999999995
pdf_07:p1:r30,rec_cde68d05918e2abdbb6f19d0e25652b140955726d1c364d2b2402a3c22174515,3846,pdf_07,f00681093e03a60a87dbc3834edae199fd055d6366406e456741ffd059ff3b05,data/raw/pdfs/07_ลพบุรี.pdf,1,30,25.84252,461.54649,1088.8346429729727,474.84649
pdf_72:p2:r13,rec_35abe4637ed2874dff98d2442c1a7f46802c0cc217578312471f0700c8a49dbf,3847,pdf_72,04f947c56ddf01a73b376cdbb3099e393f9141fff3fec2504b9e031114606073,data/raw/pdfs/72_ตรัง.pdf,2,13,25.84252,198.94255999999996,1088.8346402499997,212.24256000000005
pdf_13:p1:r1,rec_8113b2d1d0f55ad6b0ff5fca24334bcc62ad2a24b36f3f81f3fcbc5e8e18038a,3848,pdf_13,b20ef2b0fb7767955210435e1f38c72a82bb812eb8d831b1ac9a4d227b8a8454,data/raw/pdfs/13_จันทบุรี.pdf,1,1,25.84252,75.84649999999999,1088.8346326666665,89.14649999999995
pdf_39:p1:r17,rec_debbd571c6ba1b0d99f3b87e321928124f1fe6265204120224c3c99a28dccfc3,3849,pdf_39,f8439630693dcb0a91ca91bc39687ac32878a128fb24ec09b75d075fce0bca64,data/raw/pdfs/39_ลำพูน.pdf,1,17,25.84252,288.64649999999995,1088.8346369999997,301.94649999999996
pdf_36:p1:r7,rec_a916f1c84c4bb6e3f709176f105b10bfde50274759d1fa0f9061b491277e1afa,3850,pdf_36,e5624d419ac85611ac4b3fe0a27d6bfa73a7b474d5b0ee2a6b1a7b64f4783d70,data/raw/pdfs/36_นครพนม.pdf,1,7,25.84252,155.64648999999997,1088.8346429729727,168.94649000000004
pdf_76:p1:r3,rec_8df6f59ee86944d82ed1f10e7a8a6c343b28728ece9c1ab8ffcefd1437369b67,3851,pdf_76,474bb90a38c020bbc86d90180af2b062867ed6a1db6999d709acff810fd5d84d,data/raw/pdfs/76_นราธิวาส.pdf,1,3,25.84252,102.44649000000004,1088.8346429729727,115.74649
pdf_71:p1:r21,rec_cc678f5e6fedd30802b48c8ae52a9e534b89d07dc7d98b6fb04458b6677479f5,3852,pdf_71,639082545e4a719e41bac9fcbfd55a943a269cfdf276e85b2e44844d06d2a73a,data/raw/pdfs/71_สตูล.pdf,1,21,25.84252,341.8465,1088.8346395999997,355.1465
pdf_60:p1:r4,rec_7a131d6a86a45fffa03d2b94321f5558cbd15b291cffec26eeb32b7f4eb0df37,3853,pdf_60,83005eabe1d9070b5592477278ea610755bdcb54fea6e719fee81b3b098eaa28,data/raw/pdfs/60_สมุทรสงคราม.pdf,1,4,25.842520000000004,115.7465,1088.8346403703702,129.04649999999998
pdf_74:p3:r15,rec_63eacbc159437dee83ebcca43eb9ca182b35450e63ff8527fe967d4fe47fd3cb,3854,pdf_74,a740362f586a24f46fcc09fc1a1bc6391556e4c9bc432141903734f7833f39db,data/raw/pdfs/74_ปัตตานี.pdf,3,15,25.84252,225.5426,1088.834628333333,238.84260000000003
pdf_53:p1:r34,rec_6c145304366af62204f357491cdb1c5e58b96e6554a368af7ecca973c73ab96b,3855,pdf_53,41aaaf3a91961ab9b2dee694f50d9a086d1ad80beffe1b54e81370016a11cb14,data/raw/pdfs/53_พิจิตร.pdf,1,34,25.84252,523.24649,1088.8346429729727,536.54649
pdf_19:p4:r25,rec_31722a342a1bcb19c67b64c3916c83361e23887c0d0d2aa9233205ff0e525007,3856,pdf_19,2fbc685c790d957bd597a9ae4cbc69a07dacbb20cab611015cf1ce2eecd5982c,data/raw/pdfs/19_นครราชสีมา.pdf,4,25,25.84252,358.54256,1088.8346404878048,371.84256
pdf_07:p1:r6,rec_4f8edfe3280ff58de05a06616d4a09f8c8a84ed34504e1bfb9b962db58c3aef1,3857,pdf_07,f00681093e03a60a87dbc3834edae199fd055d6366406e456741ffd059ff3b05,data/raw/pdfs/07_ลพบุรี.pdf,1,6,25.84252,142.34649000000002,1088.8346429729727,155.64648999999997
pdf_73:p2:r17,rec_ff689f35b0e740df11f2db8b3a9d914adc3dc09aa62ed45e0b8dfe062d3202a2,3858,pdf_73,8a9a8b1fb9d81eb7f2d76afa1f886621ea38587fc4c60902bc317398649ff90e,data/raw/pdfs/73_พัทลุง.pdf,2,17,25.84252,252.14255999999995,1088.8346404878048,265.44255999999996
pdf_17:p1:r9,rec_00224308df2c850922497f22556638212d17397255c14a2e12b2c650aa0f6c85,3859,pdf_17,69ee6e20b50a8b481e887173d13a132193b234c6f6442cad70c9aa3f04917b71,data/raw/pdfs/17_นครนายก.pdf,1,9,25.84252,182.24649999999997,1088.8346355555555,195.5465
pdf_74:p2:r19,rec_2698478566a697495e9cb864db4cd83da7195c699f152927eb76fcf3f9fa839e,3860,pdf_74,a740362f586a24f46fcc09fc1a1bc6391556e4c9bc432141903734f7833f39db,data/raw/pdfs/74_ปัตตานี.pdf,2,19,25.84252,278.74255999999997,1088.8346404878048,292.04256
pdf_67:p5:r18,rec_f8652cab552c04d32e076911bee8a39b63034ef2e6681b46f096fc7e3336eb51,3861,pdf_67,b66fc9f9229750b7a04c0e5c07c072d77eb0800ed604da819fb28b6c4a75a636,data/raw/pdfs/67_สุราษฎร์ธานี.pdf,5,18,25.84252,265.44255999999996,1088.8346404878048,278.74255999999997
pdf_76:p1:r19,rec_ebb2c1db5cb23bd970777bc2bc9ff670daada1e65031a938e44e1df90130d235,3862,pdf_76,474bb90a38c020bbc86d90180af2b062867ed6a1db6999d709acff810fd5d84d,data/raw/pdfs/76_นราธิวาส.pdf,1,19,25.84252,315.24649,1088.8346429729727,328.54649
pdf_17:p1:r13,rec_ab4aba202b85d1457eca31b5447d4e2cce7343e552d29d261b8ea7d84c0f9f4c,3863,pdf_17,69ee6e20b50a8b481e887173d13a132193b234c6f6442cad70c9aa3f04917b71,data/raw/pdfs/17_นครนายก.pdf,1,13,25.84252,235.44650000000001,1088.8346355555555,248.74650000000003
pdf_48:p1:r8,rec_c5a99acbaaa1fd88a9661a44c42bfb39b39fb3b6f85b51d935b99c4c4bda3d13,3864,pdf_48,4ace8fb0ec02d2b1aa95432a9b9e883581d60aba88879e64923cce23b14c3f06,data/raw/pdfs/48_อุทัยธานี.pdf,1,8,25.842519999999997,168.94650000000001,1088.8346376190475,182.24649999999997
pdf_05:p2:r8,rec_79d141b2f3aa7818705860513369f770723dbc76d31ecb295510e7e0ab9047d8,3865,pdf_05,ae1ba5ac5ef768c29045f4282a9047c71474a8d654003bfa51574874b3f415fc,data/raw/pdfs/05_พระนครศรีอยุธยา.pdf,2,8,25.84252,132.44255999999996,1088.8346404878048,145.74255999999997
pdf_66:p1:r10,rec_eb2433ee7f44fd51966b576612d9562640768de95574e4ca8419f2ae7bb17dd6,3866,pdf_66,012255400d37e8c732ded7ebc3c018108c8f4aa391112b3f6d6515d21e797ab6,data/raw/pdfs/66_ภูเก็ต.pdf,1,10,25.84252,195.54648999999995,1088.8346429729727,208.84649
pdf_36:p2:r8,rec_032fd4bfff1fb23a21ecb2dd8e55847a4d2506f362d372fd521a025f87aac872,3867,pdf_36,e5624d419ac85611ac4b3fe0a27d6bfa73a7b474d5b0ee2a6b1a7b64f4783d70,data/raw/pdfs/36_นครพนม.pdf,2,8,25.84252,132.44260000000003,1088.8346294736841,145.74260000000004
pdf_74:p1:r29,rec_c517230cce3f2fe87ea08f1755045a0e9b9dd9ad8a55144f09d33525aceb7a50,3868,pdf_74,a740362f586a24f46fcc09fc1a1bc6391556e4c9bc432141903734f7833f39db,data/raw/pdfs/74_ปัตตานี.pdf,1,29,25.84252,448.24649,1088.8346429729727,461.54649
pdf_53:p2:r21,rec_b17a60d42da79beedd1a5059ec1819cf820c3ea894d5799760850b5cbaa35457,3869,pdf_53,41aaaf3a91961ab9b2dee694f50d9a086d1ad80beffe1b54e81370016a11cb14,data/raw/pdfs/53_พิจิตร.pdf,2,21,25.84252,305.34259999999995,1088.834638181818,318.64259999999996
pdf_66:p1:r6,rec_42fdba0940d367e20b0bbe0c6e9054d332842a898b0ad2da1bb410067f1a98a1,3870,pdf_66,012255400d37e8c732ded7ebc3c018108c8f4aa391112b3f6d6515d21e797ab6,data/raw/pdfs/66_ภูเก็ต.pdf,1,6,25.84252,142.34649000000002,1088.8346429729727,155.64648999999997
pdf_74:p2:r4,rec_ca5b56d52cf84f118767e9418460df03f9e285e94bffa37827d7167fd9a9b687,3871,pdf_74,a740362f586a24f46fcc09fc1a1bc6391556e4c9bc432141903734f7833f39db,data/raw/pdfs/74_ปัตตานี.pdf,2,4,25.84252,79.24255999999997,1088.8346404878048,92.54255999999998
pdf_73:p3:r17,rec_45787310aa6bb1cf7f410b55b84de5781031e1b4425b6f6817f2c11873e9282c,3872,pdf_73,8a9a8b1fb9d81eb7f2d76afa1f886621ea38587fc4c60902bc317398649ff90e,data/raw/pdfs/73_พัทลุง.pdf,3,17,25.842519999999997,252.14259999999996,1088.8346314285711,265.44259999999997
pdf_74:p3:r5,rec_7e7e76ec1a62f6ff35328ec1216461036c65ae8aebb1ea05ee76504cb7e15a35,3873,pdf_74,a740362f586a24f46fcc09fc1a1bc6391556e4c9bc432141903734f7833f39db,data/raw/pdfs/74_ปัตตานี.pdf,3,5,25.84252,92.5426,1088.834628333333,105.84259999999999
pdf_64:p1:r14,rec_0d1d6ab7cd5d40c9912c4445d71ad8ca723beb2b40782331d61032a775ef96a4,3874,pdf_64,a4e4abc03757d1e14ce1bfb2e426567faeea8fce3152123821e712496872240e,data/raw/pdfs/64_กระบี่.pdf,1,14,25.84252,248.74649,1088.8346429729727,262.04648999999995
pdf_53:p2:r27,rec_6bffcc0e268ac7169d35e74bb75e3a354c668f0b29f5962cd4c9c26dc5d8044c,3875,pdf_53,41aaaf3a91961ab9b2dee694f50d9a086d1ad80beffe1b54e81370016a11cb14,data/raw/pdfs/53_พิจิตร.pdf,2,27,25.84252,385.14259999999996,1088.834638181818,398.44259999999997
pdf_66:p2:r30,rec_cbcad5a9177550090e95638b0c04364edd4b3885a705681849b445a1075d1f55,3876,pdf_66,012255400d37e8c732ded7ebc3c018108c8f4aa391112b3f6d6515d21e797ab6,data/raw/pdfs/66_ภูเก็ต.pdf,2,30,25.84252,425.04256,1088.8346404878048,438.34255999999993
pdf_30:p1:r8,rec_9a90a035cf5705f3899a335e32489a260e14729e999cb7711a7650a5a338fcef,3877,pdf_30,3dbc36c6e240d0c7cc9a595bfe9743d7b0579f6761191fb00c2a69959c985598,data/raw/pdfs/30_เลย.pdf,1,8,25.84252,168.94650000000001,1088.8346355555555,182.24649999999997
pdf_10:p1:r32,rec_371f2c73ac7371d6e8bde026380a22b858966eec54f61fb4d653036bc98b2121,3878,pdf_10,5e0a433bc2cc307479a32d344bf5b0b4f006af0a3d0ccc1493fb587c885896c1,data/raw/pdfs/10_สระบุรี.pdf,1,32,25.84252,488.14649,1088.8346429729727,501.44649
pdf_50:p2:r12,rec_60ad508723fe1b27522902adc315f5fcbba17ca5514cc38c2eb6f9ce70c6b0d7,3879,pdf_50,8b7fe8a59c2c1fa488d7462868687d8f934217d7df929384117ef1e19dae37ab,data/raw/pdfs/50_ตาก.pdf,2,12,25.84252,185.64260000000002,1088.8346270588233,198.94259999999997
pdf_08:p1:r5,rec_491da9a8dced55aba5c9f9dec887417329fea999709d65cd957969e14249ffbf,3880,pdf_08,1fd4933c38e10cf826fbe5ecfe74a2eb8305671e2bb949afd059fb72b251fdad,data/raw/pdfs/08_สิงห์บุรี.pdf,1,5,25.84252,129.04649999999998,1088.8346399999998,142.3465
pdf_73:p1:r4,rec_9f821e889a8853251b59fec1363984bef59eb770a4bb515e01d243509e5d72f9,3881,pdf_73,8a9a8b1fb9d81eb7f2d76afa1f886621ea38587fc4c60902bc317398649ff90e,data/raw/pdfs/73_พัทลุง.pdf,1,4,25.84252,124.24649,1088.8346429729727,137.54648999999995
pdf_11:p1:r17,rec_000ae7efb37641e7b736d7e8d99f0dea2cb3001af2a44cd12f466e3baaea42e7,3882,pdf_11,3638acfefe295becff8609b6ee16edeea0914e518d215754813661f1c0a3f79b,data/raw/pdfs/11_ชลบุรี.pdf,1,17,25.84252,288.64649,1088.8346429729727,301.94649
pdf_08:p1:r12,rec_082d39fa77f436e3cf256cb1cbcf7d789f3ce223634f45fa7383321180308eab,3883,pdf_08,1fd4933c38e10cf826fbe5ecfe74a2eb8305671e2bb949afd059fb72b251fdad,data/raw/pdfs/08_สิงห์บุรี.pdf,1,12,25.84252,222.14649999999997,1088.8346399999998,235.44650000000001
pdf_70:p2:r1,rec_4571f0def913ceddbdd8154bf61a8a2f0f706294ddb4213ee0fe929845cd5395,3884,pdf_70,dd0c8cec48b7f0994639864765a097630785c0e22135d674cb3057f22c0f80ab,data/raw/pdfs/70_สงขลา.pdf,2,1,25.84252,39.34259999999995,1088.8346391666664,52.642599999999945
pdf_72:p2:r16,rec_2956d014affa4bf5870af70393e2ab5dbe6cae68e956ef3b2735b9daf9712313,3885,pdf_72,04f947c56ddf01a73b376cdbb3099e393f9141fff3fec2504b9e031114606073,data/raw/pdfs/72_ตรัง.pdf,2,16,25.84252,238.84255999999996,1088.8346402499997,252.14256
pdf_74:p1:r28,rec_d96c4847eab2905dfec7bace38d6c1b135f7e0f8d245c1b47e42f3cf1b077737,3886,pdf_74,a740362f586a24f46fcc09fc1a1bc6391556e4c9bc432141903734f7833f39db,data/raw/pdfs/74_ปัตตานี.pdf,1,28,25.84252,434.94649,1088.8346429729727,448.24649
pdf_74:p1:r27,rec_e8a3f691977e04cafc65717475308072f7474a4d19308c2e1fed57a93eb41a9c,3887,pdf_74,a740362f586a24f46fcc09fc1a1bc6391556e4c9bc432141903734f7833f39db,data/raw/pdfs/74_ปัตตานี.pdf,1,27,25.84252,421.64649,1088.8346429729727,434.94649
pdf_75:p1:r12,rec_ce73050a068accb05ed4f7bbee693eb36281a42feddb4c4d6441940850bc1440,3888,pdf_75,ffef7f4f9a7953e62785b17dc6cfa1d3fa15bda9cb7369abaaa41e24f24f5ae4,data/raw/pdfs/75_ยะลา.pdf,1,12,25.84252,222.14649,1088.834642352941,235.44648999999998
pdf_70:p1:r19,rec_74a2cd3d89c824f6ec92c1b0061d36b358428a10e872799724c02fedbc6c7fbb,3889,pdf_70,dd0c8cec48b7f0994639864765a097630785c0e22135d674cb3057f22c0f80ab,data/raw/pdfs/70_สงขลา.pdf,1,19,25.84252,315.24649,1088.8346429729727,328.54649
pdf_71:p1:r2,rec_ff608971e1ef1ba9719765bc395ea38c69d4a883f01846110deafd354519fd07,3890,pdf_71,639082545e4a719e41bac9fcbfd55a943a269cfdf276e85b2e44844d06d2a73a,data/raw/pdfs/71_สตูล.pdf,1,2,25.84252,89.14649999999999,1088.8346395999997,102.44650000000001
pdf_63:p2:r1,rec_f32378c0d88052133c53f2bbd83af47022573e2a5f3b381b10f2b719a80f0451,3891,pdf_63,b04433cfbe561d1199180db3f5210359427f668e1f7b072f31972e2749ce63ae,data/raw/pdfs/63_นครศรีธรรมราช.pdf,2,1,25.84252,39.34259999999995,1088.834594285714,52.642600000000016
pdf_21:p1:r6,rec_6d13cd3a975c1e88119398deb119e2be8c32ba5c8fc8be542b6d3952de4c8619,3892,pdf_21,30de42d8df83af320948c083353a9109256e5f6ce057c8d941902c86bbb645dd,data/raw/pdfs/21_สุรินทร์.pdf,1,6,25.84252,142.3465,1088.8346369999997,155.64649999999995
pdf_58:p1:r23,rec_0227bcc35d3f94b257757234374416497a967a3abb86a9073d8fcfb2027ed3dc,3893,pdf_58,8ff0dc3c9fe92f1cc2721c37fe35cfcc653ad17ca531672dc94686e7776d35a5,data/raw/pdfs/58_นครปฐม.pdf,1,23,25.84252,368.44649,1088.8346429729727,381.74649
pdf_41:p1:r3,rec_2537da3405b72d5d293e42fc2844e50332bd4b8061be63057ce853c7fdad27e2,3894,pdf_41,30547a39de949400c4d126175dcaea5210ed959ebf29c2b6135b85e45a4643e4,data/raw/pdfs/41_อุตรดิตถ์.pdf,1,3,25.84252,102.44650000000001,1088.834636315789,115.74650000000001
pdf_60:p1:r25,rec_e00d628d4b3371c51633a8ab83fd58e923b7796ee476fe508364d692d0dd7ffc,3895,pdf_60,83005eabe1d9070b5592477278ea610755bdcb54fea6e719fee81b3b098eaa28,data/raw/pdfs/60_สมุทรสงคราม.pdf,1,25,25.842520000000004,395.0465,1088.8346403703702,408.34649999999993
pdf_69:p3:r9,rec_8153b658955601012dae884449eb943648df6fa0e52a48ff30fe03bc3d8258e8,3896,pdf_69,769b283c00d83344280df884874571c2a99d89f78de64644b43bf9c6a108efa4,data/raw/pdfs/69_ชุมพร.pdf,3,9,25.84252,145.74260000000004,1088.834622142857,159.0426
pdf_75:p1:r5,rec_262b96d244aef7ab37d514af8fc01b7d5a1cd322c0a1208e342d8dbfbc4c8f0e,3897,pdf_75,ffef7f4f9a7953e62785b17dc6cfa1d3fa15bda9cb7369abaaa41e24f24f5ae4,data/raw/pdfs/75_ยะลา.pdf,1,5,25.84252,129.04649,1088.834642352941,142.34649
pdf_73:p1:r24,rec_6135d8d731d57d308757f333c01c3579cd9e355f32751da1fff8f8049b872255,3898,pdf_73,8a9a8b1fb9d81eb7f2d76afa1f886621ea38587fc4c60902bc317398649ff90e,data/raw/pdfs/73_พัทลุง.pdf,1,24,25.84252,390.24649,1088.8346429729727,403.54649
pdf_05:p1:r2,rec_503904f267685cacc21e6412580b2a398956d545991729f4991c51b580c4ac18,3899,pdf_05,ae1ba5ac5ef768c29045f4282a9047c71474a8d654003bfa51574874b3f415fc,data/raw/pdfs/05_พระนครศรีอยุธยา.pdf,1,2,25.84252,89.14648999999997,1088.8346429729727,102.44649000000004
pdf_03:p5:r3,rec_2b78654d9246e27c46c83d7e701d22f607fdec5fdcba39e4791147bdcd7d5aaf,3900,pdf_03,7dd9e7f51732791c63183067d85d18d20f856edf0c2dff89dbda84d866df2d62,data/raw/pdfs/03_นนทบุรี.pdf,5,3,25.84252,65.94259999999997,1088.8346391666664,79.24259999999998
pdf_70:p1:r4,rec_bf5e9df978372bb353af65773338abe0fc1fd096e524fb979dab2f36ae9bb5c5,3901,pdf_70,dd0c8cec48b7f0994639864765a097630785c0e22135d674cb3057f22c0f80ab,data/raw/pdfs/70_สงขลา.pdf,1,4,25.84252,115.74649,1088.8346429729727,129.04648999999995
pdf_19:p3:r34,rec_4439bbd52fa785f11c41aea69872d39c246756090eed6970e813985803d032ca,3902,pdf_19,2fbc685c790d957bd597a9ae4cbc69a07dacbb20cab611015cf1ce2eecd5982c,data/raw/pdfs/19_นครราชสีมา.pdf,3,34,25.84252,478.24256,1088.8346404878048,491.54256
pdf_31:p1:r25,rec_e726cb7de8b84c69c3db2dbeaff17f19edc04874d8da1f5d585754be018c462c,3903,pdf_31,f1a10c3940792a9b882ab08acb2b2394c5009faa4f9334ce940cf44438cf5d54,data/raw/pdfs/31_หนองคาย.pdf,1,25,25.84252,395.04648999999995,1088.834642352941,408.34649
pdf_04:p5:r31,rec_fb45b655e2a9d054dfc985e712db40233d321995376c6d82baf408d512d753d4,3904,pdf_04,83861a2a02db33dda27703227bb90cd50ba1b9144123e42912f926c1d1043c39,data/raw/pdfs/04_ปทุมธานี.pdf,5,31,25.84252,438.34259999999995,1088.8346388571426,451.64259999999996
pdf_25:p1:r8,rec_bee3c39716425d0757b9e29fd1adf5a136ee1cf8a60fcb2b5cb1116f1adc4f40,3905,pdf_25,0155bd151db06d789a16df2bc6422d9237698f7f38d57991cc1ab60bcb86601c,data/raw/pdfs/25_ชัยภูมิ.pdf,1,8,25.84252,168.94649000000004,1088.8346429729727,182.24649
pdf_05:p3:r5,rec_5d10bf9f629e61b0c397629f11513df51704c54feca4f9a002c2579ec2f6633f,3906,pdf_05,ae1ba5ac5ef768c29045f4282a9047c71474a8d654003bfa51574874b3f415fc,data/raw/pdfs/05_พระนครศรีอยุธยา.pdf,3,5,25.84252,92.5426,1088.8346388571426,105.84259999999998
pdf_16:p1:r5,rec_0830387a2cd53f13c175acd2e2e1bb888ea55b0b3d9aefaa7966d3faeba59ac1,3907,pdf_16,7b893a3f02630b40240d0242410f662e3fe91d8d5ea2449991bba89e89a89ea4,data/raw/pdfs/16_ปราจีนบุรี.pdf,1,5,25.84252,129.04648999999995,1088.8346429729727,142.34649000000002
pdf_23:p2:r22,rec_e3c85d569203ee7e00892f050529f3763a7a8a413c4c2b8c5bf1836ae0dde2cf,3908,pdf_23,771338278a591f8b5dfd252a64922234ef0d7071b6e6cd32beb2341668023e47,data/raw/pdfs/23_อุบลราชธานี.pdf,2,22,25.84252,318.64256,1088.8346404878048,331.94255999999996
pdf_19:p2:r25,rec_de02101e2b9f7ff572007ab3780e1e537b8aebc29026b0494327a4d9ed1b8587,3909,pdf_19,2fbc685c790d957bd597a9ae4cbc69a07dacbb20cab611015cf1ce2eecd5982c,data/raw/pdfs/19_นครราชสีมา.pdf,2,25,25.84252,358.54256,1088.8346404878048,371.84256
pdf_36:p2:r2,rec_896a016c606e8e3e57a7264cbe1061a781786afbc267738221d6a5d859f043ac,3910,pdf_36,e5624d419ac85611ac4b3fe0a27d6bfa73a7b474d5b0ee2a6b1a7b64f4783d70,data/raw/pdfs/36_นครพนม.pdf,2,2,25.84252,52.642600000000016,1088.8346294736841,65.94260000000008
pdf_71:p1:r14,rec_2e7c39e19e5a37f399200bd2d1952be56e292a229dc873ef026e01f0214d3953,3911,pdf_71,639082545e4a719e41bac9fcbfd55a943a269cfdf276e85b2e44844d06d2a73a,data/raw/pdfs/71_สตูล.pdf,1,14,25.84252,248.74649999999997,1088.8346395999997,262.0465
pdf_76:p1:r7,rec_4ca92791c5ccffa41563d7df04e5c1cb31086f9e8551073e463b1a8008bbc924,3912,pdf_76,474bb90a38c020bbc86d90180af2b062867ed6a1db6999d709acff810fd5d84d,data/raw/pdfs/76_นราธิวาส.pdf,1,7,25.84252,155.64648999999997,1088.8346429729727,168.94649000000004
pdf_12:p1:r18,rec_7cbdfd3363625ef7f68f62423eace226368a8eadfa709fe4e316b44caa016c35,3913,pdf_12,a807bf56c3fc6df739b3c4e072038fd3824bd793ca3bbc711cf4169e5e81ff9c,data/raw/pdfs/12_ระยอง.pdf,1,18,25.84252,301.94649,1088.8346429729727,315.24649
pdf_36:p1:r14,rec_91c265f0b56e678617fceeba3c23b84ad91a61448aa73302b57437b8a87e40ff,3914,pdf_36,e5624d419ac85611ac4b3fe0a27d6bfa73a7b474d5b0ee2a6b1a7b64f4783d70,data/raw/pdfs/36_นครพนม.pdf,1,14,25.84252,248.74649,1088.8346429729727,262.04648999999995
pdf_70:p1:r26,rec_0a989fb4ade3738a9fc6d604f127e82b69f10f7c09c1d7a6fa1c423349683eeb,3915,pdf_70,dd0c8cec48b7f0994639864765a097630785c0e22135d674cb3057f22c0f80ab,data/raw/pdfs/70_สงขลา.pdf,1,26,25.84252,408.34649,1088.8346429729727,421.64649
pdf_27:p1:r12,rec_6e1eece6fc836224ea5c46ddea64089bb3c3ad6f7e82f86685c816b423b4cdd3,3916,pdf_27,bf545cbe9d19aa5a22880cf18f4484776d7d3e1348605d1451dfe7147ed85334,data/raw/pdfs/27_หนองบัวลำภู.pdf,1,12,25.84252,222.14649,1088.8346429729727,235.44649000000004
pdf_74:p2:r12,rec_82e8cdd1a40d126fd1e12a27e2fb6f85ce1587423d884e27011677c758107bdb,3917,pdf_74,a740362f586a24f46fcc09fc1a1bc6391556e4c9bc432141903734f7833f39db,data/raw/pdfs/74_ปัตตานี.pdf,2,12,25.84252,185.64255999999995,1088.8346404878048,198.94255999999996
pdf_23:p2:r31,rec_d00f526d3e657d3133c18ce41a32d3320baa3cad659a7f2d083d319b3f873bba,3918,pdf_23,771338278a591f8b5dfd252a64922234ef0d7071b6e6cd32beb2341668023e47,data/raw/pdfs/23_อุบลราชธานี.pdf,2,31,25.84252,438.34255999999993,1088.8346404878048,451.64256000000006
pdf_19:p2:r28,rec_17045e22580b9a27561727ca7caeab9d948db204a99d732aa461a7201dbdc92f,3919,pdf_19,2fbc685c790d957bd597a9ae4cbc69a07dacbb20cab611015cf1ce2eecd5982c,data/raw/pdfs/19_นครราชสีมา.pdf,2,28,25.84252,398.44255999999996,1088.8346404878048,411.74256
pdf_67:p1:r13,rec_a5a8e31afb0515e5603d0f309d7317f20b6067a50796417023b099c8ee40ef22,3920,pdf_67,b66fc9f9229750b7a04c0e5c07c072d77eb0800ed604da819fb28b6c4a75a636,data/raw/pdfs/67_สุราษฎร์ธานี.pdf,1,13,25.84252,235.44649000000004,1088.8346429729727,248.74649
pdf_09:p1:r13,rec_79c1780b2fe90202eb8431c8bcc0677b9e480175989b1312231f47c26916a4d5,3921,pdf_09,1912b318a38a3716d462ae8461062b50db721b56bb5dcac725c184bafd97be54,data/raw/pdfs/09_ชัยนาท.pdf,1,13,25.84252,235.44650000000001,1088.8346395999997,248.74649999999997
pdf_69:p1:r26,rec_1e21655e604343ae39b0fb02d02312f932cfae5007017bf16b90fafadaddb316,3922,pdf_69,769b283c00d83344280df884874571c2a99d89f78de64644b43bf9c6a108efa4,data/raw/pdfs/69_ชุมพร.pdf,1,26,25.84252,408.34649,1088.8346429729727,421.64649
pdf_17:p1:r16,rec_debbff74c5bbd1a70a47364d866eaf65d3a409884536d17c802213c6e5e10905,3923,pdf_17,69ee6e20b50a8b481e887173d13a132193b234c6f6442cad70c9aa3f04917b71,data/raw/pdfs/17_นครนายก.pdf,1,16,25.84252,275.3465,1088.8346355555555,288.6465
pdf_38:p1:r7,rec_99aa5e4b7c2ae396d78eff0c25b121ad4506ec5165d3309c712c1dd958650f76,3924,pdf_38,462a1c486a501887e4446ef7e812041c7d158ab4442235b85572d4a89fd7f492,data/raw/pdfs/38_เชียงใหม่.pdf,1,7,25.84252,155.64648999999997,1088.8346429729727,168.94649000000004
pdf_55:p1:r34,rec_78ae2de20d96ba5c70a005139e6e308e4277dee9d2226931b4e58f220cb0a147,3925,pdf_55,fe2373eb0d81516b45b09f5bb593a35bc32f505875cafd93f214ca6bc310c4d4,data/raw/pdfs/55_ราชบุรี.pdf,1,34,25.84252,514.74649,1088.8346429729727,528.04649
pdf_23:p1:r12,rec_e9291a72a4d00547fafd76600f6973da535bc5b134a5dc1b06f5d7d51bada493,3926,pdf_23,771338278a591f8b5dfd252a64922234ef0d7071b6e6cd32beb2341668023e47,data/raw/pdfs/23_อุบลราชธานี.pdf,1,12,25.84252,230.64649,1088.8346429729727,243.94649000000004
pdf_03:p5:r4,rec_5d43b3af527419594387430fa4790d9d27477072aef1876193d0dc7c11d66599,3927,pdf_03,7dd9e7f51732791c63183067d85d18d20f856edf0c2dff89dbda84d866df2d62,data/raw/pdfs/03_นนทบุรี.pdf,5,4,25.84252,79.24259999999998,1088.8346391666664,92.5426
pdf_07:p2:r30,rec_0beb7a3fe14fa4421aa82a4b0820874024eb1e607546e5d1696d66bb8a803f3b,3928,pdf_07,f00681093e03a60a87dbc3834edae199fd055d6366406e456741ffd059ff3b05,data/raw/pdfs/07_ลพบุรี.pdf,2,30,25.84252,425.04256,1088.8346404878048,438.34255999999993
pdf_67:p2:r19,rec_63ed3a7efe3c93b12f47e690f7c0bca4999145018588bd4e6add9470c13da5b6,3929,pdf_67,b66fc9f9229750b7a04c0e5c07c072d77eb0800ed604da819fb28b6c4a75a636,data/raw/pdfs/67_สุราษฎร์ธานี.pdf,2,19,25.84252,278.74255999999997,1088.8346404878048,292.04256
pdf_61:p1:r12,rec_d65193805ae56fbb670dd00ab9dbae8d11b3ed0a82c1c4e03d25db297dd3338c,3930,pdf_61,6dda18b7ffb9a73296045d0dd81965bec27f7cbccc7ef862c8bf458d206599e2,data/raw/pdfs/61_เพชรบุรี.pdf,1,12,25.84252,222.1465,1088.834638181818,235.44650000000001
pdf_67:p3:r24,rec_98dd2e857c6e67b5592add34aa23704184878462085a01bc542ae7743079ef43,3931,pdf_67,b66fc9f9229750b7a04c0e5c07c072d77eb0800ed604da819fb28b6c4a75a636,data/raw/pdfs/67_สุราษฎร์ธานี.pdf,3,24,25.84252,345.24256,1088.8346404878048,358.54256
pdf_70:p2:r28,rec_5864088af8fc46cde90f73ab0fd6139176a52bd66948fc6d62f32e738b0e37ed,3932,pdf_70,dd0c8cec48b7f0994639864765a097630785c0e22135d674cb3057f22c0f80ab,data/raw/pdfs/70_สงขลา.pdf,2,28,25.84252,398.44259999999997,1088.8346391666664,411.7425999999999
pdf_15:p2:r16,rec_7c5f8734e126016c5780c5025f25a01c31658a5f0f7c0686d1178f285a3b932f,3933,pdf_15,bf99cdf12418fcdc90b3c1c739fd4e7e09ca40818852ca43bcd1c3284b3cf084,data/raw/pdfs/15_ฉะเชิงเทรา.pdf,2,16,25.84252,238.84256,1088.8346404878048,252.14255999999995
pdf_43:p1:r2,rec_afe718128c329f3c861f0eca54bf300f24a6613477706c61e5be4d12486f90de,3934,pdf_43,edb270fe62c998ddd1ab10ecfe3b80a9ebcafcd12ad7a426b34c631deae32c4f,data/raw/pdfs/43_น่าน.pdf,1,2,25.842519999999997,97.6465,1088.834628333333,110.94650000000001
pdf_52:p2:r3,rec_bf54a9f363956d2cb1658d2e543f0b09534a5ef8c93caf6ff6a48b9699d94c17,3935,pdf_52,9cb0d6cf6dff8fc890e8435c67310ba7051a6c49c0a0cbb9b817f49c8ece0551,data/raw/pdfs/52_พิษณุโลก.pdf,2,3,25.84252,65.94259999999997,1088.834594285714,79.24259999999998
pdf_04:p3:r15,rec_a71a775c2d3693abfbf6b3de6bd6db40855654dcc4c727d84d881270e75267ea,3936,pdf_04,83861a2a02db33dda27703227bb90cd50ba1b9144123e42912f926c1d1043c39,data/raw/pdfs/04_ปทุมธานี.pdf,3,15,25.84252,225.54255999999995,1088.8346404878048,238.84256
pdf_60:p1:r17,rec_66379438a6cf52847d3f0a0c12acd9f70669c98b998d1252689bbb54ef09dae7,3937,pdf_60,83005eabe1d9070b5592477278ea610755bdcb54fea6e719fee81b3b098eaa28,data/raw/pdfs/60_สมุทรสงคราม.pdf,1,17,25.842520000000004,288.6465,1088.8346403703702,301.9465
pdf_53:p1:r3,rec_dfd4d38f8afb7056bedb0baa0ebc94d494a73940528f37a0b03cb08e0d7f2289,3938,pdf_53,41aaaf3a91961ab9b2dee694f50d9a086d1ad80beffe1b54e81370016a11cb14,data/raw/pdfs/53_พิจิตร.pdf,1,3,25.84252,110.94649000000004,1088.8346429729727,124.24649
pdf_02:p1:r6,rec_95903893e0288038888b22499d73fe59f9f612b83d16155b78a9a837bab4f727,3939,pdf_02,368a15805d33fb210ed50297795f7f50bf822054e05b59bf71bfa25bee0f3a3c,data/raw/pdfs/02_สมุทรปราการ.pdf,1,6,25.84252,142.34649000000002,1088.8346429729727,155.64648999999997
pdf_55:p1:r10,rec_0d3efa4b731458754f7b3663222130d22d59cf036b0ca171a66b9775b5c7922f,3940,pdf_55,fe2373eb0d81516b45b09f5bb593a35bc32f505875cafd93f214ca6bc310c4d4,data/raw/pdfs/55_ราชบุรี.pdf,1,10,25.84252,195.54648999999995,1088.8346429729727,208.84649
pdf_66:p3:r35,rec_3720ba80dfa4d2490a1267bc0085bd5395cb996f133107a8f81425b8ecc7ee0a,3941,pdf_66,012255400d37e8c732ded7ebc3c018108c8f4aa391112b3f6d6515d21e797ab6,data/raw/pdfs/66_ภูเก็ต.pdf,3,35,25.84252,491.54256000000004,1088.8346397368418,504.84256
pdf_10:p2:r27,rec_a730a67eb2361fcdbe8c751b463694fa60e995097ec081f135e7746ff63a5090,3942,pdf_10,5e0a433bc2cc307479a32d344bf5b0b4f006af0a3d0ccc1493fb587c885896c1,data/raw/pdfs/10_สระบุรี.pdf,2,27,25.84252,385.14256,1088.8346404878048,398.44255999999996
pdf_05:p1:r29,rec_fb6d2995ae1cf87a522cf25b7e10135f49fc8b84eae9cbbfe5cf6ac17791c561,3943,pdf_05,ae1ba5ac5ef768c29045f4282a9047c71474a8d654003bfa51574874b3f415fc,data/raw/pdfs/05_พระนครศรีอยุธยา.pdf,1,29,25.84252,448.24649,1088.8346429729727,461.54649
pdf_03:p5:r14,rec_447f8ea0d689c7e272501b99352b8b705bc6eee95d4835077de552539ba96668,3944,pdf_03,7dd9e7f51732791c63183067d85d18d20f856edf0c2dff89dbda84d866df2d62,data/raw/pdfs/03_นนทบุรี.pdf,5,14,25.84252,212.24259999999998,1088.8346391666664,225.5426
pdf_19:p2:r3,rec_d1f10a29a7ae329e109d5b23a926c3bdb802136d6ab758a7fbe0fa5a2e1ecefc,3945,pdf_19,2fbc685c790d957bd597a9ae4cbc69a07dacbb20cab611015cf1ce2eecd5982c,data/raw/pdfs/19_นครราชสีมา.pdf,2,3,25.84252,65.94255999999996,1088.8346404878048,79.24255999999997
pdf_67:p1:r34,rec_52d76cd2afca83be5fd92b2e2b1d1f9b1429e7c70bd5e4140b3df3db9422fbf9,3946,pdf_67,b66fc9f9229750b7a04c0e5c07c072d77eb0800ed604da819fb28b6c4a75a636,data/raw/pdfs/67_สุราษฎร์ธานี.pdf,1,34,25.84252,514.74649,1088.8346429729727,528.04649
pdf_46:p1:r6,rec_24ecc45cf320980391e4da5ff30bda61bd8cc1ce05f89f94e675a493cb8a4fc1,3947,pdf_46,06c4f6b2edd8aec0be7828038556b5b7aec2393f710ca692324db2369d00d382,data/raw/pdfs/46_แม่ฮ่องสอน.pdf,1,6,25.84252,142.3465,1088.834638181818,155.6465
pdf_02:p3:r11,rec_0c480858b25b3ab92cdf3e8e16be63bd3242f67fe1a5066cf53afe12871a352c,3948,pdf_02,368a15805d33fb210ed50297795f7f50bf822054e05b59bf71bfa25bee0f3a3c,data/raw/pdfs/02_สมุทรปราการ.pdf,3,11,25.84252,172.3426,1088.8346343999997,185.64260000000002
pdf_11:p3:r9,rec_07bfe9838884926098c02772842f58847ee531269d4b5c354dc3c71ef608ae0a,3949,pdf_11,3638acfefe295becff8609b6ee16edeea0914e518d215754813661f1c0a3f79b,data/raw/pdfs/11_ชลบุรี.pdf,3,9,25.842519999999997,145.74259999999998,1088.8346175,159.0426
pdf_72:p2:r1,rec_3117be2367282d781f86e768cf296eed57ad477e86b0c0cd0e5ac34c9e233191,3950,pdf_72,04f947c56ddf01a73b376cdbb3099e393f9141fff3fec2504b9e031114606073,data/raw/pdfs/72_ตรัง.pdf,2,1,25.84252,39.342559999999935,1088.8346402499997,52.64256
pdf_40:p1:r13,rec_004f4d67f7e803c26f729d59847e7066e0218d0c2b5adfafb2ed5e8b07fe97f6,3951,pdf_40,89bea4e9a200e8f073d048a2ed2a881a1e01108b8c12f1e050317b845aac6b1d,data/raw/pdfs/40_ลำปาง.pdf,1,13,25.84252,235.44649000000004,1088.8346429729727,248.74649
pdf_19:p4:r18,rec_7fc29d33d719f1055ad8613d022832490bf070241353c6ddf816dcdb530287ee,3952,pdf_19,2fbc685c790d957bd597a9ae4cbc69a07dacbb20cab611015cf1ce2eecd5982c,data/raw/pdfs/19_นครราชสีมา.pdf,4,18,25.84252,265.44255999999996,1088.8346404878048,278.74255999999997
pdf_56:p2:r15,rec_9dbcd7242fdcfc04902e22a07c3f6cc585555afe530a12c168b1c52c7f303138,3953,pdf_56,f0ce416ab9d3f527c2052960422068d0564c2b8833f2a75d05cab7aa8280b0d5,data/raw/pdfs/56_กาญจนบุรี.pdf,2,15,25.84252,225.54255999999995,1088.8346394594591,238.84256
pdf_61:p1:r17,rec_1f9bbe87cab2980924472bdb0def544f0c536ca6e904ea4a45553ef9dd464f79,3954,pdf_61,6dda18b7ffb9a73296045d0dd81965bec27f7cbccc7ef862c8bf458d206599e2,data/raw/pdfs/61_เพชรบุรี.pdf,1,17,25.84252,288.6465,1088.834638181818,301.9465
pdf_49:p1:r28,rec_2cc7e610bb253d5deb1bfd776812438a878bbd4cfe68de63542302d2db845899,3955,pdf_49,6ada8eb27a34993420ed8c6db69aa4ae13ff4283abdb43b9d76a05d6794f6a27,data/raw/pdfs/49_กำแพงเพชร.pdf,1,28,25.84252,434.94649,1088.8346429729727,448.24649
pdf_64:p2:r14,rec_2044bd485c831dc44ea7c929bb61841507eee026f8dc8d7725c0198a499489df,3956,pdf_64,a4e4abc03757d1e14ce1bfb2e426567faeea8fce3152123821e712496872240e,data/raw/pdfs/64_กระบี่.pdf,2,14,25.84252,212.24255999999997,1088.8346404878048,225.54255999999995
pdf_76:p2:r25,rec_b2c9ee69653a0bf6766093b3ec09ee0ddb43731ff6550bfee71daad88baaae83,3957,pdf_76,474bb90a38c020bbc86d90180af2b062867ed6a1db6999d709acff810fd5d84d,data/raw/pdfs/76_นราธิวาส.pdf,2,25,25.84252,358.5426,1088.8346369999997,371.8426
pdf_74:p2:r27,rec_6b712e6aa9a1fee84d24629654b01780b94633cda17d6b3c67b9edb78da06bb5,3958,pdf_74,a740362f586a24f46fcc09fc1a1bc6391556e4c9bc432141903734f7833f39db,data/raw/pdfs/74_ปัตตานี.pdf,2,27,25.84252,385.14256,1088.8346404878048,398.44255999999996
pdf_76:p1:r20,rec_87fca9c4a1b40b607c7d900d3db903ffab9b1335879356dd42bad55f505f1d0e,3959,pdf_76,474bb90a38c020bbc86d90180af2b062867ed6a1db6999d709acff810fd5d84d,data/raw/pdfs/76_นราธิวาส.pdf,1,20,25.84252,328.54649,1088.8346429729727,341.84649
pdf_72:p1:r8,rec_e812b8a2410fa4969f32e114c17bfeb93df4a41dbe53e3bc354d9c5166fedab9,3960,pdf_72,04f947c56ddf01a73b376cdbb3099e393f9141fff3fec2504b9e031114606073,data/raw/pdfs/72_ตรัง.pdf,1,8,25.84252,168.94649000000004,1088.8346429729727,182.24649
pdf_70:p2:r22,rec_0492bd339087a70ff04a31010e0e8f0972dd3483557606ed7767b08bdfb54c63,3961,pdf_70,dd0c8cec48b7f0994639864765a097630785c0e22135d674cb3057f22c0f80ab,data/raw/pdfs/70_สงขลา.pdf,2,22,25.84252,318.6426,1088.8346391666664,331.94259999999997
pdf_73:p2:r12,rec_902cbdff97d17a4555791629432b0d9d0ebf21be03e03447fdd3a60070276b3d,3962,pdf_73,8a9a8b1fb9d81eb7f2d76afa1f886621ea38587fc4c60902bc317398649ff90e,data/raw/pdfs/73_พัทลุง.pdf,2,12,25.84252,185.64255999999995,1088.8346404878048,198.94255999999996
pdf_72:p2:r24,rec_7bba76bd88cade24682ae3ddd6b26823991c827ab7c2ad6acde4d70fd54fd8e2,3963,pdf_72,04f947c56ddf01a73b376cdbb3099e393f9141fff3fec2504b9e031114606073,data/raw/pdfs/72_ตรัง.pdf,2,24,25.84252,345.24256,1088.8346402499997,358.54256
pdf_03:p2:r25,rec_8d144ea49836218459478cbd544c1c2deb76eeb8301a3c774d02abe0c0356655,3964,pdf_03,7dd9e7f51732791c63183067d85d18d20f856edf0c2dff89dbda84d866df2d62,data/raw/pdfs/03_นนทบุรี.pdf,2,25,25.84252,358.54256,1088.8346404878048,371.84256
pdf_72:p1:r20,rec_ac911ebe4f251ae122e100c8a977334a88e8d5684cf44a7f88e5a64a906f6e39,3965,pdf_72,04f947c56ddf01a73b376cdbb3099e393f9141fff3fec2504b9e031114606073,data/raw/pdfs/72_ตรัง.pdf,1,20,25.84252,328.54649,1088.8346429729727,341.84649
pdf_64:p3:r34,rec_5f907264183a9e52d50f0ce38d7b60fd03c380b6e08765e7a3b5a0f524fc05b2,3966,pdf_64,a4e4abc03757d1e14ce1bfb2e426567faeea8fce3152123821e712496872240e,data/raw/pdfs/64_กระบี่.pdf,3,34,25.84252,478.24256,1088.8346404878048,491.54256
